game_index,event,date,round,white,black,result,ply,color,player,move,rank,best_move,depth_best,depth_min,depth_max
128,National Open 2021,2021.06.16,1.10,"Niemann, Hans Moke","Oberoi, Shelev",1-0,0,white,"Niemann, Hans Moke",d4,B,,,,
128,National Open 2021,2021.06.16,1.10,"Niemann, Hans Moke","Oberoi, Shelev",1-0,1,black,"Oberoi, Shelev",Nf6,B,,,,
128,National Open 2021,2021.06.16,1.10,"Niemann, Hans Moke","Oberoi, Shelev",1-0,2,white,"Niemann, Hans Moke",c4,B,,,,
128,National Open 2021,2021.06.16,1.10,"Niemann, Hans Moke","Oberoi, Shelev",1-0,3,black,"Oberoi, Shelev",g6,B,,,,
128,National Open 2021,2021.06.16,1.10,"Niemann, Hans Moke","Oberoi, Shelev",1-0,4,white,"Niemann, Hans Moke",Nc3,B,,,,
128,National Open 2021,2021.06.16,1.10,"Niemann, Hans Moke","Oberoi, Shelev",1-0,5,black,"Oberoi, Shelev",Bg7,B,,,,
128,National Open 2021,2021.06.16,1.10,"Niemann, Hans Moke","Oberoi, Shelev",1-0,6,white,"Niemann, Hans Moke",e4,B,,,,
128,National Open 2021,2021.06.16,1.10,"Niemann, Hans Moke","Oberoi, Shelev",1-0,7,black,"Oberoi, Shelev",d6,B,,,,
128,National Open 2021,2021.06.16,1.10,"Niemann, Hans Moke","Oberoi, Shelev",1-0,8,white,"Niemann, Hans Moke",Be2,B,,,,
128,National Open 2021,2021.06.16,1.10,"Niemann, Hans Moke","Oberoi, Shelev",1-0,9,black,"Oberoi, Shelev",O-O,B,,,,
128,National Open 2021,2021.06.16,1.10,"Niemann, Hans Moke","Oberoi, Shelev",1-0,10,white,"Niemann, Hans Moke",Be3,B,,,,
128,National Open 2021,2021.06.16,1.10,"Niemann, Hans Moke","Oberoi, Shelev",1-0,11,black,"Oberoi, Shelev",c5,B,,,,
128,National Open 2021,2021.06.16,1.10,"Niemann, Hans Moke","Oberoi, Shelev",1-0,12,white,"Niemann, Hans Moke",d5,B,,,,
128,National Open 2021,2021.06.16,1.10,"Niemann, Hans Moke","Oberoi, Shelev",1-0,13,black,"Oberoi, Shelev",e6,B,,,,
128,National Open 2021,2021.06.16,1.10,"Niemann, Hans Moke","Oberoi, Shelev",1-0,14,white,"Niemann, Hans Moke",Nf3,1,Nf3,17,16,17
128,National Open 2021,2021.06.16,1.10,"Niemann, Hans Moke","Oberoi, Shelev",1-0,15,black,"Oberoi, Shelev",exd5,B,,,,
128,National Open 2021,2021.06.16,1.10,"Niemann, Hans Moke","Oberoi, Shelev",1-0,16,white,"Niemann, Hans Moke",cxd5,1,cxd5,18,17,18
128,National Open 2021,2021.06.16,1.10,"Niemann, Hans Moke","Oberoi, Shelev",1-0,17,black,"Oberoi, Shelev",b5,2,Bg4,17,17,17
128,National Open 2021,2021.06.16,1.10,"Niemann, Hans Moke","Oberoi, Shelev",1-0,18,white,"Niemann, Hans Moke",e5,1,e5,17,17,17
128,National Open 2021,2021.06.16,1.10,"Niemann, Hans Moke","Oberoi, Shelev",1-0,19,black,"Oberoi, Shelev",Ng4,2,dxe5,17,16,17
128,National Open 2021,2021.06.16,1.10,"Niemann, Hans Moke","Oberoi, Shelev",1-0,20,white,"Niemann, Hans Moke",Bg5,1,Bg5,18,18,18
128,National Open 2021,2021.06.16,1.10,"Niemann, Hans Moke","Oberoi, Shelev",1-0,21,black,"Oberoi, Shelev",Qb6,1,Qb6,17,16,17
128,National Open 2021,2021.06.16,1.10,"Niemann, Hans Moke","Oberoi, Shelev",1-0,22,white,"Niemann, Hans Moke",exd6,2,e6,17,16,17
128,National Open 2021,2021.06.16,1.10,"Niemann, Hans Moke","Oberoi, Shelev",1-0,23,black,"Oberoi, Shelev",c4,8,b4,17,16,17
128,National Open 2021,2021.06.16,1.10,"Niemann, Hans Moke","Oberoi, Shelev",1-0,24,white,"Niemann, Hans Moke",O-O,1,O-O,16,15,16
128,National Open 2021,2021.06.16,1.10,"Niemann, Hans Moke","Oberoi, Shelev",1-0,25,black,"Oberoi, Shelev",Nd7,1,Nd7,17,16,17
128,National Open 2021,2021.06.16,1.10,"Niemann, Hans Moke","Oberoi, Shelev",1-0,26,white,"Niemann, Hans Moke",Be7,1,Be7,16,15,16
128,National Open 2021,2021.06.16,1.10,"Niemann, Hans Moke","Oberoi, Shelev",1-0,27,black,"Oberoi, Shelev",Re8,4,Bb7,17,16,17
128,National Open 2021,2021.06.16,1.10,"Niemann, Hans Moke","Oberoi, Shelev",1-0,28,white,"Niemann, Hans Moke",a4,1,a4,16,15,16
128,National Open 2021,2021.06.16,1.10,"Niemann, Hans Moke","Oberoi, Shelev",1-0,29,black,"Oberoi, Shelev",Nge5,5,b4,17,16,17
128,National Open 2021,2021.06.16,1.10,"Niemann, Hans Moke","Oberoi, Shelev",1-0,30,white,"Niemann, Hans Moke",Nd4,>10,Nxb5,17,16,17
128,National Open 2021,2021.06.16,1.10,"Niemann, Hans Moke","Oberoi, Shelev",1-0,31,black,"Oberoi, Shelev",b4,1,b4,17,16,17
128,National Open 2021,2021.06.16,1.10,"Niemann, Hans Moke","Oberoi, Shelev",1-0,32,white,"Niemann, Hans Moke",Ncb5,1,Ncb5,17,16,17
128,National Open 2021,2021.06.16,1.10,"Niemann, Hans Moke","Oberoi, Shelev",1-0,33,black,"Oberoi, Shelev",Bb7,1,Bb7,17,16,17
128,National Open 2021,2021.06.16,1.10,"Niemann, Hans Moke","Oberoi, Shelev",1-0,34,white,"Niemann, Hans Moke",Bg5,7,a5,17,16,17
128,National Open 2021,2021.06.16,1.10,"Niemann, Hans Moke","Oberoi, Shelev",1-0,35,black,"Oberoi, Shelev",a6,1,a6,16,15,16
128,National Open 2021,2021.06.16,1.10,"Niemann, Hans Moke","Oberoi, Shelev",1-0,36,white,"Niemann, Hans Moke",a5,1,a5,18,17,18
128,National Open 2021,2021.06.16,1.10,"Niemann, Hans Moke","Oberoi, Shelev",1-0,37,black,"Oberoi, Shelev",Qc5,1,Qc5,17,16,17
128,National Open 2021,2021.06.16,1.10,"Niemann, Hans Moke","Oberoi, Shelev",1-0,38,white,"Niemann, Hans Moke",Nc7,1,Nc7,17,17,17
128,National Open 2021,2021.06.16,1.10,"Niemann, Hans Moke","Oberoi, Shelev",1-0,39,black,"Oberoi, Shelev",Qxd6,1,Qxd6,17,16,17
128,National Open 2021,2021.06.16,1.10,"Niemann, Hans Moke","Oberoi, Shelev",1-0,40,white,"Niemann, Hans Moke",Nxe8,1,Nxe8,18,17,18
128,National Open 2021,2021.06.16,1.10,"Niemann, Hans Moke","Oberoi, Shelev",1-0,41,black,"Oberoi, Shelev",Qxd5,1,Qxd5,17,16,17
128,National Open 2021,2021.06.16,1.10,"Niemann, Hans Moke","Oberoi, Shelev",1-0,42,white,"Niemann, Hans Moke",Nf3,1,Nf3,21,21,21
128,National Open 2021,2021.06.16,1.10,"Niemann, Hans Moke","Oberoi, Shelev",1-0,43,black,"Oberoi, Shelev",Rxe8,1,Rxe8,18,17,18
128,National Open 2021,2021.06.16,1.10,"Niemann, Hans Moke","Oberoi, Shelev",1-0,44,white,"Niemann, Hans Moke",Bd2,6,Qxd5,17,16,17
128,National Open 2021,2021.06.16,1.10,"Niemann, Hans Moke","Oberoi, Shelev",1-0,45,black,"Oberoi, Shelev",Nc5,10,b3,17,16,17
128,National Open 2021,2021.06.16,1.10,"Niemann, Hans Moke","Oberoi, Shelev",1-0,46,white,"Niemann, Hans Moke",Bxb4,1,Bxb4,17,16,17
128,National Open 2021,2021.06.16,1.10,"Niemann, Hans Moke","Oberoi, Shelev",1-0,47,black,"Oberoi, Shelev",Ncd3,1,Ncd3,18,17,18
128,National Open 2021,2021.06.16,1.10,"Niemann, Hans Moke","Oberoi, Shelev",1-0,48,white,"Niemann, Hans Moke",Bc3,1,Bc3,18,17,18
128,National Open 2021,2021.06.16,1.10,"Niemann, Hans Moke","Oberoi, Shelev",1-0,49,black,"Oberoi, Shelev",Nf4,1,Nf4,16,16,16
128,National Open 2021,2021.06.16,1.10,"Niemann, Hans Moke","Oberoi, Shelev",1-0,50,white,"Niemann, Hans Moke",Re1,1,Re1,17,16,17
128,National Open 2021,2021.06.16,1.10,"Niemann, Hans Moke","Oberoi, Shelev",1-0,51,black,"Oberoi, Shelev",Qc6,1,Qc6,16,15,16
128,National Open 2021,2021.06.16,1.10,"Niemann, Hans Moke","Oberoi, Shelev",1-0,52,white,"Niemann, Hans Moke",Bxe5,1,Bxe5,17,16,17
128,National Open 2021,2021.06.16,1.10,"Niemann, Hans Moke","Oberoi, Shelev",1-0,53,black,"Oberoi, Shelev",Rxe5,1,Rxe5,17,16,17
128,National Open 2021,2021.06.16,1.10,"Niemann, Hans Moke","Oberoi, Shelev",1-0,54,white,"Niemann, Hans Moke",Rc1,1,Rc1,17,16,17
128,National Open 2021,2021.06.16,1.10,"Niemann, Hans Moke","Oberoi, Shelev",1-0,55,black,"Oberoi, Shelev",Bf6,10,Rd5,16,15,16
128,National Open 2021,2021.06.16,1.10,"Niemann, Hans Moke","Oberoi, Shelev",1-0,56,white,"Niemann, Hans Moke",Bxc4,1,Bxc4,17,16,17
128,National Open 2021,2021.06.16,1.10,"Niemann, Hans Moke","Oberoi, Shelev",1-0,57,black,"Oberoi, Shelev",Kg7,4,Rxe1+,17,16,17
128,National Open 2021,2021.06.16,1.10,"Niemann, Hans Moke","Oberoi, Shelev",1-0,58,white,"Niemann, Hans Moke",Re3,7,Rxe5,18,17,18
128,National Open 2021,2021.06.16,1.10,"Niemann, Hans Moke","Oberoi, Shelev",1-0,59,black,"Oberoi, Shelev",Re4,>10,Rg5,17,16,17
128,National Open 2021,2021.06.16,1.10,"Niemann, Hans Moke","Oberoi, Shelev",1-0,60,white,"Niemann, Hans Moke",Rxe4,2,Bxf7,18,18,18
128,National Open 2021,2021.06.16,1.10,"Niemann, Hans Moke","Oberoi, Shelev",1-0,61,black,"Oberoi, Shelev",Be5,10,Qxe4,16,16,16
128,National Open 2021,2021.06.16,1.10,"Niemann, Hans Moke","Oberoi, Shelev",1-0,62,white,"Niemann, Hans Moke",Bf1,>10,Rxe5,17,17,17
128,National Open 2021,2021.06.16,1.10,"Niemann, Hans Moke","Oberoi, Shelev",1-0,63,black,"Oberoi, Shelev",Qxe4,1,Qxe4,15,14,15
128,National Open 2021,2021.06.16,1.10,"Niemann, Hans Moke","Oberoi, Shelev",1-0,64,white,"Niemann, Hans Moke",Rc4,1,Rc4,18,17,18
128,National Open 2021,2021.06.16,1.10,"Niemann, Hans Moke","Oberoi, Shelev",1-0,65,black,"Oberoi, Shelev",Qf5,2,Nh3+,15,15,15
128,National Open 2021,2021.06.16,1.10,"Niemann, Hans Moke","Oberoi, Shelev",1-0,66,white,"Niemann, Hans Moke",Nxe5,1,Nxe5,18,18,18
129,National Open 2021,2021.06.17,2.6,"Colas, Joshua","Niemann, Hans Moke",0-1,0,white,"Colas, Joshua",c4,B,,,,
129,National Open 2021,2021.06.17,2.6,"Colas, Joshua","Niemann, Hans Moke",0-1,1,black,"Niemann, Hans Moke",c6,B,,,,
129,National Open 2021,2021.06.17,2.6,"Colas, Joshua","Niemann, Hans Moke",0-1,2,white,"Colas, Joshua",e4,B,,,,
129,National Open 2021,2021.06.17,2.6,"Colas, Joshua","Niemann, Hans Moke",0-1,3,black,"Niemann, Hans Moke",d5,B,,,,
129,National Open 2021,2021.06.17,2.6,"Colas, Joshua","Niemann, Hans Moke",0-1,4,white,"Colas, Joshua",exd5,B,,,,
129,National Open 2021,2021.06.17,2.6,"Colas, Joshua","Niemann, Hans Moke",0-1,5,black,"Niemann, Hans Moke",cxd5,B,,,,
129,National Open 2021,2021.06.17,2.6,"Colas, Joshua","Niemann, Hans Moke",0-1,6,white,"Colas, Joshua",d4,B,,,,
129,National Open 2021,2021.06.17,2.6,"Colas, Joshua","Niemann, Hans Moke",0-1,7,black,"Niemann, Hans Moke",Nf6,B,,,,
129,National Open 2021,2021.06.17,2.6,"Colas, Joshua","Niemann, Hans Moke",0-1,8,white,"Colas, Joshua",Nc3,B,,,,
129,National Open 2021,2021.06.17,2.6,"Colas, Joshua","Niemann, Hans Moke",0-1,9,black,"Niemann, Hans Moke",g6,B,,,,
129,National Open 2021,2021.06.17,2.6,"Colas, Joshua","Niemann, Hans Moke",0-1,10,white,"Colas, Joshua",cxd5,B,,,,
129,National Open 2021,2021.06.17,2.6,"Colas, Joshua","Niemann, Hans Moke",0-1,11,black,"Niemann, Hans Moke",Bg7,B,,,,
129,National Open 2021,2021.06.17,2.6,"Colas, Joshua","Niemann, Hans Moke",0-1,12,white,"Colas, Joshua",Bb5+,B,,,,
129,National Open 2021,2021.06.17,2.6,"Colas, Joshua","Niemann, Hans Moke",0-1,13,black,"Niemann, Hans Moke",Nbd7,B,,,,
129,National Open 2021,2021.06.17,2.6,"Colas, Joshua","Niemann, Hans Moke",0-1,14,white,"Colas, Joshua",Nge2,>10,d6,18,17,18
129,National Open 2021,2021.06.17,2.6,"Colas, Joshua","Niemann, Hans Moke",0-1,15,black,"Niemann, Hans Moke",a6,1,a6,17,16,17
129,National Open 2021,2021.06.17,2.6,"Colas, Joshua","Niemann, Hans Moke",0-1,16,white,"Colas, Joshua",Bxd7+,3,Bd3,18,17,18
129,National Open 2021,2021.06.17,2.6,"Colas, Joshua","Niemann, Hans Moke",0-1,17,black,"Niemann, Hans Moke",Qxd7,1,Qxd7,20,19,20
129,National Open 2021,2021.06.17,2.6,"Colas, Joshua","Niemann, Hans Moke",0-1,18,white,"Colas, Joshua",Qb3,3,O-O,18,17,18
129,National Open 2021,2021.06.17,2.6,"Colas, Joshua","Niemann, Hans Moke",0-1,19,black,"Niemann, Hans Moke",O-O,1,O-O,19,18,19
129,National Open 2021,2021.06.17,2.6,"Colas, Joshua","Niemann, Hans Moke",0-1,20,white,"Colas, Joshua",O-O,3,Bg5,18,17,18
129,National Open 2021,2021.06.17,2.6,"Colas, Joshua","Niemann, Hans Moke",0-1,21,black,"Niemann, Hans Moke",Rd8,1,Rd8,19,18,19
129,National Open 2021,2021.06.17,2.6,"Colas, Joshua","Niemann, Hans Moke",0-1,22,white,"Colas, Joshua",Bg5,1,Bg5,18,17,18
129,National Open 2021,2021.06.17,2.6,"Colas, Joshua","Niemann, Hans Moke",0-1,23,black,"Niemann, Hans Moke",Qg4,>10,b5,18,17,18
129,National Open 2021,2021.06.17,2.6,"Colas, Joshua","Niemann, Hans Moke",0-1,24,white,"Colas, Joshua",Bf4,1,Bf4,18,17,18
129,National Open 2021,2021.06.17,2.6,"Colas, Joshua","Niemann, Hans Moke",0-1,25,black,"Niemann, Hans Moke",b5,2,Qd7,17,17,17
129,National Open 2021,2021.06.17,2.6,"Colas, Joshua","Niemann, Hans Moke",0-1,26,white,"Colas, Joshua",Be5,>10,Bc7,17,17,17
129,National Open 2021,2021.06.17,2.6,"Colas, Joshua","Niemann, Hans Moke",0-1,27,black,"Niemann, Hans Moke",Bb7,1,Bb7,17,16,17
129,National Open 2021,2021.06.17,2.6,"Colas, Joshua","Niemann, Hans Moke",0-1,28,white,"Colas, Joshua",Bxf6,3,h3,18,17,18
129,National Open 2021,2021.06.17,2.6,"Colas, Joshua","Niemann, Hans Moke",0-1,29,black,"Niemann, Hans Moke",Bxf6,1,Bxf6,18,17,18
129,National Open 2021,2021.06.17,2.6,"Colas, Joshua","Niemann, Hans Moke",0-1,30,white,"Colas, Joshua",a4,1,a4,17,17,17
129,National Open 2021,2021.06.17,2.6,"Colas, Joshua","Niemann, Hans Moke",0-1,31,black,"Niemann, Hans Moke",Rab8,2,b4,19,18,19
129,National Open 2021,2021.06.17,2.6,"Colas, Joshua","Niemann, Hans Moke",0-1,32,white,"Colas, Joshua",axb5,1,axb5,18,17,18
129,National Open 2021,2021.06.17,2.6,"Colas, Joshua","Niemann, Hans Moke",0-1,33,black,"Niemann, Hans Moke",axb5,1,axb5,19,19,19
129,National Open 2021,2021.06.17,2.6,"Colas, Joshua","Niemann, Hans Moke",0-1,34,white,"Colas, Joshua",h3,2,Ra5,17,16,17
129,National Open 2021,2021.06.17,2.6,"Colas, Joshua","Niemann, Hans Moke",0-1,35,black,"Niemann, Hans Moke",Qg5,1,Qg5,19,18,19
129,National Open 2021,2021.06.17,2.6,"Colas, Joshua","Niemann, Hans Moke",0-1,36,white,"Colas, Joshua",f4,>10,Rfd1,18,17,18
129,National Open 2021,2021.06.17,2.6,"Colas, Joshua","Niemann, Hans Moke",0-1,37,black,"Niemann, Hans Moke",Qf5,1,Qf5,18,17,18
129,National Open 2021,2021.06.17,2.6,"Colas, Joshua","Niemann, Hans Moke",0-1,38,white,"Colas, Joshua",Qxb5,1,Qxb5,18,18,18
129,National Open 2021,2021.06.17,2.6,"Colas, Joshua","Niemann, Hans Moke",0-1,39,black,"Niemann, Hans Moke",Bxd5,1,Bxd5,17,16,17
129,National Open 2021,2021.06.17,2.6,"Colas, Joshua","Niemann, Hans Moke",0-1,40,white,"Colas, Joshua",Qa5,1,Qa5,17,16,17
129,National Open 2021,2021.06.17,2.6,"Colas, Joshua","Niemann, Hans Moke",0-1,41,black,"Niemann, Hans Moke",Bc4,>10,Rd6,16,15,16
129,National Open 2021,2021.06.17,2.6,"Colas, Joshua","Niemann, Hans Moke",0-1,42,white,"Colas, Joshua",Qxf5,1,Qxf5,17,16,17
129,National Open 2021,2021.06.17,2.6,"Colas, Joshua","Niemann, Hans Moke",0-1,43,black,"Niemann, Hans Moke",gxf5,1,gxf5,16,15,16
129,National Open 2021,2021.06.17,2.6,"Colas, Joshua","Niemann, Hans Moke",0-1,44,white,"Colas, Joshua",Rfb1,1,Rfb1,17,16,17
129,National Open 2021,2021.06.17,2.6,"Colas, Joshua","Niemann, Hans Moke",0-1,45,black,"Niemann, Hans Moke",Bxe2,7,e6,17,16,17
129,National Open 2021,2021.06.17,2.6,"Colas, Joshua","Niemann, Hans Moke",0-1,46,white,"Colas, Joshua",Nxe2,1,Nxe2,17,16,17
129,National Open 2021,2021.06.17,2.6,"Colas, Joshua","Niemann, Hans Moke",0-1,47,black,"Niemann, Hans Moke",Bxd4+,1,Bxd4+,20,19,20
129,National Open 2021,2021.06.17,2.6,"Colas, Joshua","Niemann, Hans Moke",0-1,48,white,"Colas, Joshua",Nxd4,1,Nxd4,21,21,21
129,National Open 2021,2021.06.17,2.6,"Colas, Joshua","Niemann, Hans Moke",0-1,49,black,"Niemann, Hans Moke",Rxd4,1,Rxd4,18,17,18
129,National Open 2021,2021.06.17,2.6,"Colas, Joshua","Niemann, Hans Moke",0-1,50,white,"Colas, Joshua",Ra7,3,b4,19,18,19
129,National Open 2021,2021.06.17,2.6,"Colas, Joshua","Niemann, Hans Moke",0-1,51,black,"Niemann, Hans Moke",e6,2,Kf8,20,19,20
129,National Open 2021,2021.06.17,2.6,"Colas, Joshua","Niemann, Hans Moke",0-1,52,white,"Colas, Joshua",Rc1,5,b4,19,19,19
129,National Open 2021,2021.06.17,2.6,"Colas, Joshua","Niemann, Hans Moke",0-1,53,black,"Niemann, Hans Moke",Rxf4,1,Rxf4,21,20,21
129,National Open 2021,2021.06.17,2.6,"Colas, Joshua","Niemann, Hans Moke",0-1,54,white,"Colas, Joshua",Rcc7,1,Rcc7,20,19,20
129,National Open 2021,2021.06.17,2.6,"Colas, Joshua","Niemann, Hans Moke",0-1,55,black,"Niemann, Hans Moke",Rf8,1,Rf8,22,21,22
129,National Open 2021,2021.06.17,2.6,"Colas, Joshua","Niemann, Hans Moke",0-1,56,white,"Colas, Joshua",Rab7,2,b3,18,17,18
129,National Open 2021,2021.06.17,2.6,"Colas, Joshua","Niemann, Hans Moke",0-1,57,black,"Niemann, Hans Moke",h5,1,h5,19,18,19
129,National Open 2021,2021.06.17,2.6,"Colas, Joshua","Niemann, Hans Moke",0-1,58,white,"Colas, Joshua",b4,3,b3,18,17,18
129,National Open 2021,2021.06.17,2.6,"Colas, Joshua","Niemann, Hans Moke",0-1,59,black,"Niemann, Hans Moke",h4,1,h4,19,18,19
129,National Open 2021,2021.06.17,2.6,"Colas, Joshua","Niemann, Hans Moke",0-1,60,white,"Colas, Joshua",Kh2,2,b5,18,17,18
129,National Open 2021,2021.06.17,2.6,"Colas, Joshua","Niemann, Hans Moke",0-1,61,black,"Niemann, Hans Moke",Rf1,1,Rf1,20,19,20
129,National Open 2021,2021.06.17,2.6,"Colas, Joshua","Niemann, Hans Moke",0-1,62,white,"Colas, Joshua",b5,1,b5,19,18,19
129,National Open 2021,2021.06.17,2.6,"Colas, Joshua","Niemann, Hans Moke",0-1,63,black,"Niemann, Hans Moke",Rd8,3,Kg7,18,17,18
129,National Open 2021,2021.06.17,2.6,"Colas, Joshua","Niemann, Hans Moke",0-1,64,white,"Colas, Joshua",Rd7,1,Rd7,20,19,20
129,National Open 2021,2021.06.17,2.6,"Colas, Joshua","Niemann, Hans Moke",0-1,65,black,"Niemann, Hans Moke",Rxd7,2,Rc8,19,18,19
129,National Open 2021,2021.06.17,2.6,"Colas, Joshua","Niemann, Hans Moke",0-1,66,white,"Colas, Joshua",Rxd7,1,Rxd7,25,24,25
129,National Open 2021,2021.06.17,2.6,"Colas, Joshua","Niemann, Hans Moke",0-1,67,black,"Niemann, Hans Moke",Rb1,1,Rb1,21,20,21
129,National Open 2021,2021.06.17,2.6,"Colas, Joshua","Niemann, Hans Moke",0-1,68,white,"Colas, Joshua",Rd4,1,Rd4,18,17,18
129,National Open 2021,2021.06.17,2.6,"Colas, Joshua","Niemann, Hans Moke",0-1,69,black,"Niemann, Hans Moke",Rxb5,3,e5,20,19,20
129,National Open 2021,2021.06.17,2.6,"Colas, Joshua","Niemann, Hans Moke",0-1,70,white,"Colas, Joshua",Rxh4,1,Rxh4,18,17,18
129,National Open 2021,2021.06.17,2.6,"Colas, Joshua","Niemann, Hans Moke",0-1,71,black,"Niemann, Hans Moke",Kg7,2,Re5,20,20,20
129,National Open 2021,2021.06.17,2.6,"Colas, Joshua","Niemann, Hans Moke",0-1,72,white,"Colas, Joshua",Ra4,4,g3,18,17,18
129,National Open 2021,2021.06.17,2.6,"Colas, Joshua","Niemann, Hans Moke",0-1,73,black,"Niemann, Hans Moke",e5,9,Re5,20,19,20
129,National Open 2021,2021.06.17,2.6,"Colas, Joshua","Niemann, Hans Moke",0-1,74,white,"Colas, Joshua",Ra6,3,h4,17,16,17
129,National Open 2021,2021.06.17,2.6,"Colas, Joshua","Niemann, Hans Moke",0-1,75,black,"Niemann, Hans Moke",f6,2,f4,19,18,19
129,National Open 2021,2021.06.17,2.6,"Colas, Joshua","Niemann, Hans Moke",0-1,76,white,"Colas, Joshua",Kg3,7,h4,17,16,17
129,National Open 2021,2021.06.17,2.6,"Colas, Joshua","Niemann, Hans Moke",0-1,77,black,"Niemann, Hans Moke",Kg6,2,Rb8,18,17,18
129,National Open 2021,2021.06.17,2.6,"Colas, Joshua","Niemann, Hans Moke",0-1,78,white,"Colas, Joshua",Ra8,8,h4,17,16,17
129,National Open 2021,2021.06.17,2.6,"Colas, Joshua","Niemann, Hans Moke",0-1,79,black,"Niemann, Hans Moke",f4+,1,f4+,18,18,18
129,National Open 2021,2021.06.17,2.6,"Colas, Joshua","Niemann, Hans Moke",0-1,80,white,"Colas, Joshua",Kg4,4,Kf2,19,18,19
129,National Open 2021,2021.06.17,2.6,"Colas, Joshua","Niemann, Hans Moke",0-1,81,black,"Niemann, Hans Moke",Rb3,1,Rb3,18,17,18
129,National Open 2021,2021.06.17,2.6,"Colas, Joshua","Niemann, Hans Moke",0-1,82,white,"Colas, Joshua",Kh4,2,Rg8+,16,15,16
129,National Open 2021,2021.06.17,2.6,"Colas, Joshua","Niemann, Hans Moke",0-1,83,black,"Niemann, Hans Moke",Kf5,3,Re3,18,18,18
129,National Open 2021,2021.06.17,2.6,"Colas, Joshua","Niemann, Hans Moke",0-1,84,white,"Colas, Joshua",Rg8,1,Rg8,16,15,16
129,National Open 2021,2021.06.17,2.6,"Colas, Joshua","Niemann, Hans Moke",0-1,85,black,"Niemann, Hans Moke",Rb7,2,Ra3,18,18,18
129,National Open 2021,2021.06.17,2.6,"Colas, Joshua","Niemann, Hans Moke",0-1,86,white,"Colas, Joshua",g4+,1,g4+,18,17,18
129,National Open 2021,2021.06.17,2.6,"Colas, Joshua","Niemann, Hans Moke",0-1,87,black,"Niemann, Hans Moke",Ke4,1,Ke4,19,18,19
129,National Open 2021,2021.06.17,2.6,"Colas, Joshua","Niemann, Hans Moke",0-1,88,white,"Colas, Joshua",Kh5,2,Rh8,18,17,18
129,National Open 2021,2021.06.17,2.6,"Colas, Joshua","Niemann, Hans Moke",0-1,89,black,"Niemann, Hans Moke",f3,1,f3,17,16,17
129,National Open 2021,2021.06.17,2.6,"Colas, Joshua","Niemann, Hans Moke",0-1,90,white,"Colas, Joshua",Rf8,3,Rc8,15,14,15
129,National Open 2021,2021.06.17,2.6,"Colas, Joshua","Niemann, Hans Moke",0-1,91,black,"Niemann, Hans Moke",Rb6,1,Rb6,16,15,16
129,National Open 2021,2021.06.17,2.6,"Colas, Joshua","Niemann, Hans Moke",0-1,92,white,"Colas, Joshua",g5,9,Rc8,13,12,13
129,National Open 2021,2021.06.17,2.6,"Colas, Joshua","Niemann, Hans Moke",0-1,93,black,"Niemann, Hans Moke",f2,1,f2,18,17,18
130,National Open 2021,2021.06.17,3.5,"Niemann, Hans Moke","Wang, Justin",1/2-1/2,0,white,"Niemann, Hans Moke",d4,B,,,,
130,National Open 2021,2021.06.17,3.5,"Niemann, Hans Moke","Wang, Justin",1/2-1/2,1,black,"Wang, Justin",Nf6,B,,,,
130,National Open 2021,2021.06.17,3.5,"Niemann, Hans Moke","Wang, Justin",1/2-1/2,2,white,"Niemann, Hans Moke",c4,B,,,,
130,National Open 2021,2021.06.17,3.5,"Niemann, Hans Moke","Wang, Justin",1/2-1/2,3,black,"Wang, Justin",e6,B,,,,
130,National Open 2021,2021.06.17,3.5,"Niemann, Hans Moke","Wang, Justin",1/2-1/2,4,white,"Niemann, Hans Moke",Nc3,B,,,,
130,National Open 2021,2021.06.17,3.5,"Niemann, Hans Moke","Wang, Justin",1/2-1/2,5,black,"Wang, Justin",Bb4,B,,,,
130,National Open 2021,2021.06.17,3.5,"Niemann, Hans Moke","Wang, Justin",1/2-1/2,6,white,"Niemann, Hans Moke",e3,B,,,,
130,National Open 2021,2021.06.17,3.5,"Niemann, Hans Moke","Wang, Justin",1/2-1/2,7,black,"Wang, Justin",O-O,B,,,,
130,National Open 2021,2021.06.17,3.5,"Niemann, Hans Moke","Wang, Justin",1/2-1/2,8,white,"Niemann, Hans Moke",Bd3,B,,,,
130,National Open 2021,2021.06.17,3.5,"Niemann, Hans Moke","Wang, Justin",1/2-1/2,9,black,"Wang, Justin",d5,B,,,,
130,National Open 2021,2021.06.17,3.5,"Niemann, Hans Moke","Wang, Justin",1/2-1/2,10,white,"Niemann, Hans Moke",Nf3,B,,,,
130,National Open 2021,2021.06.17,3.5,"Niemann, Hans Moke","Wang, Justin",1/2-1/2,11,black,"Wang, Justin",b6,B,,,,
130,National Open 2021,2021.06.17,3.5,"Niemann, Hans Moke","Wang, Justin",1/2-1/2,12,white,"Niemann, Hans Moke",cxd5,B,,,,
130,National Open 2021,2021.06.17,3.5,"Niemann, Hans Moke","Wang, Justin",1/2-1/2,13,black,"Wang, Justin",exd5,B,,,,
130,National Open 2021,2021.06.17,3.5,"Niemann, Hans Moke","Wang, Justin",1/2-1/2,14,white,"Niemann, Hans Moke",O-O,B,,,,
130,National Open 2021,2021.06.17,3.5,"Niemann, Hans Moke","Wang, Justin",1/2-1/2,15,black,"Wang, Justin",Ba6,3,c5,17,16,17
130,National Open 2021,2021.06.17,3.5,"Niemann, Hans Moke","Wang, Justin",1/2-1/2,16,white,"Niemann, Hans Moke",Bxa6,B,,,,
130,National Open 2021,2021.06.17,3.5,"Niemann, Hans Moke","Wang, Justin",1/2-1/2,17,black,"Wang, Justin",Nxa6,B,,,,
130,National Open 2021,2021.06.17,3.5,"Niemann, Hans Moke","Wang, Justin",1/2-1/2,18,white,"Niemann, Hans Moke",Qa4,3,Bd2,18,17,18
130,National Open 2021,2021.06.17,3.5,"Niemann, Hans Moke","Wang, Justin",1/2-1/2,19,black,"Wang, Justin",Qc8,1,Qc8,19,18,19
130,National Open 2021,2021.06.17,3.5,"Niemann, Hans Moke","Wang, Justin",1/2-1/2,20,white,"Niemann, Hans Moke",Bd2,1,Bd2,18,17,18
130,National Open 2021,2021.06.17,3.5,"Niemann, Hans Moke","Wang, Justin",1/2-1/2,21,black,"Wang, Justin",Bd6,3,Re8,17,16,17
130,National Open 2021,2021.06.17,3.5,"Niemann, Hans Moke","Wang, Justin",1/2-1/2,22,white,"Niemann, Hans Moke",Rfc1,4,Qc6,18,17,18
130,National Open 2021,2021.06.17,3.5,"Niemann, Hans Moke","Wang, Justin",1/2-1/2,23,black,"Wang, Justin",c5,5,Qb7,18,17,18
130,National Open 2021,2021.06.17,3.5,"Niemann, Hans Moke","Wang, Justin",1/2-1/2,24,white,"Niemann, Hans Moke",dxc5,1,dxc5,18,17,18
130,National Open 2021,2021.06.17,3.5,"Niemann, Hans Moke","Wang, Justin",1/2-1/2,25,black,"Wang, Justin",Nxc5,1,Nxc5,18,17,18
130,National Open 2021,2021.06.17,3.5,"Niemann, Hans Moke","Wang, Justin",1/2-1/2,26,white,"Niemann, Hans Moke",Qd4,2,Qc2,18,17,18
130,National Open 2021,2021.06.17,3.5,"Niemann, Hans Moke","Wang, Justin",1/2-1/2,27,black,"Wang, Justin",Qb7,5,Qf5,19,18,19
130,National Open 2021,2021.06.17,3.5,"Niemann, Hans Moke","Wang, Justin",1/2-1/2,28,white,"Niemann, Hans Moke",Nb5,3,Be1,18,17,18
130,National Open 2021,2021.06.17,3.5,"Niemann, Hans Moke","Wang, Justin",1/2-1/2,29,black,"Wang, Justin",Be7,1,Be7,20,19,20
130,National Open 2021,2021.06.17,3.5,"Niemann, Hans Moke","Wang, Justin",1/2-1/2,30,white,"Niemann, Hans Moke",b4,>10,Be1,19,18,19
130,National Open 2021,2021.06.17,3.5,"Niemann, Hans Moke","Wang, Justin",1/2-1/2,31,black,"Wang, Justin",Ne6,2,a6,19,18,19
130,National Open 2021,2021.06.17,3.5,"Niemann, Hans Moke","Wang, Justin",1/2-1/2,32,white,"Niemann, Hans Moke",Qd3,1,Qd3,18,17,18
130,National Open 2021,2021.06.17,3.5,"Niemann, Hans Moke","Wang, Justin",1/2-1/2,33,black,"Wang, Justin",Rfc8,3,Ne4,19,18,19
130,National Open 2021,2021.06.17,3.5,"Niemann, Hans Moke","Wang, Justin",1/2-1/2,34,white,"Niemann, Hans Moke",Be1,2,h3,20,19,20
130,National Open 2021,2021.06.17,3.5,"Niemann, Hans Moke","Wang, Justin",1/2-1/2,35,black,"Wang, Justin",Ne4,1,Ne4,19,18,19
130,National Open 2021,2021.06.17,3.5,"Niemann, Hans Moke","Wang, Justin",1/2-1/2,36,white,"Niemann, Hans Moke",Rd1,9,h3,20,19,20
130,National Open 2021,2021.06.17,3.5,"Niemann, Hans Moke","Wang, Justin",1/2-1/2,37,black,"Wang, Justin",Bf6,1,Bf6,19,18,19
130,National Open 2021,2021.06.17,3.5,"Niemann, Hans Moke","Wang, Justin",1/2-1/2,38,white,"Niemann, Hans Moke",Rab1,2,Rac1,18,17,18
130,National Open 2021,2021.06.17,3.5,"Niemann, Hans Moke","Wang, Justin",1/2-1/2,39,black,"Wang, Justin",a6,1,a6,19,18,19
130,National Open 2021,2021.06.17,3.5,"Niemann, Hans Moke","Wang, Justin",1/2-1/2,40,white,"Niemann, Hans Moke",Nbd4,1,Nbd4,19,18,19
130,National Open 2021,2021.06.17,3.5,"Niemann, Hans Moke","Wang, Justin",1/2-1/2,41,black,"Wang, Justin",Rc4,1,Rc4,19,18,19
130,National Open 2021,2021.06.17,3.5,"Niemann, Hans Moke","Wang, Justin",1/2-1/2,42,white,"Niemann, Hans Moke",Ne2,1,Ne2,18,17,18
130,National Open 2021,2021.06.17,3.5,"Niemann, Hans Moke","Wang, Justin",1/2-1/2,43,black,"Wang, Justin",Rd8,1,Rd8,20,19,20
130,National Open 2021,2021.06.17,3.5,"Niemann, Hans Moke","Wang, Justin",1/2-1/2,44,white,"Niemann, Hans Moke",h3,3,Qb3,19,19,19
130,National Open 2021,2021.06.17,3.5,"Niemann, Hans Moke","Wang, Justin",1/2-1/2,45,black,"Wang, Justin",g6,2,Qc6,18,17,18
130,National Open 2021,2021.06.17,3.5,"Niemann, Hans Moke","Wang, Justin",1/2-1/2,46,white,"Niemann, Hans Moke",a3,3,Qb3,19,18,19
130,National Open 2021,2021.06.17,3.5,"Niemann, Hans Moke","Wang, Justin",1/2-1/2,47,black,"Wang, Justin",b5,1,b5,20,19,20
130,National Open 2021,2021.06.17,3.5,"Niemann, Hans Moke","Wang, Justin",1/2-1/2,48,white,"Niemann, Hans Moke",Qb3,1,Qb3,19,18,19
130,National Open 2021,2021.06.17,3.5,"Niemann, Hans Moke","Wang, Justin",1/2-1/2,49,black,"Wang, Justin",Qc6,1,Qc6,21,20,21
130,National Open 2021,2021.06.17,3.5,"Niemann, Hans Moke","Wang, Justin",1/2-1/2,50,white,"Niemann, Hans Moke",Rd3,1,Rd3,19,18,19
130,National Open 2021,2021.06.17,3.5,"Niemann, Hans Moke","Wang, Justin",1/2-1/2,51,black,"Wang, Justin",a5,2,h5,23,23,23
130,National Open 2021,2021.06.17,3.5,"Niemann, Hans Moke","Wang, Justin",1/2-1/2,52,white,"Niemann, Hans Moke",Rbd1,1,Rbd1,19,18,19
130,National Open 2021,2021.06.17,3.5,"Niemann, Hans Moke","Wang, Justin",1/2-1/2,53,black,"Wang, Justin",a4,2,N4g5,21,21,21
130,National Open 2021,2021.06.17,3.5,"Niemann, Hans Moke","Wang, Justin",1/2-1/2,54,white,"Niemann, Hans Moke",Qb1,1,Qb1,18,17,18
130,National Open 2021,2021.06.17,3.5,"Niemann, Hans Moke","Wang, Justin",1/2-1/2,55,black,"Wang, Justin",N4g5,1,N4g5,22,21,22
130,National Open 2021,2021.06.17,3.5,"Niemann, Hans Moke","Wang, Justin",1/2-1/2,56,white,"Niemann, Hans Moke",Nfd4,2,Nxg5,18,17,18
130,National Open 2021,2021.06.17,3.5,"Niemann, Hans Moke","Wang, Justin",1/2-1/2,57,black,"Wang, Justin",Qb6,6,Nxd4,18,18,18
130,National Open 2021,2021.06.17,3.5,"Niemann, Hans Moke","Wang, Justin",1/2-1/2,58,white,"Niemann, Hans Moke",Bc3,3,Nxe6,19,19,19
130,National Open 2021,2021.06.17,3.5,"Niemann, Hans Moke","Wang, Justin",1/2-1/2,59,black,"Wang, Justin",Ne4,1,Ne4,17,16,17
130,National Open 2021,2021.06.17,3.5,"Niemann, Hans Moke","Wang, Justin",1/2-1/2,60,white,"Niemann, Hans Moke",Bb2,2,Be1,19,18,19
130,National Open 2021,2021.06.17,3.5,"Niemann, Hans Moke","Wang, Justin",1/2-1/2,61,black,"Wang, Justin",Rdc8,4,Nxd4,20,19,20
130,National Open 2021,2021.06.17,3.5,"Niemann, Hans Moke","Wang, Justin",1/2-1/2,62,white,"Niemann, Hans Moke",Nxe6,1,Nxe6,18,17,18
130,National Open 2021,2021.06.17,3.5,"Niemann, Hans Moke","Wang, Justin",1/2-1/2,63,black,"Wang, Justin",fxe6,1,fxe6,17,16,17
130,National Open 2021,2021.06.17,3.5,"Niemann, Hans Moke","Wang, Justin",1/2-1/2,64,white,"Niemann, Hans Moke",Bxf6,1,Bxf6,17,16,17
130,National Open 2021,2021.06.17,3.5,"Niemann, Hans Moke","Wang, Justin",1/2-1/2,65,black,"Wang, Justin",Nxf6,1,Nxf6,17,16,17
130,National Open 2021,2021.06.17,3.5,"Niemann, Hans Moke","Wang, Justin",1/2-1/2,66,white,"Niemann, Hans Moke",Qa1,1,Qa1,17,17,17
130,National Open 2021,2021.06.17,3.5,"Niemann, Hans Moke","Wang, Justin",1/2-1/2,67,black,"Wang, Justin",Ne4,1,Ne4,18,17,18
130,National Open 2021,2021.06.17,3.5,"Niemann, Hans Moke","Wang, Justin",1/2-1/2,68,white,"Niemann, Hans Moke",f3,1,f3,18,17,18
130,National Open 2021,2021.06.17,3.5,"Niemann, Hans Moke","Wang, Justin",1/2-1/2,69,black,"Wang, Justin",Nd6,1,Nd6,18,18,18
130,National Open 2021,2021.06.17,3.5,"Niemann, Hans Moke","Wang, Justin",1/2-1/2,70,white,"Niemann, Hans Moke",Qe5,3,Kh1,18,18,18
130,National Open 2021,2021.06.17,3.5,"Niemann, Hans Moke","Wang, Justin",1/2-1/2,71,black,"Wang, Justin",Nf7,3,Re8,18,17,18
130,National Open 2021,2021.06.17,3.5,"Niemann, Hans Moke","Wang, Justin",1/2-1/2,72,white,"Niemann, Hans Moke",Qg3,2,Qf6,18,17,18
130,National Open 2021,2021.06.17,3.5,"Niemann, Hans Moke","Wang, Justin",1/2-1/2,73,black,"Wang, Justin",Rc2,4,Qb8,18,17,18
130,National Open 2021,2021.06.17,3.5,"Niemann, Hans Moke","Wang, Justin",1/2-1/2,74,white,"Niemann, Hans Moke",Nd4,1,Nd4,17,16,17
130,National Open 2021,2021.06.17,3.5,"Niemann, Hans Moke","Wang, Justin",1/2-1/2,75,black,"Wang, Justin",Ra2,2,Rb2,19,18,19
130,National Open 2021,2021.06.17,3.5,"Niemann, Hans Moke","Wang, Justin",1/2-1/2,76,white,"Niemann, Hans Moke",f4,1,f4,19,18,19
130,National Open 2021,2021.06.17,3.5,"Niemann, Hans Moke","Wang, Justin",1/2-1/2,77,black,"Wang, Justin",Nd6,1,Nd6,17,16,17
130,National Open 2021,2021.06.17,3.5,"Niemann, Hans Moke","Wang, Justin",1/2-1/2,78,white,"Niemann, Hans Moke",Qg5,5,Kh2,18,17,18
130,National Open 2021,2021.06.17,3.5,"Niemann, Hans Moke","Wang, Justin",1/2-1/2,79,black,"Wang, Justin",Ne4,2,Re8,17,16,17
130,National Open 2021,2021.06.17,3.5,"Niemann, Hans Moke","Wang, Justin",1/2-1/2,80,white,"Niemann, Hans Moke",Qe7,1,Qe7,18,17,18
130,National Open 2021,2021.06.17,3.5,"Niemann, Hans Moke","Wang, Justin",1/2-1/2,81,black,"Wang, Justin",Qd6,1,Qd6,18,17,18
130,National Open 2021,2021.06.17,3.5,"Niemann, Hans Moke","Wang, Justin",1/2-1/2,82,white,"Niemann, Hans Moke",Qb7,1,Qb7,17,16,17
130,National Open 2021,2021.06.17,3.5,"Niemann, Hans Moke","Wang, Justin",1/2-1/2,83,black,"Wang, Justin",Rb8,1,Rb8,17,16,17
130,National Open 2021,2021.06.17,3.5,"Niemann, Hans Moke","Wang, Justin",1/2-1/2,84,white,"Niemann, Hans Moke",Qa7,1,Qa7,17,16,17
130,National Open 2021,2021.06.17,3.5,"Niemann, Hans Moke","Wang, Justin",1/2-1/2,85,black,"Wang, Justin",Rc8,1,Rc8,17,16,17
130,National Open 2021,2021.06.17,3.5,"Niemann, Hans Moke","Wang, Justin",1/2-1/2,86,white,"Niemann, Hans Moke",Qa5,5,Qb7,17,16,17
130,National Open 2021,2021.06.17,3.5,"Niemann, Hans Moke","Wang, Justin",1/2-1/2,87,black,"Wang, Justin",Nf2,>10,Rb2,18,17,18
130,National Open 2021,2021.06.17,3.5,"Niemann, Hans Moke","Wang, Justin",1/2-1/2,88,white,"Niemann, Hans Moke",Nxb5,2,R1d2,18,17,18
130,National Open 2021,2021.06.17,3.5,"Niemann, Hans Moke","Wang, Justin",1/2-1/2,89,black,"Wang, Justin",Qe7,1,Qe7,16,15,16
130,National Open 2021,2021.06.17,3.5,"Niemann, Hans Moke","Wang, Justin",1/2-1/2,90,white,"Niemann, Hans Moke",Qa6,1,Qa6,17,16,17
130,National Open 2021,2021.06.17,3.5,"Niemann, Hans Moke","Wang, Justin",1/2-1/2,91,black,"Wang, Justin",Rc4,1,Rc4,18,17,18
130,National Open 2021,2021.06.17,3.5,"Niemann, Hans Moke","Wang, Justin",1/2-1/2,92,white,"Niemann, Hans Moke",Nc3,2,Nd4,16,15,16
130,National Open 2021,2021.06.17,3.5,"Niemann, Hans Moke","Wang, Justin",1/2-1/2,93,black,"Wang, Justin",Rc2,1,Rc2,16,15,16
130,National Open 2021,2021.06.17,3.5,"Niemann, Hans Moke","Wang, Justin",1/2-1/2,94,white,"Niemann, Hans Moke",R1d2,3,Qxa4,16,15,16
130,National Open 2021,2021.06.17,3.5,"Niemann, Hans Moke","Wang, Justin",1/2-1/2,95,black,"Wang, Justin",Rxd2,2,Nxh3+,17,16,17
130,National Open 2021,2021.06.17,3.5,"Niemann, Hans Moke","Wang, Justin",1/2-1/2,96,white,"Niemann, Hans Moke",Rxd2,1,Rxd2,15,14,15
130,National Open 2021,2021.06.17,3.5,"Niemann, Hans Moke","Wang, Justin",1/2-1/2,97,black,"Wang, Justin",Nxh3+,1,Nxh3+,17,16,17
130,National Open 2021,2021.06.17,3.5,"Niemann, Hans Moke","Wang, Justin",1/2-1/2,98,white,"Niemann, Hans Moke",gxh3,1,gxh3,20,20,20
130,National Open 2021,2021.06.17,3.5,"Niemann, Hans Moke","Wang, Justin",1/2-1/2,99,black,"Wang, Justin",Rxc3,1,Rxc3,16,15,16
130,National Open 2021,2021.06.17,3.5,"Niemann, Hans Moke","Wang, Justin",1/2-1/2,100,white,"Niemann, Hans Moke",Rd3,1,Rd3,16,16,16
130,National Open 2021,2021.06.17,3.5,"Niemann, Hans Moke","Wang, Justin",1/2-1/2,101,black,"Wang, Justin",Rc1+,1,Rc1+,19,18,19
130,National Open 2021,2021.06.17,3.5,"Niemann, Hans Moke","Wang, Justin",1/2-1/2,102,white,"Niemann, Hans Moke",Kg2,1,Kg2,20,19,20
130,National Open 2021,2021.06.17,3.5,"Niemann, Hans Moke","Wang, Justin",1/2-1/2,103,black,"Wang, Justin",Qf6,4,Kg7,21,20,21
130,National Open 2021,2021.06.17,3.5,"Niemann, Hans Moke","Wang, Justin",1/2-1/2,104,white,"Niemann, Hans Moke",Rd2,2,Rxd5,17,16,17
130,National Open 2021,2021.06.17,3.5,"Niemann, Hans Moke","Wang, Justin",1/2-1/2,105,black,"Wang, Justin",g5,3,Qf5,24,23,24
130,National Open 2021,2021.06.17,3.5,"Niemann, Hans Moke","Wang, Justin",1/2-1/2,106,white,"Niemann, Hans Moke",Rf2,1,Rf2,18,17,18
130,National Open 2021,2021.06.17,3.5,"Niemann, Hans Moke","Wang, Justin",1/2-1/2,107,black,"Wang, Justin",Qf5,1,Qf5,17,17,17
130,National Open 2021,2021.06.17,3.5,"Niemann, Hans Moke","Wang, Justin",1/2-1/2,108,white,"Niemann, Hans Moke",Kh2,1,Kh2,17,16,17
130,National Open 2021,2021.06.17,3.5,"Niemann, Hans Moke","Wang, Justin",1/2-1/2,109,black,"Wang, Justin",Rc2,3,g4,21,20,21
130,National Open 2021,2021.06.17,3.5,"Niemann, Hans Moke","Wang, Justin",1/2-1/2,110,white,"Niemann, Hans Moke",Rxc2,1,Rxc2,16,16,16
130,National Open 2021,2021.06.17,3.5,"Niemann, Hans Moke","Wang, Justin",1/2-1/2,111,black,"Wang, Justin",Qxc2+,1,Qxc2+,15,14,15
130,National Open 2021,2021.06.17,3.5,"Niemann, Hans Moke","Wang, Justin",1/2-1/2,112,white,"Niemann, Hans Moke",Kg1,1,Kg1,25,24,25
130,National Open 2021,2021.06.17,3.5,"Niemann, Hans Moke","Wang, Justin",1/2-1/2,113,black,"Wang, Justin",Qc1+,5,Qf5,23,22,23
130,National Open 2021,2021.06.17,3.5,"Niemann, Hans Moke","Wang, Justin",1/2-1/2,114,white,"Niemann, Hans Moke",Kf2,1,Kf2,21,20,21
130,National Open 2021,2021.06.17,3.5,"Niemann, Hans Moke","Wang, Justin",1/2-1/2,115,black,"Wang, Justin",Qd2+,1,Qd2+,18,18,18
130,National Open 2021,2021.06.17,3.5,"Niemann, Hans Moke","Wang, Justin",1/2-1/2,116,white,"Niemann, Hans Moke",Kf3,2,Qe2,18,18,18
130,National Open 2021,2021.06.17,3.5,"Niemann, Hans Moke","Wang, Justin",1/2-1/2,117,black,"Wang, Justin",Qd1+,1,Qd1+,18,17,18
130,National Open 2021,2021.06.17,3.5,"Niemann, Hans Moke","Wang, Justin",1/2-1/2,118,white,"Niemann, Hans Moke",Kf2,1,Kf2,31,30,31
130,National Open 2021,2021.06.17,3.5,"Niemann, Hans Moke","Wang, Justin",1/2-1/2,119,black,"Wang, Justin",Qd2+,2,Qc2+,19,18,19
130,National Open 2021,2021.06.17,3.5,"Niemann, Hans Moke","Wang, Justin",1/2-1/2,120,white,"Niemann, Hans Moke",Qe2,1,Qe2,20,20,20
130,National Open 2021,2021.06.17,3.5,"Niemann, Hans Moke","Wang, Justin",1/2-1/2,121,black,"Wang, Justin",Qc3,1,Qc3,13,12,13
130,National Open 2021,2021.06.17,3.5,"Niemann, Hans Moke","Wang, Justin",1/2-1/2,122,white,"Niemann, Hans Moke",fxg5,1,fxg5,25,24,25
130,National Open 2021,2021.06.17,3.5,"Niemann, Hans Moke","Wang, Justin",1/2-1/2,123,black,"Wang, Justin",Qxa3,1,Qxa3,19,18,19
130,National Open 2021,2021.06.17,3.5,"Niemann, Hans Moke","Wang, Justin",1/2-1/2,124,white,"Niemann, Hans Moke",Qb5,1,Qb5,18,17,18
130,National Open 2021,2021.06.17,3.5,"Niemann, Hans Moke","Wang, Justin",1/2-1/2,125,black,"Wang, Justin",Qb2+,1,Qb2+,19,19,19
130,National Open 2021,2021.06.17,3.5,"Niemann, Hans Moke","Wang, Justin",1/2-1/2,126,white,"Niemann, Hans Moke",Kf3,1,Kf3,19,18,19
130,National Open 2021,2021.06.17,3.5,"Niemann, Hans Moke","Wang, Justin",1/2-1/2,127,black,"Wang, Justin",a3,1,a3,21,20,21
130,National Open 2021,2021.06.17,3.5,"Niemann, Hans Moke","Wang, Justin",1/2-1/2,128,white,"Niemann, Hans Moke",Qe8+,1,Qe8+,28,27,28
130,National Open 2021,2021.06.17,3.5,"Niemann, Hans Moke","Wang, Justin",1/2-1/2,129,black,"Wang, Justin",Kg7,1,Kg7,39,39,39
130,National Open 2021,2021.06.17,3.5,"Niemann, Hans Moke","Wang, Justin",1/2-1/2,130,white,"Niemann, Hans Moke",Qe7+,1,Qe7+,22,21,22
130,National Open 2021,2021.06.17,3.5,"Niemann, Hans Moke","Wang, Justin",1/2-1/2,131,black,"Wang, Justin",Kg8,1,Kg8,39,39,39
130,National Open 2021,2021.06.17,3.5,"Niemann, Hans Moke","Wang, Justin",1/2-1/2,132,white,"Niemann, Hans Moke",Qxe6+,4,Qe8+,21,20,21
130,National Open 2021,2021.06.17,3.5,"Niemann, Hans Moke","Wang, Justin",1/2-1/2,133,black,"Wang, Justin",Kg7,2,Kf8,35,35,35
130,National Open 2021,2021.06.17,3.5,"Niemann, Hans Moke","Wang, Justin",1/2-1/2,134,white,"Niemann, Hans Moke",Qe7+,1,Qe7+,31,30,31
130,National Open 2021,2021.06.17,3.5,"Niemann, Hans Moke","Wang, Justin",1/2-1/2,135,black,"Wang, Justin",Kg8,1,Kg8,37,37,37
130,National Open 2021,2021.06.17,3.5,"Niemann, Hans Moke","Wang, Justin",1/2-1/2,136,white,"Niemann, Hans Moke",Qe8+,2,Qe6+,32,31,32
130,National Open 2021,2021.06.17,3.5,"Niemann, Hans Moke","Wang, Justin",1/2-1/2,137,black,"Wang, Justin",Kg7,1,Kg7,39,39,39
130,National Open 2021,2021.06.17,3.5,"Niemann, Hans Moke","Wang, Justin",1/2-1/2,138,white,"Niemann, Hans Moke",h4,3,Qd7+,32,31,32
130,National Open 2021,2021.06.17,3.5,"Niemann, Hans Moke","Wang, Justin",1/2-1/2,139,black,"Wang, Justin",Qa1,2,Qxb4,29,28,29
130,National Open 2021,2021.06.17,3.5,"Niemann, Hans Moke","Wang, Justin",1/2-1/2,140,white,"Niemann, Hans Moke",Qe7+,2,Qd7+,30,29,30
130,National Open 2021,2021.06.17,3.5,"Niemann, Hans Moke","Wang, Justin",1/2-1/2,141,black,"Wang, Justin",Kg8,1,Kg8,39,38,39
130,National Open 2021,2021.06.17,3.5,"Niemann, Hans Moke","Wang, Justin",1/2-1/2,142,white,"Niemann, Hans Moke",Qe8+,1,Qe8+,31,30,31
130,National Open 2021,2021.06.17,3.5,"Niemann, Hans Moke","Wang, Justin",1/2-1/2,143,black,"Wang, Justin",Kg7,1,Kg7,42,42,42
130,National Open 2021,2021.06.17,3.5,"Niemann, Hans Moke","Wang, Justin",1/2-1/2,144,white,"Niemann, Hans Moke",Qe7+,2,Qd7+,32,32,32
131,National Open 2021,2021.06.18,5.4,"Niemann, Hans Moke","Shetty, A",1-0,0,white,"Niemann, Hans Moke",d4,B,,,,
131,National Open 2021,2021.06.18,5.4,"Niemann, Hans Moke","Shetty, A",1-0,1,black,"Shetty, A",d5,B,,,,
131,National Open 2021,2021.06.18,5.4,"Niemann, Hans Moke","Shetty, A",1-0,2,white,"Niemann, Hans Moke",c4,B,,,,
131,National Open 2021,2021.06.18,5.4,"Niemann, Hans Moke","Shetty, A",1-0,3,black,"Shetty, A",c6,B,,,,
131,National Open 2021,2021.06.18,5.4,"Niemann, Hans Moke","Shetty, A",1-0,4,white,"Niemann, Hans Moke",Nf3,B,,,,
131,National Open 2021,2021.06.18,5.4,"Niemann, Hans Moke","Shetty, A",1-0,5,black,"Shetty, A",Nf6,B,,,,
131,National Open 2021,2021.06.18,5.4,"Niemann, Hans Moke","Shetty, A",1-0,6,white,"Niemann, Hans Moke",Nc3,B,,,,
131,National Open 2021,2021.06.18,5.4,"Niemann, Hans Moke","Shetty, A",1-0,7,black,"Shetty, A",e6,B,,,,
131,National Open 2021,2021.06.18,5.4,"Niemann, Hans Moke","Shetty, A",1-0,8,white,"Niemann, Hans Moke",Bg5,B,,,,
131,National Open 2021,2021.06.18,5.4,"Niemann, Hans Moke","Shetty, A",1-0,9,black,"Shetty, A",Nbd7,B,,,,
131,National Open 2021,2021.06.18,5.4,"Niemann, Hans Moke","Shetty, A",1-0,10,white,"Niemann, Hans Moke",cxd5,B,,,,
131,National Open 2021,2021.06.18,5.4,"Niemann, Hans Moke","Shetty, A",1-0,11,black,"Shetty, A",exd5,B,,,,
131,National Open 2021,2021.06.18,5.4,"Niemann, Hans Moke","Shetty, A",1-0,12,white,"Niemann, Hans Moke",e3,B,,,,
131,National Open 2021,2021.06.18,5.4,"Niemann, Hans Moke","Shetty, A",1-0,13,black,"Shetty, A",h6,B,,,,
131,National Open 2021,2021.06.18,5.4,"Niemann, Hans Moke","Shetty, A",1-0,14,white,"Niemann, Hans Moke",Bh4,B,,,,
131,National Open 2021,2021.06.18,5.4,"Niemann, Hans Moke","Shetty, A",1-0,15,black,"Shetty, A",g5,2,Be7,18,17,18
131,National Open 2021,2021.06.18,5.4,"Niemann, Hans Moke","Shetty, A",1-0,16,white,"Niemann, Hans Moke",Bg3,B,,,,
131,National Open 2021,2021.06.18,5.4,"Niemann, Hans Moke","Shetty, A",1-0,17,black,"Shetty, A",Nh5,1,Nh5,18,17,18
131,National Open 2021,2021.06.18,5.4,"Niemann, Hans Moke","Shetty, A",1-0,18,white,"Niemann, Hans Moke",Be5,8,Bd3,18,18,18
131,National Open 2021,2021.06.18,5.4,"Niemann, Hans Moke","Shetty, A",1-0,19,black,"Shetty, A",Nhf6,4,Rg8,18,17,18
131,National Open 2021,2021.06.18,5.4,"Niemann, Hans Moke","Shetty, A",1-0,20,white,"Niemann, Hans Moke",Be2,6,Bg3,17,16,17
131,National Open 2021,2021.06.18,5.4,"Niemann, Hans Moke","Shetty, A",1-0,21,black,"Shetty, A",Nxe5,2,g4,17,17,17
131,National Open 2021,2021.06.18,5.4,"Niemann, Hans Moke","Shetty, A",1-0,22,white,"Niemann, Hans Moke",Nxe5,1,Nxe5,18,17,18
131,National Open 2021,2021.06.18,5.4,"Niemann, Hans Moke","Shetty, A",1-0,23,black,"Shetty, A",Nd7,1,Nd7,17,16,17
131,National Open 2021,2021.06.18,5.4,"Niemann, Hans Moke","Shetty, A",1-0,24,white,"Niemann, Hans Moke",Nd3,2,Nxd7,17,16,17
131,National Open 2021,2021.06.18,5.4,"Niemann, Hans Moke","Shetty, A",1-0,25,black,"Shetty, A",Bg7,7,Bd6,17,16,17
131,National Open 2021,2021.06.18,5.4,"Niemann, Hans Moke","Shetty, A",1-0,26,white,"Niemann, Hans Moke",Bg4,9,b4,17,16,17
131,National Open 2021,2021.06.18,5.4,"Niemann, Hans Moke","Shetty, A",1-0,27,black,"Shetty, A",O-O,4,Qe7,17,16,17
131,National Open 2021,2021.06.18,5.4,"Niemann, Hans Moke","Shetty, A",1-0,28,white,"Niemann, Hans Moke",Bf5,9,h4,17,16,17
131,National Open 2021,2021.06.18,5.4,"Niemann, Hans Moke","Shetty, A",1-0,29,black,"Shetty, A",Qf6,1,Qf6,18,17,18
131,National Open 2021,2021.06.18,5.4,"Niemann, Hans Moke","Shetty, A",1-0,30,white,"Niemann, Hans Moke",g4,4,Bh3,19,19,19
131,National Open 2021,2021.06.18,5.4,"Niemann, Hans Moke","Shetty, A",1-0,31,black,"Shetty, A",Nb6,3,Re8,17,16,17
131,National Open 2021,2021.06.18,5.4,"Niemann, Hans Moke","Shetty, A",1-0,32,white,"Niemann, Hans Moke",Bxc8,2,Qf3,18,17,18
131,National Open 2021,2021.06.18,5.4,"Niemann, Hans Moke","Shetty, A",1-0,33,black,"Shetty, A",Nxc8,2,Raxc8,18,17,18
131,National Open 2021,2021.06.18,5.4,"Niemann, Hans Moke","Shetty, A",1-0,34,white,"Niemann, Hans Moke",h4,1,h4,17,16,17
131,National Open 2021,2021.06.18,5.4,"Niemann, Hans Moke","Shetty, A",1-0,35,black,"Shetty, A",Nd6,3,gxh4,17,16,17
131,National Open 2021,2021.06.18,5.4,"Niemann, Hans Moke","Shetty, A",1-0,36,white,"Niemann, Hans Moke",hxg5,1,hxg5,17,16,17
131,National Open 2021,2021.06.18,5.4,"Niemann, Hans Moke","Shetty, A",1-0,37,black,"Shetty, A",hxg5,1,hxg5,16,16,16
131,National Open 2021,2021.06.18,5.4,"Niemann, Hans Moke","Shetty, A",1-0,38,white,"Niemann, Hans Moke",Qe2,2,Rh5,18,18,18
131,National Open 2021,2021.06.18,5.4,"Niemann, Hans Moke","Shetty, A",1-0,39,black,"Shetty, A",Rfe8,2,Rad8,17,17,17
131,National Open 2021,2021.06.18,5.4,"Niemann, Hans Moke","Shetty, A",1-0,40,white,"Niemann, Hans Moke",O-O-O,2,Rh5,17,16,17
131,National Open 2021,2021.06.18,5.4,"Niemann, Hans Moke","Shetty, A",1-0,41,black,"Shetty, A",Ne4,6,b6,16,15,16
131,National Open 2021,2021.06.18,5.4,"Niemann, Hans Moke","Shetty, A",1-0,42,white,"Niemann, Hans Moke",Qc2,1,Qc2,17,16,17
131,National Open 2021,2021.06.18,5.4,"Niemann, Hans Moke","Shetty, A",1-0,43,black,"Shetty, A",Rac8,1,Rac8,17,16,17
131,National Open 2021,2021.06.18,5.4,"Niemann, Hans Moke","Shetty, A",1-0,44,white,"Niemann, Hans Moke",Kb1,2,Nxe4,16,16,16
131,National Open 2021,2021.06.18,5.4,"Niemann, Hans Moke","Shetty, A",1-0,45,black,"Shetty, A",b6,8,Qf3,18,17,18
131,National Open 2021,2021.06.18,5.4,"Niemann, Hans Moke","Shetty, A",1-0,46,white,"Niemann, Hans Moke",Nxe4,1,Nxe4,17,16,17
131,National Open 2021,2021.06.18,5.4,"Niemann, Hans Moke","Shetty, A",1-0,47,black,"Shetty, A",Rxe4,2,dxe4,17,16,17
131,National Open 2021,2021.06.18,5.4,"Niemann, Hans Moke","Shetty, A",1-0,48,white,"Niemann, Hans Moke",Ne5,1,Ne5,17,16,17
131,National Open 2021,2021.06.18,5.4,"Niemann, Hans Moke","Shetty, A",1-0,49,black,"Shetty, A",Qe6,1,Qe6,17,16,17
131,National Open 2021,2021.06.18,5.4,"Niemann, Hans Moke","Shetty, A",1-0,50,white,"Niemann, Hans Moke",Qd3,1,Qd3,18,17,18
131,National Open 2021,2021.06.18,5.4,"Niemann, Hans Moke","Shetty, A",1-0,51,black,"Shetty, A",c5,8,Re8,18,18,18
131,National Open 2021,2021.06.18,5.4,"Niemann, Hans Moke","Shetty, A",1-0,52,white,"Niemann, Hans Moke",f3,1,f3,18,17,18
131,National Open 2021,2021.06.18,5.4,"Niemann, Hans Moke","Shetty, A",1-0,53,black,"Shetty, A",c4,3,Rxe5,17,17,17
131,National Open 2021,2021.06.18,5.4,"Niemann, Hans Moke","Shetty, A",1-0,54,white,"Niemann, Hans Moke",Nxc4,1,Nxc4,18,17,18
131,National Open 2021,2021.06.18,5.4,"Niemann, Hans Moke","Shetty, A",1-0,55,black,"Shetty, A",Rxd4,1,Rxd4,18,17,18
131,National Open 2021,2021.06.18,5.4,"Niemann, Hans Moke","Shetty, A",1-0,56,white,"Niemann, Hans Moke",exd4,1,exd4,18,17,18
131,National Open 2021,2021.06.18,5.4,"Niemann, Hans Moke","Shetty, A",1-0,57,black,"Shetty, A",dxc4,1,dxc4,16,15,16
131,National Open 2021,2021.06.18,5.4,"Niemann, Hans Moke","Shetty, A",1-0,58,white,"Niemann, Hans Moke",Qh7+,4,Qf5,18,17,18
131,National Open 2021,2021.06.18,5.4,"Niemann, Hans Moke","Shetty, A",1-0,59,black,"Shetty, A",Kf8,1,Kf8,24,24,24
131,National Open 2021,2021.06.18,5.4,"Niemann, Hans Moke","Shetty, A",1-0,60,white,"Niemann, Hans Moke",Rhe1,1,Rhe1,18,17,18
131,National Open 2021,2021.06.18,5.4,"Niemann, Hans Moke","Shetty, A",1-0,61,black,"Shetty, A",Qd7,3,Qd5,18,17,18
131,National Open 2021,2021.06.18,5.4,"Niemann, Hans Moke","Shetty, A",1-0,62,white,"Niemann, Hans Moke",Qf5,4,Re2,18,17,18
131,National Open 2021,2021.06.18,5.4,"Niemann, Hans Moke","Shetty, A",1-0,63,black,"Shetty, A",Qxf5+,1,Qxf5+,16,15,16
131,National Open 2021,2021.06.18,5.4,"Niemann, Hans Moke","Shetty, A",1-0,64,white,"Niemann, Hans Moke",gxf5,1,gxf5,19,19,19
131,National Open 2021,2021.06.18,5.4,"Niemann, Hans Moke","Shetty, A",1-0,65,black,"Shetty, A",Rd8,1,Rd8,18,17,18
131,National Open 2021,2021.06.18,5.4,"Niemann, Hans Moke","Shetty, A",1-0,66,white,"Niemann, Hans Moke",d5,1,d5,18,18,18
131,National Open 2021,2021.06.18,5.4,"Niemann, Hans Moke","Shetty, A",1-0,67,black,"Shetty, A",Rd6,1,Rd6,20,19,20
131,National Open 2021,2021.06.18,5.4,"Niemann, Hans Moke","Shetty, A",1-0,68,white,"Niemann, Hans Moke",a4,2,Re4,19,18,19
131,National Open 2021,2021.06.18,5.4,"Niemann, Hans Moke","Shetty, A",1-0,69,black,"Shetty, A",a6,1,a6,19,18,19
131,National Open 2021,2021.06.18,5.4,"Niemann, Hans Moke","Shetty, A",1-0,70,white,"Niemann, Hans Moke",Re4,1,Re4,19,18,19
131,National Open 2021,2021.06.18,5.4,"Niemann, Hans Moke","Shetty, A",1-0,71,black,"Shetty, A",b5,1,b5,18,17,18
131,National Open 2021,2021.06.18,5.4,"Niemann, Hans Moke","Shetty, A",1-0,72,white,"Niemann, Hans Moke",Kc2,2,b3,19,18,19
131,National Open 2021,2021.06.18,5.4,"Niemann, Hans Moke","Shetty, A",1-0,73,black,"Shetty, A",Bf6,1,Bf6,18,17,18
131,National Open 2021,2021.06.18,5.4,"Niemann, Hans Moke","Shetty, A",1-0,74,white,"Niemann, Hans Moke",axb5,1,axb5,18,17,18
131,National Open 2021,2021.06.18,5.4,"Niemann, Hans Moke","Shetty, A",1-0,75,black,"Shetty, A",axb5,1,axb5,17,16,17
131,National Open 2021,2021.06.18,5.4,"Niemann, Hans Moke","Shetty, A",1-0,76,white,"Niemann, Hans Moke",b3,1,b3,19,18,19
131,National Open 2021,2021.06.18,5.4,"Niemann, Hans Moke","Shetty, A",1-0,77,black,"Shetty, A",cxb3+,1,cxb3+,18,17,18
131,National Open 2021,2021.06.18,5.4,"Niemann, Hans Moke","Shetty, A",1-0,78,white,"Niemann, Hans Moke",Kxb3,1,Kxb3,22,22,22
131,National Open 2021,2021.06.18,5.4,"Niemann, Hans Moke","Shetty, A",1-0,79,black,"Shetty, A",Be7,2,Kg7,18,18,18
131,National Open 2021,2021.06.18,5.4,"Niemann, Hans Moke","Shetty, A",1-0,80,white,"Niemann, Hans Moke",Rde1,4,Rd3,19,18,19
131,National Open 2021,2021.06.18,5.4,"Niemann, Hans Moke","Shetty, A",1-0,81,black,"Shetty, A",Rd7,4,Bd8,18,17,18
131,National Open 2021,2021.06.18,5.4,"Niemann, Hans Moke","Shetty, A",1-0,82,white,"Niemann, Hans Moke",d6,1,d6,19,18,19
131,National Open 2021,2021.06.18,5.4,"Niemann, Hans Moke","Shetty, A",1-0,83,black,"Shetty, A",Bxd6,4,Rxd6,18,17,18
131,National Open 2021,2021.06.18,5.4,"Niemann, Hans Moke","Shetty, A",1-0,84,white,"Niemann, Hans Moke",f6,1,f6,19,18,19
131,National Open 2021,2021.06.18,5.4,"Niemann, Hans Moke","Shetty, A",1-0,85,black,"Shetty, A",Rd8,2,Kg8,23,23,23
131,National Open 2021,2021.06.18,5.4,"Niemann, Hans Moke","Shetty, A",1-0,86,white,"Niemann, Hans Moke",Rh1,1,Rh1,20,19,20
131,National Open 2021,2021.06.18,5.4,"Niemann, Hans Moke","Shetty, A",1-0,87,black,"Shetty, A",Kg8,1,Kg8,23,23,23
131,National Open 2021,2021.06.18,5.4,"Niemann, Hans Moke","Shetty, A",1-0,88,white,"Niemann, Hans Moke",Rh5,3,Rg1,20,20,20
131,National Open 2021,2021.06.18,5.4,"Niemann, Hans Moke","Shetty, A",1-0,89,black,"Shetty, A",Bf4,1,Bf4,23,23,23
131,National Open 2021,2021.06.18,5.4,"Niemann, Hans Moke","Shetty, A",1-0,90,white,"Niemann, Hans Moke",Re1,1,Re1,20,19,20
131,National Open 2021,2021.06.18,5.4,"Niemann, Hans Moke","Shetty, A",1-0,91,black,"Shetty, A",Rd3+,1,Rd3+,24,23,24
131,National Open 2021,2021.06.18,5.4,"Niemann, Hans Moke","Shetty, A",1-0,92,white,"Niemann, Hans Moke",Kc2,2,Ka2,23,23,23
131,National Open 2021,2021.06.18,5.4,"Niemann, Hans Moke","Shetty, A",1-0,93,black,"Shetty, A",Rd2+,3,Re3,25,24,25
131,National Open 2021,2021.06.18,5.4,"Niemann, Hans Moke","Shetty, A",1-0,94,white,"Niemann, Hans Moke",Kb1,1,Kb1,24,24,24
131,National Open 2021,2021.06.18,5.4,"Niemann, Hans Moke","Shetty, A",1-0,95,black,"Shetty, A",Rh2,>10,Be3,106,105,106
131,National Open 2021,2021.06.18,5.4,"Niemann, Hans Moke","Shetty, A",1-0,96,white,"Niemann, Hans Moke",Re8#,1,Re8#,19,18,19
132,National Open 2021,2021.06.18,5.4,"Niemann, Hans Moke","Shetty, A.",1-0,0,white,"Niemann, Hans Moke",d4,B,,,,
132,National Open 2021,2021.06.18,5.4,"Niemann, Hans Moke","Shetty, A.",1-0,1,black,"Shetty, A.",d5,B,,,,
132,National Open 2021,2021.06.18,5.4,"Niemann, Hans Moke","Shetty, A.",1-0,2,white,"Niemann, Hans Moke",c4,B,,,,
132,National Open 2021,2021.06.18,5.4,"Niemann, Hans Moke","Shetty, A.",1-0,3,black,"Shetty, A.",c6,B,,,,
132,National Open 2021,2021.06.18,5.4,"Niemann, Hans Moke","Shetty, A.",1-0,4,white,"Niemann, Hans Moke",Nf3,B,,,,
132,National Open 2021,2021.06.18,5.4,"Niemann, Hans Moke","Shetty, A.",1-0,5,black,"Shetty, A.",Nf6,B,,,,
132,National Open 2021,2021.06.18,5.4,"Niemann, Hans Moke","Shetty, A.",1-0,6,white,"Niemann, Hans Moke",Nc3,B,,,,
132,National Open 2021,2021.06.18,5.4,"Niemann, Hans Moke","Shetty, A.",1-0,7,black,"Shetty, A.",e6,B,,,,
132,National Open 2021,2021.06.18,5.4,"Niemann, Hans Moke","Shetty, A.",1-0,8,white,"Niemann, Hans Moke",Bg5,B,,,,
132,National Open 2021,2021.06.18,5.4,"Niemann, Hans Moke","Shetty, A.",1-0,9,black,"Shetty, A.",Nbd7,B,,,,
132,National Open 2021,2021.06.18,5.4,"Niemann, Hans Moke","Shetty, A.",1-0,10,white,"Niemann, Hans Moke",cxd5,B,,,,
132,National Open 2021,2021.06.18,5.4,"Niemann, Hans Moke","Shetty, A.",1-0,11,black,"Shetty, A.",exd5,B,,,,
132,National Open 2021,2021.06.18,5.4,"Niemann, Hans Moke","Shetty, A.",1-0,12,white,"Niemann, Hans Moke",e3,B,,,,
132,National Open 2021,2021.06.18,5.4,"Niemann, Hans Moke","Shetty, A.",1-0,13,black,"Shetty, A.",h6,B,,,,
132,National Open 2021,2021.06.18,5.4,"Niemann, Hans Moke","Shetty, A.",1-0,14,white,"Niemann, Hans Moke",Bh4,B,,,,
132,National Open 2021,2021.06.18,5.4,"Niemann, Hans Moke","Shetty, A.",1-0,15,black,"Shetty, A.",g5,2,Be7,18,17,18
132,National Open 2021,2021.06.18,5.4,"Niemann, Hans Moke","Shetty, A.",1-0,16,white,"Niemann, Hans Moke",Bg3,B,,,,
132,National Open 2021,2021.06.18,5.4,"Niemann, Hans Moke","Shetty, A.",1-0,17,black,"Shetty, A.",Nh5,1,Nh5,18,17,18
132,National Open 2021,2021.06.18,5.4,"Niemann, Hans Moke","Shetty, A.",1-0,18,white,"Niemann, Hans Moke",Be5,9,Bd3,18,17,18
132,National Open 2021,2021.06.18,5.4,"Niemann, Hans Moke","Shetty, A.",1-0,19,black,"Shetty, A.",Nhf6,4,Ng7,18,17,18
132,National Open 2021,2021.06.18,5.4,"Niemann, Hans Moke","Shetty, A.",1-0,20,white,"Niemann, Hans Moke",Be2,6,Bg3,17,16,17
132,National Open 2021,2021.06.18,5.4,"Niemann, Hans Moke","Shetty, A.",1-0,21,black,"Shetty, A.",Nxe5,2,g4,18,17,18
132,National Open 2021,2021.06.18,5.4,"Niemann, Hans Moke","Shetty, A.",1-0,22,white,"Niemann, Hans Moke",Nxe5,1,Nxe5,17,17,17
132,National Open 2021,2021.06.18,5.4,"Niemann, Hans Moke","Shetty, A.",1-0,23,black,"Shetty, A.",Nd7,2,h5,16,15,16
132,National Open 2021,2021.06.18,5.4,"Niemann, Hans Moke","Shetty, A.",1-0,24,white,"Niemann, Hans Moke",Nd3,2,Nxd7,17,16,17
132,National Open 2021,2021.06.18,5.4,"Niemann, Hans Moke","Shetty, A.",1-0,25,black,"Shetty, A.",Bg7,7,Bd6,17,16,17
132,National Open 2021,2021.06.18,5.4,"Niemann, Hans Moke","Shetty, A.",1-0,26,white,"Niemann, Hans Moke",Bg4,>10,Rc1,17,16,17
132,National Open 2021,2021.06.18,5.4,"Niemann, Hans Moke","Shetty, A.",1-0,27,black,"Shetty, A.",O-O,7,Qe7,17,16,17
132,National Open 2021,2021.06.18,5.4,"Niemann, Hans Moke","Shetty, A.",1-0,28,white,"Niemann, Hans Moke",Bf5,6,h4,17,16,17
132,National Open 2021,2021.06.18,5.4,"Niemann, Hans Moke","Shetty, A.",1-0,29,black,"Shetty, A.",Qf6,1,Qf6,18,17,18
132,National Open 2021,2021.06.18,5.4,"Niemann, Hans Moke","Shetty, A.",1-0,30,white,"Niemann, Hans Moke",g4,4,Bxd7,18,17,18
132,National Open 2021,2021.06.18,5.4,"Niemann, Hans Moke","Shetty, A.",1-0,31,black,"Shetty, A.",Nb6,2,Re8,17,16,17
132,National Open 2021,2021.06.18,5.4,"Niemann, Hans Moke","Shetty, A.",1-0,32,white,"Niemann, Hans Moke",Bxc8,3,Qf3,18,17,18
132,National Open 2021,2021.06.18,5.4,"Niemann, Hans Moke","Shetty, A.",1-0,33,black,"Shetty, A.",Nxc8,2,Raxc8,18,17,18
132,National Open 2021,2021.06.18,5.4,"Niemann, Hans Moke","Shetty, A.",1-0,34,white,"Niemann, Hans Moke",h4,1,h4,17,16,17
132,National Open 2021,2021.06.18,5.4,"Niemann, Hans Moke","Shetty, A.",1-0,35,black,"Shetty, A.",Nd6,3,gxh4,17,16,17
132,National Open 2021,2021.06.18,5.4,"Niemann, Hans Moke","Shetty, A.",1-0,36,white,"Niemann, Hans Moke",hxg5,1,hxg5,17,16,17
132,National Open 2021,2021.06.18,5.4,"Niemann, Hans Moke","Shetty, A.",1-0,37,black,"Shetty, A.",hxg5,1,hxg5,17,16,17
132,National Open 2021,2021.06.18,5.4,"Niemann, Hans Moke","Shetty, A.",1-0,38,white,"Niemann, Hans Moke",Qe2,2,Rh5,17,16,17
132,National Open 2021,2021.06.18,5.4,"Niemann, Hans Moke","Shetty, A.",1-0,39,black,"Shetty, A.",Rfe8,1,Rfe8,17,16,17
132,National Open 2021,2021.06.18,5.4,"Niemann, Hans Moke","Shetty, A.",1-0,40,white,"Niemann, Hans Moke",O-O-O,2,Rh5,17,16,17
132,National Open 2021,2021.06.18,5.4,"Niemann, Hans Moke","Shetty, A.",1-0,41,black,"Shetty, A.",Ne4,8,Rac8,17,17,17
132,National Open 2021,2021.06.18,5.4,"Niemann, Hans Moke","Shetty, A.",1-0,42,white,"Niemann, Hans Moke",Qc2,2,Nxe4,17,16,17
132,National Open 2021,2021.06.18,5.4,"Niemann, Hans Moke","Shetty, A.",1-0,43,black,"Shetty, A.",Rac8,3,Rad8,17,16,17
132,National Open 2021,2021.06.18,5.4,"Niemann, Hans Moke","Shetty, A.",1-0,44,white,"Niemann, Hans Moke",Kb1,2,Nxe4,16,16,16
132,National Open 2021,2021.06.18,5.4,"Niemann, Hans Moke","Shetty, A.",1-0,45,black,"Shetty, A.",b6,9,Qf3,17,17,17
132,National Open 2021,2021.06.18,5.4,"Niemann, Hans Moke","Shetty, A.",1-0,46,white,"Niemann, Hans Moke",Nxe4,1,Nxe4,17,16,17
132,National Open 2021,2021.06.18,5.4,"Niemann, Hans Moke","Shetty, A.",1-0,47,black,"Shetty, A.",Rxe4,2,dxe4,17,16,17
132,National Open 2021,2021.06.18,5.4,"Niemann, Hans Moke","Shetty, A.",1-0,48,white,"Niemann, Hans Moke",Ne5,1,Ne5,17,16,17
132,National Open 2021,2021.06.18,5.4,"Niemann, Hans Moke","Shetty, A.",1-0,49,black,"Shetty, A.",Qe6,1,Qe6,18,17,18
132,National Open 2021,2021.06.18,5.4,"Niemann, Hans Moke","Shetty, A.",1-0,50,white,"Niemann, Hans Moke",Qd3,1,Qd3,18,17,18
132,National Open 2021,2021.06.18,5.4,"Niemann, Hans Moke","Shetty, A.",1-0,51,black,"Shetty, A.",c5,4,Re8,18,17,18
132,National Open 2021,2021.06.18,5.4,"Niemann, Hans Moke","Shetty, A.",1-0,52,white,"Niemann, Hans Moke",f3,1,f3,18,17,18
132,National Open 2021,2021.06.18,5.4,"Niemann, Hans Moke","Shetty, A.",1-0,53,black,"Shetty, A.",c4,2,Rxe5,17,16,17
132,National Open 2021,2021.06.18,5.4,"Niemann, Hans Moke","Shetty, A.",1-0,54,white,"Niemann, Hans Moke",Nxc4,1,Nxc4,19,19,19
132,National Open 2021,2021.06.18,5.4,"Niemann, Hans Moke","Shetty, A.",1-0,55,black,"Shetty, A.",Rxd4,1,Rxd4,18,17,18
132,National Open 2021,2021.06.18,5.4,"Niemann, Hans Moke","Shetty, A.",1-0,56,white,"Niemann, Hans Moke",exd4,1,exd4,18,17,18
132,National Open 2021,2021.06.18,5.4,"Niemann, Hans Moke","Shetty, A.",1-0,57,black,"Shetty, A.",dxc4,1,dxc4,17,16,17
132,National Open 2021,2021.06.18,5.4,"Niemann, Hans Moke","Shetty, A.",1-0,58,white,"Niemann, Hans Moke",Qh7+,3,Qf5,18,17,18
132,National Open 2021,2021.06.18,5.4,"Niemann, Hans Moke","Shetty, A.",1-0,59,black,"Shetty, A.",Kf8,1,Kf8,26,26,26
132,National Open 2021,2021.06.18,5.4,"Niemann, Hans Moke","Shetty, A.",1-0,60,white,"Niemann, Hans Moke",Rhe1,1,Rhe1,18,17,18
132,National Open 2021,2021.06.18,5.4,"Niemann, Hans Moke","Shetty, A.",1-0,61,black,"Shetty, A.",Qd7,3,Qd5,19,18,19
132,National Open 2021,2021.06.18,5.4,"Niemann, Hans Moke","Shetty, A.",1-0,62,white,"Niemann, Hans Moke",Qf5,2,Re2,18,17,18
132,National Open 2021,2021.06.18,5.4,"Niemann, Hans Moke","Shetty, A.",1-0,63,black,"Shetty, A.",Qxf5+,1,Qxf5+,15,15,15
132,National Open 2021,2021.06.18,5.4,"Niemann, Hans Moke","Shetty, A.",1-0,64,white,"Niemann, Hans Moke",gxf5,1,gxf5,20,19,20
132,National Open 2021,2021.06.18,5.4,"Niemann, Hans Moke","Shetty, A.",1-0,65,black,"Shetty, A.",Rd8,2,Rc6,18,17,18
132,National Open 2021,2021.06.18,5.4,"Niemann, Hans Moke","Shetty, A.",1-0,66,white,"Niemann, Hans Moke",d5,1,d5,18,18,18
132,National Open 2021,2021.06.18,5.4,"Niemann, Hans Moke","Shetty, A.",1-0,67,black,"Shetty, A.",Rd6,1,Rd6,20,19,20
132,National Open 2021,2021.06.18,5.4,"Niemann, Hans Moke","Shetty, A.",1-0,68,white,"Niemann, Hans Moke",a4,6,Kc2,19,18,19
132,National Open 2021,2021.06.18,5.4,"Niemann, Hans Moke","Shetty, A.",1-0,69,black,"Shetty, A.",a6,1,a6,19,18,19
132,National Open 2021,2021.06.18,5.4,"Niemann, Hans Moke","Shetty, A.",1-0,70,white,"Niemann, Hans Moke",Re4,2,Re3,19,18,19
132,National Open 2021,2021.06.18,5.4,"Niemann, Hans Moke","Shetty, A.",1-0,71,black,"Shetty, A.",b5,1,b5,18,17,18
132,National Open 2021,2021.06.18,5.4,"Niemann, Hans Moke","Shetty, A.",1-0,72,white,"Niemann, Hans Moke",Kc2,3,b3,19,18,19
132,National Open 2021,2021.06.18,5.4,"Niemann, Hans Moke","Shetty, A.",1-0,73,black,"Shetty, A.",Bf6,1,Bf6,18,17,18
132,National Open 2021,2021.06.18,5.4,"Niemann, Hans Moke","Shetty, A.",1-0,74,white,"Niemann, Hans Moke",axb5,2,b3,19,18,19
132,National Open 2021,2021.06.18,5.4,"Niemann, Hans Moke","Shetty, A.",1-0,75,black,"Shetty, A.",axb5,1,axb5,17,17,17
132,National Open 2021,2021.06.18,5.4,"Niemann, Hans Moke","Shetty, A.",1-0,76,white,"Niemann, Hans Moke",b3,1,b3,18,17,18
132,National Open 2021,2021.06.18,5.4,"Niemann, Hans Moke","Shetty, A.",1-0,77,black,"Shetty, A.",cxb3+,1,cxb3+,18,17,18
132,National Open 2021,2021.06.18,5.4,"Niemann, Hans Moke","Shetty, A.",1-0,78,white,"Niemann, Hans Moke",Kxb3,1,Kxb3,22,21,22
132,National Open 2021,2021.06.18,5.4,"Niemann, Hans Moke","Shetty, A.",1-0,79,black,"Shetty, A.",Be7,2,Bd8,18,17,18
132,National Open 2021,2021.06.18,5.4,"Niemann, Hans Moke","Shetty, A.",1-0,80,white,"Niemann, Hans Moke",Rde1,2,Rd3,19,18,19
132,National Open 2021,2021.06.18,5.4,"Niemann, Hans Moke","Shetty, A.",1-0,81,black,"Shetty, A.",Rd7,3,Bd8,18,17,18
132,National Open 2021,2021.06.18,5.4,"Niemann, Hans Moke","Shetty, A.",1-0,82,white,"Niemann, Hans Moke",d6,1,d6,19,18,19
132,National Open 2021,2021.06.18,5.4,"Niemann, Hans Moke","Shetty, A.",1-0,83,black,"Shetty, A.",Bxd6,4,Rxd6,18,17,18
132,National Open 2021,2021.06.18,5.4,"Niemann, Hans Moke","Shetty, A.",1-0,84,white,"Niemann, Hans Moke",f6,1,f6,20,20,20
132,National Open 2021,2021.06.18,5.4,"Niemann, Hans Moke","Shetty, A.",1-0,85,black,"Shetty, A.",Rd8,1,Rd8,23,22,23
132,National Open 2021,2021.06.18,5.4,"Niemann, Hans Moke","Shetty, A.",1-0,86,white,"Niemann, Hans Moke",Rh1,1,Rh1,18,17,18
132,National Open 2021,2021.06.18,5.4,"Niemann, Hans Moke","Shetty, A.",1-0,87,black,"Shetty, A.",Kg8,1,Kg8,26,26,26
132,National Open 2021,2021.06.18,5.4,"Niemann, Hans Moke","Shetty, A.",1-0,88,white,"Niemann, Hans Moke",Rh5,3,Rg1,20,19,20
132,National Open 2021,2021.06.18,5.4,"Niemann, Hans Moke","Shetty, A.",1-0,89,black,"Shetty, A.",Bf4,1,Bf4,22,21,22
132,National Open 2021,2021.06.18,5.4,"Niemann, Hans Moke","Shetty, A.",1-0,90,white,"Niemann, Hans Moke",Re1,1,Re1,21,20,21
132,National Open 2021,2021.06.18,5.4,"Niemann, Hans Moke","Shetty, A.",1-0,91,black,"Shetty, A.",Rd3+,1,Rd3+,23,23,23
132,National Open 2021,2021.06.18,5.4,"Niemann, Hans Moke","Shetty, A.",1-0,92,white,"Niemann, Hans Moke",Kc2,1,Kc2,25,24,25
132,National Open 2021,2021.06.18,5.4,"Niemann, Hans Moke","Shetty, A.",1-0,93,black,"Shetty, A.",Rd2+,3,Rd8,26,25,26
132,National Open 2021,2021.06.18,5.4,"Niemann, Hans Moke","Shetty, A.",1-0,94,white,"Niemann, Hans Moke",Kb1,1,Kb1,25,24,25
132,National Open 2021,2021.06.18,5.4,"Niemann, Hans Moke","Shetty, A.",1-0,95,black,"Shetty, A.",Rh2,>10,Be3,107,107,107
132,National Open 2021,2021.06.18,5.4,"Niemann, Hans Moke","Shetty, A.",1-0,96,white,"Niemann, Hans Moke",Re8#,1,Re8#,19,18,19
133,National Open 2021,2021.06.18,4.7,"Ostrovskiy, Al","Niemann, Hans Moke",0-1,0,white,"Ostrovskiy, Al",c4,B,,,,
133,National Open 2021,2021.06.18,4.7,"Ostrovskiy, Al","Niemann, Hans Moke",0-1,1,black,"Niemann, Hans Moke",e6,B,,,,
133,National Open 2021,2021.06.18,4.7,"Ostrovskiy, Al","Niemann, Hans Moke",0-1,2,white,"Ostrovskiy, Al",Nc3,B,,,,
133,National Open 2021,2021.06.18,4.7,"Ostrovskiy, Al","Niemann, Hans Moke",0-1,3,black,"Niemann, Hans Moke",d5,B,,,,
133,National Open 2021,2021.06.18,4.7,"Ostrovskiy, Al","Niemann, Hans Moke",0-1,4,white,"Ostrovskiy, Al",e3,B,,,,
133,National Open 2021,2021.06.18,4.7,"Ostrovskiy, Al","Niemann, Hans Moke",0-1,5,black,"Niemann, Hans Moke",a6,4,Nf6,19,18,19
133,National Open 2021,2021.06.18,4.7,"Ostrovskiy, Al","Niemann, Hans Moke",0-1,6,white,"Ostrovskiy, Al",Nf3,1,Nf3,19,18,19
133,National Open 2021,2021.06.18,4.7,"Ostrovskiy, Al","Niemann, Hans Moke",0-1,7,black,"Niemann, Hans Moke",Nf6,4,c5,19,18,19
133,National Open 2021,2021.06.18,4.7,"Ostrovskiy, Al","Niemann, Hans Moke",0-1,8,white,"Ostrovskiy, Al",b3,1,b3,20,20,20
133,National Open 2021,2021.06.18,4.7,"Ostrovskiy, Al","Niemann, Hans Moke",0-1,9,black,"Niemann, Hans Moke",b6,5,Bd6,18,17,18
133,National Open 2021,2021.06.18,4.7,"Ostrovskiy, Al","Niemann, Hans Moke",0-1,10,white,"Ostrovskiy, Al",Bb2,2,g3,18,18,18
133,National Open 2021,2021.06.18,4.7,"Ostrovskiy, Al","Niemann, Hans Moke",0-1,11,black,"Niemann, Hans Moke",Bb7,2,dxc4,18,17,18
133,National Open 2021,2021.06.18,4.7,"Ostrovskiy, Al","Niemann, Hans Moke",0-1,12,white,"Ostrovskiy, Al",Rc1,3,g3,18,17,18
133,National Open 2021,2021.06.18,4.7,"Ostrovskiy, Al","Niemann, Hans Moke",0-1,13,black,"Niemann, Hans Moke",Nbd7,1,Nbd7,18,17,18
133,National Open 2021,2021.06.18,4.7,"Ostrovskiy, Al","Niemann, Hans Moke",0-1,14,white,"Ostrovskiy, Al",cxd5,1,cxd5,19,19,19
133,National Open 2021,2021.06.18,4.7,"Ostrovskiy, Al","Niemann, Hans Moke",0-1,15,black,"Niemann, Hans Moke",exd5,1,exd5,17,16,17
133,National Open 2021,2021.06.18,4.7,"Ostrovskiy, Al","Niemann, Hans Moke",0-1,16,white,"Ostrovskiy, Al",Ne2,4,Bd3,18,17,18
133,National Open 2021,2021.06.18,4.7,"Ostrovskiy, Al","Niemann, Hans Moke",0-1,17,black,"Niemann, Hans Moke",g6,5,b5,18,17,18
133,National Open 2021,2021.06.18,4.7,"Ostrovskiy, Al","Niemann, Hans Moke",0-1,18,white,"Ostrovskiy, Al",g3,1,g3,18,17,18
133,National Open 2021,2021.06.18,4.7,"Ostrovskiy, Al","Niemann, Hans Moke",0-1,19,black,"Niemann, Hans Moke",Bd6,1,Bd6,18,17,18
133,National Open 2021,2021.06.18,4.7,"Ostrovskiy, Al","Niemann, Hans Moke",0-1,20,white,"Ostrovskiy, Al",Bg2,1,Bg2,18,17,18
133,National Open 2021,2021.06.18,4.7,"Ostrovskiy, Al","Niemann, Hans Moke",0-1,21,black,"Niemann, Hans Moke",O-O,1,O-O,17,16,17
133,National Open 2021,2021.06.18,4.7,"Ostrovskiy, Al","Niemann, Hans Moke",0-1,22,white,"Ostrovskiy, Al",O-O,1,O-O,18,17,18
133,National Open 2021,2021.06.18,4.7,"Ostrovskiy, Al","Niemann, Hans Moke",0-1,23,black,"Niemann, Hans Moke",Qe7,3,Re8,17,16,17
133,National Open 2021,2021.06.18,4.7,"Ostrovskiy, Al","Niemann, Hans Moke",0-1,24,white,"Ostrovskiy, Al",Rc2,7,Re1,17,16,17
133,National Open 2021,2021.06.18,4.7,"Ostrovskiy, Al","Niemann, Hans Moke",0-1,25,black,"Niemann, Hans Moke",Rfe8,1,Rfe8,17,17,17
133,National Open 2021,2021.06.18,4.7,"Ostrovskiy, Al","Niemann, Hans Moke",0-1,26,white,"Ostrovskiy, Al",Qa1,>10,d3,17,16,17
133,National Open 2021,2021.06.18,4.7,"Ostrovskiy, Al","Niemann, Hans Moke",0-1,27,black,"Niemann, Hans Moke",Rad8,6,b5,17,16,17
133,National Open 2021,2021.06.18,4.7,"Ostrovskiy, Al","Niemann, Hans Moke",0-1,28,white,"Ostrovskiy, Al",Rfc1,2,Nf4,17,16,17
133,National Open 2021,2021.06.18,4.7,"Ostrovskiy, Al","Niemann, Hans Moke",0-1,29,black,"Niemann, Hans Moke",c5,1,c5,17,17,17
133,National Open 2021,2021.06.18,4.7,"Ostrovskiy, Al","Niemann, Hans Moke",0-1,30,white,"Ostrovskiy, Al",d4,2,d3,17,17,17
133,National Open 2021,2021.06.18,4.7,"Ostrovskiy, Al","Niemann, Hans Moke",0-1,31,black,"Niemann, Hans Moke",Ne4,1,Ne4,17,16,17
133,National Open 2021,2021.06.18,4.7,"Ostrovskiy, Al","Niemann, Hans Moke",0-1,32,white,"Ostrovskiy, Al",Nf4,5,dxc5,17,16,17
133,National Open 2021,2021.06.18,4.7,"Ostrovskiy, Al","Niemann, Hans Moke",0-1,33,black,"Niemann, Hans Moke",c4,2,g5,17,17,17
133,National Open 2021,2021.06.18,4.7,"Ostrovskiy, Al","Niemann, Hans Moke",0-1,34,white,"Ostrovskiy, Al",bxc4,2,Ne5,17,16,17
133,National Open 2021,2021.06.18,4.7,"Ostrovskiy, Al","Niemann, Hans Moke",0-1,35,black,"Niemann, Hans Moke",dxc4,1,dxc4,18,17,18
133,National Open 2021,2021.06.18,4.7,"Ostrovskiy, Al","Niemann, Hans Moke",0-1,36,white,"Ostrovskiy, Al",Ne5,>10,Rxc4,16,15,16
133,National Open 2021,2021.06.18,4.7,"Ostrovskiy, Al","Niemann, Hans Moke",0-1,37,black,"Niemann, Hans Moke",b5,1,b5,18,17,18
133,National Open 2021,2021.06.18,4.7,"Ostrovskiy, Al","Niemann, Hans Moke",0-1,38,white,"Ostrovskiy, Al",Nxd7,1,Nxd7,18,17,18
133,National Open 2021,2021.06.18,4.7,"Ostrovskiy, Al","Niemann, Hans Moke",0-1,39,black,"Niemann, Hans Moke",Rxd7,1,Rxd7,17,17,17
133,National Open 2021,2021.06.18,4.7,"Ostrovskiy, Al","Niemann, Hans Moke",0-1,40,white,"Ostrovskiy, Al",d5,4,f3,17,16,17
133,National Open 2021,2021.06.18,4.7,"Ostrovskiy, Al","Niemann, Hans Moke",0-1,41,black,"Niemann, Hans Moke",Be5,6,Bxf4,17,16,17
133,National Open 2021,2021.06.18,4.7,"Ostrovskiy, Al","Niemann, Hans Moke",0-1,42,white,"Ostrovskiy, Al",Bxe5,2,Rd1,17,16,17
133,National Open 2021,2021.06.18,4.7,"Ostrovskiy, Al","Niemann, Hans Moke",0-1,43,black,"Niemann, Hans Moke",Qxe5,1,Qxe5,18,17,18
133,National Open 2021,2021.06.18,4.7,"Ostrovskiy, Al","Niemann, Hans Moke",0-1,44,white,"Ostrovskiy, Al",Qxe5,2,f3,18,17,18
133,National Open 2021,2021.06.18,4.7,"Ostrovskiy, Al","Niemann, Hans Moke",0-1,45,black,"Niemann, Hans Moke",Rxe5,1,Rxe5,16,15,16
133,National Open 2021,2021.06.18,4.7,"Ostrovskiy, Al","Niemann, Hans Moke",0-1,46,white,"Ostrovskiy, Al",f3,2,a4,18,17,18
133,National Open 2021,2021.06.18,4.7,"Ostrovskiy, Al","Niemann, Hans Moke",0-1,47,black,"Niemann, Hans Moke",Nc5,1,Nc5,18,17,18
133,National Open 2021,2021.06.18,4.7,"Ostrovskiy, Al","Niemann, Hans Moke",0-1,48,white,"Ostrovskiy, Al",e4,1,e4,17,16,17
133,National Open 2021,2021.06.18,4.7,"Ostrovskiy, Al","Niemann, Hans Moke",0-1,49,black,"Niemann, Hans Moke",f5,1,f5,17,16,17
133,National Open 2021,2021.06.18,4.7,"Ostrovskiy, Al","Niemann, Hans Moke",0-1,50,white,"Ostrovskiy, Al",Rb1,6,Ra1,16,15,16
133,National Open 2021,2021.06.18,4.7,"Ostrovskiy, Al","Niemann, Hans Moke",0-1,51,black,"Niemann, Hans Moke",Kf8,1,Kf8,16,15,16
133,National Open 2021,2021.06.18,4.7,"Ostrovskiy, Al","Niemann, Hans Moke",0-1,52,white,"Ostrovskiy, Al",a4,5,h4,16,15,16
133,National Open 2021,2021.06.18,4.7,"Ostrovskiy, Al","Niemann, Hans Moke",0-1,53,black,"Niemann, Hans Moke",Nxa4,1,Nxa4,17,17,17
133,National Open 2021,2021.06.18,4.7,"Ostrovskiy, Al","Niemann, Hans Moke",0-1,54,white,"Ostrovskiy, Al",Ne6+,4,h4,15,15,15
133,National Open 2021,2021.06.18,4.7,"Ostrovskiy, Al","Niemann, Hans Moke",0-1,55,black,"Niemann, Hans Moke",Ke7,1,Ke7,18,17,18
133,National Open 2021,2021.06.18,4.7,"Ostrovskiy, Al","Niemann, Hans Moke",0-1,56,white,"Ostrovskiy, Al",f4,>10,Nd4,16,15,16
133,National Open 2021,2021.06.18,4.7,"Ostrovskiy, Al","Niemann, Hans Moke",0-1,57,black,"Niemann, Hans Moke",Rxe4,1,Rxe4,18,17,18
133,National Open 2021,2021.06.18,4.7,"Ostrovskiy, Al","Niemann, Hans Moke",0-1,58,white,"Ostrovskiy, Al",Bxe4,1,Bxe4,17,16,17
133,National Open 2021,2021.06.18,4.7,"Ostrovskiy, Al","Niemann, Hans Moke",0-1,59,black,"Niemann, Hans Moke",fxe4,1,fxe4,18,17,18
133,National Open 2021,2021.06.18,4.7,"Ostrovskiy, Al","Niemann, Hans Moke",0-1,60,white,"Ostrovskiy, Al",Ng5,1,Ng5,16,15,16
133,National Open 2021,2021.06.18,4.7,"Ostrovskiy, Al","Niemann, Hans Moke",0-1,61,black,"Niemann, Hans Moke",Bxd5,2,Nc5,17,16,17
133,National Open 2021,2021.06.18,4.7,"Ostrovskiy, Al","Niemann, Hans Moke",0-1,62,white,"Ostrovskiy, Al",Nxh7,1,Nxh7,16,15,16
133,National Open 2021,2021.06.18,4.7,"Ostrovskiy, Al","Niemann, Hans Moke",0-1,63,black,"Niemann, Hans Moke",c3,1,c3,17,16,17
133,National Open 2021,2021.06.18,4.7,"Ostrovskiy, Al","Niemann, Hans Moke",0-1,64,white,"Ostrovskiy, Al",Ng5,1,Ng5,17,17,17
133,National Open 2021,2021.06.18,4.7,"Ostrovskiy, Al","Niemann, Hans Moke",0-1,65,black,"Niemann, Hans Moke",Bc4,4,Rb7,17,16,17
133,National Open 2021,2021.06.18,4.7,"Ostrovskiy, Al","Niemann, Hans Moke",0-1,66,white,"Ostrovskiy, Al",Re1,2,Rcc1,17,16,17
133,National Open 2021,2021.06.18,4.7,"Ostrovskiy, Al","Niemann, Hans Moke",0-1,67,black,"Niemann, Hans Moke",Bd3,1,Bd3,17,16,17
133,National Open 2021,2021.06.18,4.7,"Ostrovskiy, Al","Niemann, Hans Moke",0-1,68,white,"Ostrovskiy, Al",Rcc1,1,Rcc1,16,15,16
133,National Open 2021,2021.06.18,4.7,"Ostrovskiy, Al","Niemann, Hans Moke",0-1,69,black,"Niemann, Hans Moke",Rd4,2,b4,17,16,17
133,National Open 2021,2021.06.18,4.7,"Ostrovskiy, Al","Niemann, Hans Moke",0-1,70,white,"Ostrovskiy, Al",Nf3,3,Kf2,16,15,16
133,National Open 2021,2021.06.18,4.7,"Ostrovskiy, Al","Niemann, Hans Moke",0-1,71,black,"Niemann, Hans Moke",Rd5,1,Rd5,17,16,17
133,National Open 2021,2021.06.18,4.7,"Ostrovskiy, Al","Niemann, Hans Moke",0-1,72,white,"Ostrovskiy, Al",Ne5,7,Nh4,16,15,16
133,National Open 2021,2021.06.18,4.7,"Ostrovskiy, Al","Niemann, Hans Moke",0-1,73,black,"Niemann, Hans Moke",Rxe5,1,Rxe5,17,17,17
133,National Open 2021,2021.06.18,4.7,"Ostrovskiy, Al","Niemann, Hans Moke",0-1,74,white,"Ostrovskiy, Al",fxe5,1,fxe5,15,15,15
133,National Open 2021,2021.06.18,4.7,"Ostrovskiy, Al","Niemann, Hans Moke",0-1,75,black,"Niemann, Hans Moke",b4,1,b4,17,16,17
133,National Open 2021,2021.06.18,4.7,"Ostrovskiy, Al","Niemann, Hans Moke",0-1,76,white,"Ostrovskiy, Al",Ra1,1,Ra1,16,15,16
133,National Open 2021,2021.06.18,4.7,"Ostrovskiy, Al","Niemann, Hans Moke",0-1,77,black,"Niemann, Hans Moke",Nb6,2,Nc5,16,15,16
133,National Open 2021,2021.06.18,4.7,"Ostrovskiy, Al","Niemann, Hans Moke",0-1,78,white,"Ostrovskiy, Al",Kf2,9,g4,15,14,15
133,National Open 2021,2021.06.18,4.7,"Ostrovskiy, Al","Niemann, Hans Moke",0-1,79,black,"Niemann, Hans Moke",b3,5,c2,17,16,17
133,National Open 2021,2021.06.18,4.7,"Ostrovskiy, Al","Niemann, Hans Moke",0-1,80,white,"Ostrovskiy, Al",Ra3,1,Ra3,14,13,14
133,National Open 2021,2021.06.18,4.7,"Ostrovskiy, Al","Niemann, Hans Moke",0-1,81,black,"Niemann, Hans Moke",Bc4,2,Bc2,18,17,18
133,National Open 2021,2021.06.18,4.7,"Ostrovskiy, Al","Niemann, Hans Moke",0-1,82,white,"Ostrovskiy, Al",Ke3,1,Ke3,18,17,18
133,National Open 2021,2021.06.18,4.7,"Ostrovskiy, Al","Niemann, Hans Moke",0-1,83,black,"Niemann, Hans Moke",a5,1,a5,16,15,16
133,National Open 2021,2021.06.18,4.7,"Ostrovskiy, Al","Niemann, Hans Moke",0-1,84,white,"Ostrovskiy, Al",Rxa5,2,Kxe4,16,15,16
133,National Open 2021,2021.06.18,4.7,"Ostrovskiy, Al","Niemann, Hans Moke",0-1,85,black,"Niemann, Hans Moke",b2,1,b2,16,15,16
133,National Open 2021,2021.06.18,4.7,"Ostrovskiy, Al","Niemann, Hans Moke",0-1,86,white,"Ostrovskiy, Al",Ra7+,1,Ra7+,16,16,16
133,National Open 2021,2021.06.18,4.7,"Ostrovskiy, Al","Niemann, Hans Moke",0-1,87,black,"Niemann, Hans Moke",Ke8,3,Ke6,21,20,21
133,National Open 2021,2021.06.18,4.7,"Ostrovskiy, Al","Niemann, Hans Moke",0-1,88,white,"Ostrovskiy, Al",Kxe4,1,Kxe4,16,15,16
133,National Open 2021,2021.06.18,4.7,"Ostrovskiy, Al","Niemann, Hans Moke",0-1,89,black,"Niemann, Hans Moke",c2,1,c2,20,19,20
133,National Open 2021,2021.06.18,4.7,"Ostrovskiy, Al","Niemann, Hans Moke",0-1,90,white,"Ostrovskiy, Al",Raa1,1,Raa1,14,13,14
133,National Open 2021,2021.06.18,4.7,"Ostrovskiy, Al","Niemann, Hans Moke",0-1,91,black,"Niemann, Hans Moke",Ba2,2,Na4,19,18,19
133,National Open 2021,2021.06.18,4.7,"Ostrovskiy, Al","Niemann, Hans Moke",0-1,92,white,"Ostrovskiy, Al",Kf4,6,Ke3,15,14,15
133,National Open 2021,2021.06.18,4.7,"Ostrovskiy, Al","Niemann, Hans Moke",0-1,93,black,"Niemann, Hans Moke",bxa1=Q,1,bxa1=Q,17,16,17
133,National Open 2021,2021.06.18,4.7,"Ostrovskiy, Al","Niemann, Hans Moke",0-1,94,white,"Ostrovskiy, Al",Rxa1,1,Rxa1,23,22,23
133,National Open 2021,2021.06.18,4.7,"Ostrovskiy, Al","Niemann, Hans Moke",0-1,95,black,"Niemann, Hans Moke",Bb1,1,Bb1,16,15,16
134,National Open 2021,2021.06.19,7.3,"Niemann, Hans Moke","Guo, Arthur",0-1,0,white,"Niemann, Hans Moke",d4,B,,,,
134,National Open 2021,2021.06.19,7.3,"Niemann, Hans Moke","Guo, Arthur",0-1,1,black,"Guo, Arthur",Nf6,B,,,,
134,National Open 2021,2021.06.19,7.3,"Niemann, Hans Moke","Guo, Arthur",0-1,2,white,"Niemann, Hans Moke",c4,B,,,,
134,National Open 2021,2021.06.19,7.3,"Niemann, Hans Moke","Guo, Arthur",0-1,3,black,"Guo, Arthur",e6,B,,,,
134,National Open 2021,2021.06.19,7.3,"Niemann, Hans Moke","Guo, Arthur",0-1,4,white,"Niemann, Hans Moke",Nf3,B,,,,
134,National Open 2021,2021.06.19,7.3,"Niemann, Hans Moke","Guo, Arthur",0-1,5,black,"Guo, Arthur",d5,B,,,,
134,National Open 2021,2021.06.19,7.3,"Niemann, Hans Moke","Guo, Arthur",0-1,6,white,"Niemann, Hans Moke",g3,B,,,,
134,National Open 2021,2021.06.19,7.3,"Niemann, Hans Moke","Guo, Arthur",0-1,7,black,"Guo, Arthur",Be7,B,,,,
134,National Open 2021,2021.06.19,7.3,"Niemann, Hans Moke","Guo, Arthur",0-1,8,white,"Niemann, Hans Moke",Bg2,B,,,,
134,National Open 2021,2021.06.19,7.3,"Niemann, Hans Moke","Guo, Arthur",0-1,9,black,"Guo, Arthur",O-O,B,,,,
134,National Open 2021,2021.06.19,7.3,"Niemann, Hans Moke","Guo, Arthur",0-1,10,white,"Niemann, Hans Moke",O-O,B,,,,
134,National Open 2021,2021.06.19,7.3,"Niemann, Hans Moke","Guo, Arthur",0-1,11,black,"Guo, Arthur",c6,B,,,,
134,National Open 2021,2021.06.19,7.3,"Niemann, Hans Moke","Guo, Arthur",0-1,12,white,"Niemann, Hans Moke",Nc3,B,,,,
134,National Open 2021,2021.06.19,7.3,"Niemann, Hans Moke","Guo, Arthur",0-1,13,black,"Guo, Arthur",Nbd7,B,,,,
134,National Open 2021,2021.06.19,7.3,"Niemann, Hans Moke","Guo, Arthur",0-1,14,white,"Niemann, Hans Moke",Nd2,B,,,,
134,National Open 2021,2021.06.19,7.3,"Niemann, Hans Moke","Guo, Arthur",0-1,15,black,"Guo, Arthur",b6,9,b5,18,17,18
134,National Open 2021,2021.06.19,7.3,"Niemann, Hans Moke","Guo, Arthur",0-1,16,white,"Niemann, Hans Moke",e4,B,,,,
134,National Open 2021,2021.06.19,7.3,"Niemann, Hans Moke","Guo, Arthur",0-1,17,black,"Guo, Arthur",dxc4,1,dxc4,19,18,19
134,National Open 2021,2021.06.19,7.3,"Niemann, Hans Moke","Guo, Arthur",0-1,18,white,"Niemann, Hans Moke",Nxc4,B,,,,
134,National Open 2021,2021.06.19,7.3,"Niemann, Hans Moke","Guo, Arthur",0-1,19,black,"Guo, Arthur",Ba6,1,Ba6,17,16,17
134,National Open 2021,2021.06.19,7.3,"Niemann, Hans Moke","Guo, Arthur",0-1,20,white,"Niemann, Hans Moke",b3,B,,,,
134,National Open 2021,2021.06.19,7.3,"Niemann, Hans Moke","Guo, Arthur",0-1,21,black,"Guo, Arthur",b5,1,b5,18,17,18
134,National Open 2021,2021.06.19,7.3,"Niemann, Hans Moke","Guo, Arthur",0-1,22,white,"Niemann, Hans Moke",Ne3,B,,,,
134,National Open 2021,2021.06.19,7.3,"Niemann, Hans Moke","Guo, Arthur",0-1,23,black,"Guo, Arthur",b4,3,Qb6,18,18,18
134,National Open 2021,2021.06.19,7.3,"Niemann, Hans Moke","Guo, Arthur",0-1,24,white,"Niemann, Hans Moke",Ne2,B,,,,
134,National Open 2021,2021.06.19,7.3,"Niemann, Hans Moke","Guo, Arthur",0-1,25,black,"Guo, Arthur",e5,8,Rc8,17,17,17
134,National Open 2021,2021.06.19,7.3,"Niemann, Hans Moke","Guo, Arthur",0-1,26,white,"Niemann, Hans Moke",Bb2,1,Bb2,17,16,17
134,National Open 2021,2021.06.19,7.3,"Niemann, Hans Moke","Guo, Arthur",0-1,27,black,"Guo, Arthur",exd4,3,Qa5,18,17,18
134,National Open 2021,2021.06.19,7.3,"Niemann, Hans Moke","Guo, Arthur",0-1,28,white,"Niemann, Hans Moke",Bxd4,2,Nxd4,18,18,18
134,National Open 2021,2021.06.19,7.3,"Niemann, Hans Moke","Guo, Arthur",0-1,29,black,"Guo, Arthur",Nc5,1,Nc5,17,16,17
134,National Open 2021,2021.06.19,7.3,"Niemann, Hans Moke","Guo, Arthur",0-1,30,white,"Niemann, Hans Moke",Nf5,2,e5,17,17,17
134,National Open 2021,2021.06.19,7.3,"Niemann, Hans Moke","Guo, Arthur",0-1,31,black,"Guo, Arthur",Ne6,2,Nfxe4,17,16,17
134,National Open 2021,2021.06.19,7.3,"Niemann, Hans Moke","Guo, Arthur",0-1,32,white,"Niemann, Hans Moke",Bb2,7,Re1,17,17,17
134,National Open 2021,2021.06.19,7.3,"Niemann, Hans Moke","Guo, Arthur",0-1,33,black,"Guo, Arthur",Bc5,1,Bc5,17,16,17
134,National Open 2021,2021.06.19,7.3,"Niemann, Hans Moke","Guo, Arthur",0-1,34,white,"Niemann, Hans Moke",e5,4,Qe1,17,16,17
134,National Open 2021,2021.06.19,7.3,"Niemann, Hans Moke","Guo, Arthur",0-1,35,black,"Guo, Arthur",Qxd1,4,Ng4,18,18,18
134,National Open 2021,2021.06.19,7.3,"Niemann, Hans Moke","Guo, Arthur",0-1,36,white,"Niemann, Hans Moke",Rfxd1,1,Rfxd1,17,16,17
134,National Open 2021,2021.06.19,7.3,"Niemann, Hans Moke","Guo, Arthur",0-1,37,black,"Guo, Arthur",Ng4,1,Ng4,18,17,18
134,National Open 2021,2021.06.19,7.3,"Niemann, Hans Moke","Guo, Arthur",0-1,38,white,"Niemann, Hans Moke",Ned4,1,Ned4,17,16,17
134,National Open 2021,2021.06.19,7.3,"Niemann, Hans Moke","Guo, Arthur",0-1,39,black,"Guo, Arthur",Nxe5,1,Nxe5,18,17,18
134,National Open 2021,2021.06.19,7.3,"Niemann, Hans Moke","Guo, Arthur",0-1,40,white,"Niemann, Hans Moke",Nxc6,7,Rd2,19,18,19
134,National Open 2021,2021.06.19,7.3,"Niemann, Hans Moke","Guo, Arthur",0-1,41,black,"Guo, Arthur",Nxc6,1,Nxc6,17,16,17
134,National Open 2021,2021.06.19,7.3,"Niemann, Hans Moke","Guo, Arthur",0-1,42,white,"Niemann, Hans Moke",Bxc6,1,Bxc6,17,16,17
134,National Open 2021,2021.06.19,7.3,"Niemann, Hans Moke","Guo, Arthur",0-1,43,black,"Guo, Arthur",Rac8,1,Rac8,19,19,19
134,National Open 2021,2021.06.19,7.3,"Niemann, Hans Moke","Guo, Arthur",0-1,44,white,"Niemann, Hans Moke",Bd5,2,Be4,18,17,18
134,National Open 2021,2021.06.19,7.3,"Niemann, Hans Moke","Guo, Arthur",0-1,45,black,"Guo, Arthur",Bxf2+,1,Bxf2+,18,17,18
134,National Open 2021,2021.06.19,7.3,"Niemann, Hans Moke","Guo, Arthur",0-1,46,white,"Niemann, Hans Moke",Kh1,2,Kxf2,22,21,22
134,National Open 2021,2021.06.19,7.3,"Niemann, Hans Moke","Guo, Arthur",0-1,47,black,"Guo, Arthur",Rc2,1,Rc2,18,17,18
134,National Open 2021,2021.06.19,7.3,"Niemann, Hans Moke","Guo, Arthur",0-1,48,white,"Niemann, Hans Moke",Be5,1,Be5,17,16,17
134,National Open 2021,2021.06.19,7.3,"Niemann, Hans Moke","Guo, Arthur",0-1,49,black,"Guo, Arthur",Bc5,2,Be2,17,16,17
134,National Open 2021,2021.06.19,7.3,"Niemann, Hans Moke","Guo, Arthur",0-1,50,white,"Niemann, Hans Moke",Rac1,3,Bc6,17,16,17
134,National Open 2021,2021.06.19,7.3,"Niemann, Hans Moke","Guo, Arthur",0-1,51,black,"Guo, Arthur",Rxc1,1,Rxc1,18,17,18
134,National Open 2021,2021.06.19,7.3,"Niemann, Hans Moke","Guo, Arthur",0-1,52,white,"Niemann, Hans Moke",Rxc1,1,Rxc1,15,14,15
134,National Open 2021,2021.06.19,7.3,"Niemann, Hans Moke","Guo, Arthur",0-1,53,black,"Guo, Arthur",Rd8,1,Rd8,19,19,19
134,National Open 2021,2021.06.19,7.3,"Niemann, Hans Moke","Guo, Arthur",0-1,54,white,"Niemann, Hans Moke",Bg2,4,Bc6,19,19,19
134,National Open 2021,2021.06.19,7.3,"Niemann, Hans Moke","Guo, Arthur",0-1,55,black,"Guo, Arthur",f6,1,f6,17,16,17
134,National Open 2021,2021.06.19,7.3,"Niemann, Hans Moke","Guo, Arthur",0-1,56,white,"Niemann, Hans Moke",Bf4,4,Ba1,18,17,18
134,National Open 2021,2021.06.19,7.3,"Niemann, Hans Moke","Guo, Arthur",0-1,57,black,"Guo, Arthur",Bd3,1,Bd3,18,17,18
134,National Open 2021,2021.06.19,7.3,"Niemann, Hans Moke","Guo, Arthur",0-1,58,white,"Niemann, Hans Moke",Ne3,1,Ne3,18,17,18
134,National Open 2021,2021.06.19,7.3,"Niemann, Hans Moke","Guo, Arthur",0-1,59,black,"Guo, Arthur",g5,1,g5,18,17,18
135,National Open 2021,2021.06.19,6.1,"Hakobyan, Aram","Niemann, Hans Moke",1/2-1/2,0,white,"Hakobyan, Aram",d4,B,,,,
135,National Open 2021,2021.06.19,6.1,"Hakobyan, Aram","Niemann, Hans Moke",1/2-1/2,1,black,"Niemann, Hans Moke",d5,B,,,,
135,National Open 2021,2021.06.19,6.1,"Hakobyan, Aram","Niemann, Hans Moke",1/2-1/2,2,white,"Hakobyan, Aram",c4,B,,,,
135,National Open 2021,2021.06.19,6.1,"Hakobyan, Aram","Niemann, Hans Moke",1/2-1/2,3,black,"Niemann, Hans Moke",e6,B,,,,
135,National Open 2021,2021.06.19,6.1,"Hakobyan, Aram","Niemann, Hans Moke",1/2-1/2,4,white,"Hakobyan, Aram",Nf3,B,,,,
135,National Open 2021,2021.06.19,6.1,"Hakobyan, Aram","Niemann, Hans Moke",1/2-1/2,5,black,"Niemann, Hans Moke",a6,B,,,,
135,National Open 2021,2021.06.19,6.1,"Hakobyan, Aram","Niemann, Hans Moke",1/2-1/2,6,white,"Hakobyan, Aram",cxd5,B,,,,
135,National Open 2021,2021.06.19,6.1,"Hakobyan, Aram","Niemann, Hans Moke",1/2-1/2,7,black,"Niemann, Hans Moke",exd5,B,,,,
135,National Open 2021,2021.06.19,6.1,"Hakobyan, Aram","Niemann, Hans Moke",1/2-1/2,8,white,"Hakobyan, Aram",Nc3,B,,,,
135,National Open 2021,2021.06.19,6.1,"Hakobyan, Aram","Niemann, Hans Moke",1/2-1/2,9,black,"Niemann, Hans Moke",Nf6,1,Nf6,17,16,17
135,National Open 2021,2021.06.19,6.1,"Hakobyan, Aram","Niemann, Hans Moke",1/2-1/2,10,white,"Hakobyan, Aram",Bg5,B,,,,
135,National Open 2021,2021.06.19,6.1,"Hakobyan, Aram","Niemann, Hans Moke",1/2-1/2,11,black,"Niemann, Hans Moke",Be6,3,c6,18,17,18
135,National Open 2021,2021.06.19,6.1,"Hakobyan, Aram","Niemann, Hans Moke",1/2-1/2,12,white,"Hakobyan, Aram",e3,B,,,,
135,National Open 2021,2021.06.19,6.1,"Hakobyan, Aram","Niemann, Hans Moke",1/2-1/2,13,black,"Niemann, Hans Moke",Nbd7,1,Nbd7,17,16,17
135,National Open 2021,2021.06.19,6.1,"Hakobyan, Aram","Niemann, Hans Moke",1/2-1/2,14,white,"Hakobyan, Aram",Bd3,1,Bd3,18,18,18
135,National Open 2021,2021.06.19,6.1,"Hakobyan, Aram","Niemann, Hans Moke",1/2-1/2,15,black,"Niemann, Hans Moke",c6,2,Be7,17,16,17
135,National Open 2021,2021.06.19,6.1,"Hakobyan, Aram","Niemann, Hans Moke",1/2-1/2,16,white,"Hakobyan, Aram",h3,2,O-O,18,17,18
135,National Open 2021,2021.06.19,6.1,"Hakobyan, Aram","Niemann, Hans Moke",1/2-1/2,17,black,"Niemann, Hans Moke",Bd6,1,Bd6,18,17,18
135,National Open 2021,2021.06.19,6.1,"Hakobyan, Aram","Niemann, Hans Moke",1/2-1/2,18,white,"Hakobyan, Aram",Bf4,1,Bf4,17,16,17
135,National Open 2021,2021.06.19,6.1,"Hakobyan, Aram","Niemann, Hans Moke",1/2-1/2,19,black,"Niemann, Hans Moke",Qc7,2,Bxf4,17,16,17
135,National Open 2021,2021.06.19,6.1,"Hakobyan, Aram","Niemann, Hans Moke",1/2-1/2,20,white,"Hakobyan, Aram",Qd2,4,Ne2,17,16,17
135,National Open 2021,2021.06.19,6.1,"Hakobyan, Aram","Niemann, Hans Moke",1/2-1/2,21,black,"Niemann, Hans Moke",O-O,1,O-O,17,16,17
135,National Open 2021,2021.06.19,6.1,"Hakobyan, Aram","Niemann, Hans Moke",1/2-1/2,22,white,"Hakobyan, Aram",O-O,1,O-O,18,17,18
135,National Open 2021,2021.06.19,6.1,"Hakobyan, Aram","Niemann, Hans Moke",1/2-1/2,23,black,"Niemann, Hans Moke",Rfe8,2,h6,17,17,17
135,National Open 2021,2021.06.19,6.1,"Hakobyan, Aram","Niemann, Hans Moke",1/2-1/2,24,white,"Hakobyan, Aram",Rfe1,1,Rfe1,18,18,18
135,National Open 2021,2021.06.19,6.1,"Hakobyan, Aram","Niemann, Hans Moke",1/2-1/2,25,black,"Niemann, Hans Moke",Rad8,3,Rac8,17,16,17
135,National Open 2021,2021.06.19,6.1,"Hakobyan, Aram","Niemann, Hans Moke",1/2-1/2,26,white,"Hakobyan, Aram",Rac1,5,a4,17,16,17
135,National Open 2021,2021.06.19,6.1,"Hakobyan, Aram","Niemann, Hans Moke",1/2-1/2,27,black,"Niemann, Hans Moke",Nh5,3,Nf8,17,16,17
135,National Open 2021,2021.06.19,6.1,"Hakobyan, Aram","Niemann, Hans Moke",1/2-1/2,28,white,"Hakobyan, Aram",Bxd6,1,Bxd6,18,17,18
135,National Open 2021,2021.06.19,6.1,"Hakobyan, Aram","Niemann, Hans Moke",1/2-1/2,29,black,"Niemann, Hans Moke",Qxd6,1,Qxd6,17,16,17
135,National Open 2021,2021.06.19,6.1,"Hakobyan, Aram","Niemann, Hans Moke",1/2-1/2,30,white,"Hakobyan, Aram",Na4,1,Na4,17,16,17
135,National Open 2021,2021.06.19,6.1,"Hakobyan, Aram","Niemann, Hans Moke",1/2-1/2,31,black,"Niemann, Hans Moke",g6,3,a5,18,17,18
135,National Open 2021,2021.06.19,6.1,"Hakobyan, Aram","Niemann, Hans Moke",1/2-1/2,32,white,"Hakobyan, Aram",b4,1,b4,17,16,17
135,National Open 2021,2021.06.19,6.1,"Hakobyan, Aram","Niemann, Hans Moke",1/2-1/2,33,black,"Niemann, Hans Moke",Nhf6,7,Ng7,19,18,19
135,National Open 2021,2021.06.19,6.1,"Hakobyan, Aram","Niemann, Hans Moke",1/2-1/2,34,white,"Hakobyan, Aram",Nc5,1,Nc5,18,17,18
135,National Open 2021,2021.06.19,6.1,"Hakobyan, Aram","Niemann, Hans Moke",1/2-1/2,35,black,"Niemann, Hans Moke",Nxc5,3,Qc7,17,16,17
135,National Open 2021,2021.06.19,6.1,"Hakobyan, Aram","Niemann, Hans Moke",1/2-1/2,36,white,"Hakobyan, Aram",bxc5,1,bxc5,18,17,18
135,National Open 2021,2021.06.19,6.1,"Hakobyan, Aram","Niemann, Hans Moke",1/2-1/2,37,black,"Niemann, Hans Moke",Qc7,2,Qf8,17,16,17
135,National Open 2021,2021.06.19,6.1,"Hakobyan, Aram","Niemann, Hans Moke",1/2-1/2,38,white,"Hakobyan, Aram",Rb1,1,Rb1,18,17,18
135,National Open 2021,2021.06.19,6.1,"Hakobyan, Aram","Niemann, Hans Moke",1/2-1/2,39,black,"Niemann, Hans Moke",Bc8,3,Re7,17,16,17
135,National Open 2021,2021.06.19,6.1,"Hakobyan, Aram","Niemann, Hans Moke",1/2-1/2,40,white,"Hakobyan, Aram",Qb2,7,Qb4,18,17,18
135,National Open 2021,2021.06.19,6.1,"Hakobyan, Aram","Niemann, Hans Moke",1/2-1/2,41,black,"Niemann, Hans Moke",Ne4,>10,Nh5,17,16,17
135,National Open 2021,2021.06.19,6.1,"Hakobyan, Aram","Niemann, Hans Moke",1/2-1/2,42,white,"Hakobyan, Aram",Qb6,>10,Bxe4,17,16,17
135,National Open 2021,2021.06.19,6.1,"Hakobyan, Aram","Niemann, Hans Moke",1/2-1/2,43,black,"Niemann, Hans Moke",Qe7,1,Qe7,18,17,18
135,National Open 2021,2021.06.19,6.1,"Hakobyan, Aram","Niemann, Hans Moke",1/2-1/2,44,white,"Hakobyan, Aram",Qa7,>10,a3,16,16,16
135,National Open 2021,2021.06.19,6.1,"Hakobyan, Aram","Niemann, Hans Moke",1/2-1/2,45,black,"Niemann, Hans Moke",Ng5,1,Ng5,16,15,16
135,National Open 2021,2021.06.19,6.1,"Hakobyan, Aram","Niemann, Hans Moke",1/2-1/2,46,white,"Hakobyan, Aram",Be2,3,Nxg5,18,17,18
135,National Open 2021,2021.06.19,6.1,"Hakobyan, Aram","Niemann, Hans Moke",1/2-1/2,47,black,"Niemann, Hans Moke",Nxf3+,1,Nxf3+,17,16,17
135,National Open 2021,2021.06.19,6.1,"Hakobyan, Aram","Niemann, Hans Moke",1/2-1/2,48,white,"Hakobyan, Aram",Bxf3,1,Bxf3,22,22,22
135,National Open 2021,2021.06.19,6.1,"Hakobyan, Aram","Niemann, Hans Moke",1/2-1/2,49,black,"Niemann, Hans Moke",b5,>10,Rd7,17,16,17
135,National Open 2021,2021.06.19,6.1,"Hakobyan, Aram","Niemann, Hans Moke",1/2-1/2,50,white,"Hakobyan, Aram",Qxe7,2,cxb6,17,16,17
135,National Open 2021,2021.06.19,6.1,"Hakobyan, Aram","Niemann, Hans Moke",1/2-1/2,51,black,"Niemann, Hans Moke",Rxe7,1,Rxe7,16,15,16
135,National Open 2021,2021.06.19,6.1,"Hakobyan, Aram","Niemann, Hans Moke",1/2-1/2,52,white,"Hakobyan, Aram",a4,1,a4,17,16,17
135,National Open 2021,2021.06.19,6.1,"Hakobyan, Aram","Niemann, Hans Moke",1/2-1/2,53,black,"Niemann, Hans Moke",Bf5,1,Bf5,18,17,18
135,National Open 2021,2021.06.19,6.1,"Hakobyan, Aram","Niemann, Hans Moke",1/2-1/2,54,white,"Hakobyan, Aram",Rb2,1,Rb2,19,18,19
135,National Open 2021,2021.06.19,6.1,"Hakobyan, Aram","Niemann, Hans Moke",1/2-1/2,55,black,"Niemann, Hans Moke",Ra8,8,Bd3,19,18,19
135,National Open 2021,2021.06.19,6.1,"Hakobyan, Aram","Niemann, Hans Moke",1/2-1/2,56,white,"Hakobyan, Aram",Ra1,1,Ra1,18,17,18
135,National Open 2021,2021.06.19,6.1,"Hakobyan, Aram","Niemann, Hans Moke",1/2-1/2,57,black,"Niemann, Hans Moke",Raa7,3,Rea7,19,18,19
135,National Open 2021,2021.06.19,6.1,"Hakobyan, Aram","Niemann, Hans Moke",1/2-1/2,58,white,"Hakobyan, Aram",Be2,1,Be2,19,18,19
135,National Open 2021,2021.06.19,6.1,"Hakobyan, Aram","Niemann, Hans Moke",1/2-1/2,59,black,"Niemann, Hans Moke",g5,1,g5,19,18,19
135,National Open 2021,2021.06.19,6.1,"Hakobyan, Aram","Niemann, Hans Moke",1/2-1/2,60,white,"Hakobyan, Aram",Rba2,4,Kf1,20,20,20
135,National Open 2021,2021.06.19,6.1,"Hakobyan, Aram","Niemann, Hans Moke",1/2-1/2,61,black,"Niemann, Hans Moke",Rab7,3,Rac7,18,17,18
135,National Open 2021,2021.06.19,6.1,"Hakobyan, Aram","Niemann, Hans Moke",1/2-1/2,62,white,"Hakobyan, Aram",Kf1,1,Kf1,19,19,19
135,National Open 2021,2021.06.19,6.1,"Hakobyan, Aram","Niemann, Hans Moke",1/2-1/2,63,black,"Niemann, Hans Moke",Be4,2,Kg7,18,17,18
135,National Open 2021,2021.06.19,6.1,"Hakobyan, Aram","Niemann, Hans Moke",1/2-1/2,64,white,"Hakobyan, Aram",g3,1,g3,19,18,19
135,National Open 2021,2021.06.19,6.1,"Hakobyan, Aram","Niemann, Hans Moke",1/2-1/2,65,black,"Niemann, Hans Moke",Kg7,2,Re6,19,18,19
135,National Open 2021,2021.06.19,6.1,"Hakobyan, Aram","Niemann, Hans Moke",1/2-1/2,66,white,"Hakobyan, Aram",Ke1,1,Ke1,18,17,18
135,National Open 2021,2021.06.19,6.1,"Hakobyan, Aram","Niemann, Hans Moke",1/2-1/2,67,black,"Niemann, Hans Moke",Bf5,4,Bg6,19,18,19
135,National Open 2021,2021.06.19,6.1,"Hakobyan, Aram","Niemann, Hans Moke",1/2-1/2,68,white,"Hakobyan, Aram",Bf1,4,axb5,19,18,19
135,National Open 2021,2021.06.19,6.1,"Hakobyan, Aram","Niemann, Hans Moke",1/2-1/2,69,black,"Niemann, Hans Moke",h5,1,h5,19,18,19
135,National Open 2021,2021.06.19,6.1,"Hakobyan, Aram","Niemann, Hans Moke",1/2-1/2,70,white,"Hakobyan, Aram",Kd2,3,h4,20,19,20
135,National Open 2021,2021.06.19,6.1,"Hakobyan, Aram","Niemann, Hans Moke",1/2-1/2,71,black,"Niemann, Hans Moke",h4,8,bxa4,19,19,19
135,National Open 2021,2021.06.19,6.1,"Hakobyan, Aram","Niemann, Hans Moke",1/2-1/2,72,white,"Hakobyan, Aram",g4,3,gxh4,19,18,19
135,National Open 2021,2021.06.19,6.1,"Hakobyan, Aram","Niemann, Hans Moke",1/2-1/2,73,black,"Niemann, Hans Moke",Be4,1,Be4,19,18,19
135,National Open 2021,2021.06.19,6.1,"Hakobyan, Aram","Niemann, Hans Moke",1/2-1/2,74,white,"Hakobyan, Aram",axb5,1,axb5,19,18,19
135,National Open 2021,2021.06.19,6.1,"Hakobyan, Aram","Niemann, Hans Moke",1/2-1/2,75,black,"Niemann, Hans Moke",axb5,1,axb5,18,17,18
135,National Open 2021,2021.06.19,6.1,"Hakobyan, Aram","Niemann, Hans Moke",1/2-1/2,76,white,"Hakobyan, Aram",Ra6,1,Ra6,19,18,19
135,National Open 2021,2021.06.19,6.1,"Hakobyan, Aram","Niemann, Hans Moke",1/2-1/2,77,black,"Niemann, Hans Moke",Rbc7,2,Re6,18,17,18
135,National Open 2021,2021.06.19,6.1,"Hakobyan, Aram","Niemann, Hans Moke",1/2-1/2,78,white,"Hakobyan, Aram",Bd3,1,Bd3,19,18,19
135,National Open 2021,2021.06.19,6.1,"Hakobyan, Aram","Niemann, Hans Moke",1/2-1/2,79,black,"Niemann, Hans Moke",Bg2,2,Bf3,19,18,19
135,National Open 2021,2021.06.19,6.1,"Hakobyan, Aram","Niemann, Hans Moke",1/2-1/2,80,white,"Hakobyan, Aram",Bf1,2,Ke2,21,20,21
135,National Open 2021,2021.06.19,6.1,"Hakobyan, Aram","Niemann, Hans Moke",1/2-1/2,81,black,"Niemann, Hans Moke",Be4,3,Bxf1,19,18,19
135,National Open 2021,2021.06.19,6.1,"Hakobyan, Aram","Niemann, Hans Moke",1/2-1/2,82,white,"Hakobyan, Aram",Bd3,1,Bd3,20,19,20
135,National Open 2021,2021.06.19,6.1,"Hakobyan, Aram","Niemann, Hans Moke",1/2-1/2,83,black,"Niemann, Hans Moke",Bg2,1,Bg2,19,19,19
135,National Open 2021,2021.06.19,6.1,"Hakobyan, Aram","Niemann, Hans Moke",1/2-1/2,84,white,"Hakobyan, Aram",Bf1,4,Rg1,23,22,23
136,National Open 2021,2021.06.20,9.2,"Niemann, Hans Moke","Nyzhnyk, Illya",0-1,0,white,"Niemann, Hans Moke",d4,B,,,,
136,National Open 2021,2021.06.20,9.2,"Niemann, Hans Moke","Nyzhnyk, Illya",0-1,1,black,"Nyzhnyk, Illya",Nf6,B,,,,
136,National Open 2021,2021.06.20,9.2,"Niemann, Hans Moke","Nyzhnyk, Illya",0-1,2,white,"Niemann, Hans Moke",c4,B,,,,
136,National Open 2021,2021.06.20,9.2,"Niemann, Hans Moke","Nyzhnyk, Illya",0-1,3,black,"Nyzhnyk, Illya",g6,B,,,,
136,National Open 2021,2021.06.20,9.2,"Niemann, Hans Moke","Nyzhnyk, Illya",0-1,4,white,"Niemann, Hans Moke",Nc3,B,,,,
136,National Open 2021,2021.06.20,9.2,"Niemann, Hans Moke","Nyzhnyk, Illya",0-1,5,black,"Nyzhnyk, Illya",Bg7,B,,,,
136,National Open 2021,2021.06.20,9.2,"Niemann, Hans Moke","Nyzhnyk, Illya",0-1,6,white,"Niemann, Hans Moke",e4,B,,,,
136,National Open 2021,2021.06.20,9.2,"Niemann, Hans Moke","Nyzhnyk, Illya",0-1,7,black,"Nyzhnyk, Illya",d6,B,,,,
136,National Open 2021,2021.06.20,9.2,"Niemann, Hans Moke","Nyzhnyk, Illya",0-1,8,white,"Niemann, Hans Moke",Be2,B,,,,
136,National Open 2021,2021.06.20,9.2,"Niemann, Hans Moke","Nyzhnyk, Illya",0-1,9,black,"Nyzhnyk, Illya",O-O,B,,,,
136,National Open 2021,2021.06.20,9.2,"Niemann, Hans Moke","Nyzhnyk, Illya",0-1,10,white,"Niemann, Hans Moke",Be3,B,,,,
136,National Open 2021,2021.06.20,9.2,"Niemann, Hans Moke","Nyzhnyk, Illya",0-1,11,black,"Nyzhnyk, Illya",c6,2,c5,17,16,17
136,National Open 2021,2021.06.20,9.2,"Niemann, Hans Moke","Nyzhnyk, Illya",0-1,12,white,"Niemann, Hans Moke",Qd2,4,h3,17,16,17
136,National Open 2021,2021.06.20,9.2,"Niemann, Hans Moke","Nyzhnyk, Illya",0-1,13,black,"Nyzhnyk, Illya",e5,2,a6,17,16,17
136,National Open 2021,2021.06.20,9.2,"Niemann, Hans Moke","Nyzhnyk, Illya",0-1,14,white,"Niemann, Hans Moke",O-O-O,2,d5,16,15,16
136,National Open 2021,2021.06.20,9.2,"Niemann, Hans Moke","Nyzhnyk, Illya",0-1,15,black,"Nyzhnyk, Illya",Qe7,5,Nbd7,18,18,18
136,National Open 2021,2021.06.20,9.2,"Niemann, Hans Moke","Nyzhnyk, Illya",0-1,16,white,"Niemann, Hans Moke",d5,3,f3,17,16,17
136,National Open 2021,2021.06.20,9.2,"Niemann, Hans Moke","Nyzhnyk, Illya",0-1,17,black,"Nyzhnyk, Illya",cxd5,1,cxd5,17,16,17
136,National Open 2021,2021.06.20,9.2,"Niemann, Hans Moke","Nyzhnyk, Illya",0-1,18,white,"Niemann, Hans Moke",cxd5,1,cxd5,18,17,18
136,National Open 2021,2021.06.20,9.2,"Niemann, Hans Moke","Nyzhnyk, Illya",0-1,19,black,"Nyzhnyk, Illya",Ng4,1,Ng4,18,17,18
136,National Open 2021,2021.06.20,9.2,"Niemann, Hans Moke","Nyzhnyk, Illya",0-1,20,white,"Niemann, Hans Moke",Bxg4,3,Kb1,18,18,18
136,National Open 2021,2021.06.20,9.2,"Niemann, Hans Moke","Nyzhnyk, Illya",0-1,21,black,"Nyzhnyk, Illya",Bxg4,1,Bxg4,18,17,18
136,National Open 2021,2021.06.20,9.2,"Niemann, Hans Moke","Nyzhnyk, Illya",0-1,22,white,"Niemann, Hans Moke",Nge2,7,f3,18,17,18
136,National Open 2021,2021.06.20,9.2,"Niemann, Hans Moke","Nyzhnyk, Illya",0-1,23,black,"Nyzhnyk, Illya",Bd7,1,Bd7,17,16,17
136,National Open 2021,2021.06.20,9.2,"Niemann, Hans Moke","Nyzhnyk, Illya",0-1,24,white,"Niemann, Hans Moke",Kb1,5,Rdg1,18,18,18
136,National Open 2021,2021.06.20,9.2,"Niemann, Hans Moke","Nyzhnyk, Illya",0-1,25,black,"Nyzhnyk, Illya",b5,1,b5,17,16,17
136,National Open 2021,2021.06.20,9.2,"Niemann, Hans Moke","Nyzhnyk, Illya",0-1,26,white,"Niemann, Hans Moke",Rc1,2,Rdg1,18,17,18
136,National Open 2021,2021.06.20,9.2,"Niemann, Hans Moke","Nyzhnyk, Illya",0-1,27,black,"Nyzhnyk, Illya",b4,2,a5,18,17,18
136,National Open 2021,2021.06.20,9.2,"Niemann, Hans Moke","Nyzhnyk, Illya",0-1,28,white,"Niemann, Hans Moke",Nd1,1,Nd1,18,17,18
136,National Open 2021,2021.06.20,9.2,"Niemann, Hans Moke","Nyzhnyk, Illya",0-1,29,black,"Nyzhnyk, Illya",Bb5,2,a5,18,17,18
136,National Open 2021,2021.06.20,9.2,"Niemann, Hans Moke","Nyzhnyk, Illya",0-1,30,white,"Niemann, Hans Moke",g4,2,f3,17,16,17
136,National Open 2021,2021.06.20,9.2,"Niemann, Hans Moke","Nyzhnyk, Illya",0-1,31,black,"Nyzhnyk, Illya",Nd7,3,Qb7,18,17,18
136,National Open 2021,2021.06.20,9.2,"Niemann, Hans Moke","Nyzhnyk, Illya",0-1,32,white,"Niemann, Hans Moke",Ng3,3,h4,17,16,17
136,National Open 2021,2021.06.20,9.2,"Niemann, Hans Moke","Nyzhnyk, Illya",0-1,33,black,"Nyzhnyk, Illya",a5,1,a5,18,17,18
136,National Open 2021,2021.06.20,9.2,"Niemann, Hans Moke","Nyzhnyk, Illya",0-1,34,white,"Niemann, Hans Moke",Bg5,5,h4,17,16,17
136,National Open 2021,2021.06.20,9.2,"Niemann, Hans Moke","Nyzhnyk, Illya",0-1,35,black,"Nyzhnyk, Illya",Bf6,1,Bf6,18,17,18
136,National Open 2021,2021.06.20,9.2,"Niemann, Hans Moke","Nyzhnyk, Illya",0-1,36,white,"Niemann, Hans Moke",Be3,2,Bh6,18,17,18
136,National Open 2021,2021.06.20,9.2,"Niemann, Hans Moke","Nyzhnyk, Illya",0-1,37,black,"Nyzhnyk, Illya",Rfc8,2,Bh4,18,17,18
136,National Open 2021,2021.06.20,9.2,"Niemann, Hans Moke","Nyzhnyk, Illya",0-1,38,white,"Niemann, Hans Moke",g5,2,Rxc8+,16,15,16
136,National Open 2021,2021.06.20,9.2,"Niemann, Hans Moke","Nyzhnyk, Illya",0-1,39,black,"Nyzhnyk, Illya",Bg7,1,Bg7,17,16,17
136,National Open 2021,2021.06.20,9.2,"Niemann, Hans Moke","Nyzhnyk, Illya",0-1,40,white,"Niemann, Hans Moke",h4,2,Rxc8+,17,17,17
136,National Open 2021,2021.06.20,9.2,"Niemann, Hans Moke","Nyzhnyk, Illya",0-1,41,black,"Nyzhnyk, Illya",Rxc1+,1,Rxc1+,18,18,18
136,National Open 2021,2021.06.20,9.2,"Niemann, Hans Moke","Nyzhnyk, Illya",0-1,42,white,"Niemann, Hans Moke",Qxc1,2,Kxc1,21,21,21
136,National Open 2021,2021.06.20,9.2,"Niemann, Hans Moke","Nyzhnyk, Illya",0-1,43,black,"Nyzhnyk, Illya",f5,1,f5,19,18,19
136,National Open 2021,2021.06.20,9.2,"Niemann, Hans Moke","Nyzhnyk, Illya",0-1,44,white,"Niemann, Hans Moke",gxf6,1,gxf6,17,16,17
136,National Open 2021,2021.06.20,9.2,"Niemann, Hans Moke","Nyzhnyk, Illya",0-1,45,black,"Nyzhnyk, Illya",Nxf6,1,Nxf6,17,16,17
136,National Open 2021,2021.06.20,9.2,"Niemann, Hans Moke","Nyzhnyk, Illya",0-1,46,white,"Niemann, Hans Moke",Qd2,5,Bg5,17,16,17
136,National Open 2021,2021.06.20,9.2,"Niemann, Hans Moke","Nyzhnyk, Illya",0-1,47,black,"Nyzhnyk, Illya",Ng4,6,Qf7,17,16,17
136,National Open 2021,2021.06.20,9.2,"Niemann, Hans Moke","Nyzhnyk, Illya",0-1,48,white,"Niemann, Hans Moke",h5,1,h5,16,15,16
136,National Open 2021,2021.06.20,9.2,"Niemann, Hans Moke","Nyzhnyk, Illya",0-1,49,black,"Nyzhnyk, Illya",Qf7,2,Rc8,17,16,17
136,National Open 2021,2021.06.20,9.2,"Niemann, Hans Moke","Nyzhnyk, Illya",0-1,50,white,"Niemann, Hans Moke",hxg6,3,b3,17,16,17
136,National Open 2021,2021.06.20,9.2,"Niemann, Hans Moke","Nyzhnyk, Illya",0-1,51,black,"Nyzhnyk, Illya",hxg6,1,hxg6,17,16,17
136,National Open 2021,2021.06.20,9.2,"Niemann, Hans Moke","Nyzhnyk, Illya",0-1,52,white,"Niemann, Hans Moke",Re1,>10,Qc2,17,16,17
136,National Open 2021,2021.06.20,9.2,"Niemann, Hans Moke","Nyzhnyk, Illya",0-1,53,black,"Nyzhnyk, Illya",Rc8,2,Nh2,17,16,17
136,National Open 2021,2021.06.20,9.2,"Niemann, Hans Moke","Nyzhnyk, Illya",0-1,54,white,"Niemann, Hans Moke",Bb6,6,Rh1,17,16,17
136,National Open 2021,2021.06.20,9.2,"Niemann, Hans Moke","Nyzhnyk, Illya",0-1,55,black,"Nyzhnyk, Illya",Nh2,1,Nh2,17,16,17
136,National Open 2021,2021.06.20,9.2,"Niemann, Hans Moke","Nyzhnyk, Illya",0-1,56,white,"Niemann, Hans Moke",Rh1,4,Qe3,18,17,18
136,National Open 2021,2021.06.20,9.2,"Niemann, Hans Moke","Nyzhnyk, Illya",0-1,57,black,"Nyzhnyk, Illya",Nf3,1,Nf3,18,17,18
136,National Open 2021,2021.06.20,9.2,"Niemann, Hans Moke","Nyzhnyk, Illya",0-1,58,white,"Niemann, Hans Moke",Qe3,1,Qe3,16,15,16
136,National Open 2021,2021.06.20,9.2,"Niemann, Hans Moke","Nyzhnyk, Illya",0-1,59,black,"Nyzhnyk, Illya",Qf4,1,Qf4,18,17,18
137,National Open 2021,2021.06.20,8.8,"Katz, Alexander","Niemann, Hans Moke",0-1,0,white,"Katz, Alexander",e4,B,,,,
137,National Open 2021,2021.06.20,8.8,"Katz, Alexander","Niemann, Hans Moke",0-1,1,black,"Niemann, Hans Moke",e5,B,,,,
137,National Open 2021,2021.06.20,8.8,"Katz, Alexander","Niemann, Hans Moke",0-1,2,white,"Katz, Alexander",Nf3,B,,,,
137,National Open 2021,2021.06.20,8.8,"Katz, Alexander","Niemann, Hans Moke",0-1,3,black,"Niemann, Hans Moke",Nc6,B,,,,
137,National Open 2021,2021.06.20,8.8,"Katz, Alexander","Niemann, Hans Moke",0-1,4,white,"Katz, Alexander",Bc4,B,,,,
137,National Open 2021,2021.06.20,8.8,"Katz, Alexander","Niemann, Hans Moke",0-1,5,black,"Niemann, Hans Moke",Nf6,B,,,,
137,National Open 2021,2021.06.20,8.8,"Katz, Alexander","Niemann, Hans Moke",0-1,6,white,"Katz, Alexander",d3,B,,,,
137,National Open 2021,2021.06.20,8.8,"Katz, Alexander","Niemann, Hans Moke",0-1,7,black,"Niemann, Hans Moke",h6,B,,,,
137,National Open 2021,2021.06.20,8.8,"Katz, Alexander","Niemann, Hans Moke",0-1,8,white,"Katz, Alexander",c3,B,,,,
137,National Open 2021,2021.06.20,8.8,"Katz, Alexander","Niemann, Hans Moke",0-1,9,black,"Niemann, Hans Moke",d6,B,,,,
137,National Open 2021,2021.06.20,8.8,"Katz, Alexander","Niemann, Hans Moke",0-1,10,white,"Katz, Alexander",a4,1,a4,17,16,17
137,National Open 2021,2021.06.20,8.8,"Katz, Alexander","Niemann, Hans Moke",0-1,11,black,"Niemann, Hans Moke",g5,5,Be6,18,17,18
137,National Open 2021,2021.06.20,8.8,"Katz, Alexander","Niemann, Hans Moke",0-1,12,white,"Katz, Alexander",Qb3,2,O-O,17,16,17
137,National Open 2021,2021.06.20,8.8,"Katz, Alexander","Niemann, Hans Moke",0-1,13,black,"Niemann, Hans Moke",Qd7,1,Qd7,17,16,17
137,National Open 2021,2021.06.20,8.8,"Katz, Alexander","Niemann, Hans Moke",0-1,14,white,"Katz, Alexander",a5,1,a5,17,17,17
137,National Open 2021,2021.06.20,8.8,"Katz, Alexander","Niemann, Hans Moke",0-1,15,black,"Niemann, Hans Moke",Bg7,1,Bg7,17,16,17
137,National Open 2021,2021.06.20,8.8,"Katz, Alexander","Niemann, Hans Moke",0-1,16,white,"Katz, Alexander",a6,2,O-O,17,16,17
137,National Open 2021,2021.06.20,8.8,"Katz, Alexander","Niemann, Hans Moke",0-1,17,black,"Niemann, Hans Moke",Rb8,2,bxa6,18,17,18
137,National Open 2021,2021.06.20,8.8,"Katz, Alexander","Niemann, Hans Moke",0-1,18,white,"Katz, Alexander",axb7,2,Nbd2,18,17,18
137,National Open 2021,2021.06.20,8.8,"Katz, Alexander","Niemann, Hans Moke",0-1,19,black,"Niemann, Hans Moke",Bxb7,1,Bxb7,18,17,18
137,National Open 2021,2021.06.20,8.8,"Katz, Alexander","Niemann, Hans Moke",0-1,20,white,"Katz, Alexander",Nbd2,1,Nbd2,17,16,17
137,National Open 2021,2021.06.20,8.8,"Katz, Alexander","Niemann, Hans Moke",0-1,21,black,"Niemann, Hans Moke",O-O,1,O-O,17,16,17
137,National Open 2021,2021.06.20,8.8,"Katz, Alexander","Niemann, Hans Moke",0-1,22,white,"Katz, Alexander",Nf1,>10,Qd1,17,16,17
137,National Open 2021,2021.06.20,8.8,"Katz, Alexander","Niemann, Hans Moke",0-1,23,black,"Niemann, Hans Moke",Ne7,1,Ne7,17,16,17
137,National Open 2021,2021.06.20,8.8,"Katz, Alexander","Niemann, Hans Moke",0-1,24,white,"Katz, Alexander",Rxa7,10,Bb5,17,16,17
137,National Open 2021,2021.06.20,8.8,"Katz, Alexander","Niemann, Hans Moke",0-1,25,black,"Niemann, Hans Moke",Bxe4,1,Bxe4,17,16,17
137,National Open 2021,2021.06.20,8.8,"Katz, Alexander","Niemann, Hans Moke",0-1,26,white,"Katz, Alexander",Bxf7+,1,Bxf7+,17,16,17
137,National Open 2021,2021.06.20,8.8,"Katz, Alexander","Niemann, Hans Moke",0-1,27,black,"Niemann, Hans Moke",Kh8,1,Kh8,22,22,22
137,National Open 2021,2021.06.20,8.8,"Katz, Alexander","Niemann, Hans Moke",0-1,28,white,"Katz, Alexander",Qe6,1,Qe6,18,18,18
137,National Open 2021,2021.06.20,8.8,"Katz, Alexander","Niemann, Hans Moke",0-1,29,black,"Niemann, Hans Moke",Bxf3,2,Bf5,18,17,18
137,National Open 2021,2021.06.20,8.8,"Katz, Alexander","Niemann, Hans Moke",0-1,30,white,"Katz, Alexander",gxf3,1,gxf3,18,17,18
137,National Open 2021,2021.06.20,8.8,"Katz, Alexander","Niemann, Hans Moke",0-1,31,black,"Niemann, Hans Moke",Nc8,1,Nc8,17,17,17
137,National Open 2021,2021.06.20,8.8,"Katz, Alexander","Niemann, Hans Moke",0-1,32,white,"Katz, Alexander",Qxd7,1,Qxd7,18,18,18
137,National Open 2021,2021.06.20,8.8,"Katz, Alexander","Niemann, Hans Moke",0-1,33,black,"Niemann, Hans Moke",Nxd7,1,Nxd7,17,16,17
137,National Open 2021,2021.06.20,8.8,"Katz, Alexander","Niemann, Hans Moke",0-1,34,white,"Katz, Alexander",Rxc7,2,Be6,19,18,19
137,National Open 2021,2021.06.20,8.8,"Katz, Alexander","Niemann, Hans Moke",0-1,35,black,"Niemann, Hans Moke",Rxf7,1,Rxf7,17,16,17
137,National Open 2021,2021.06.20,8.8,"Katz, Alexander","Niemann, Hans Moke",0-1,36,white,"Katz, Alexander",h4,1,h4,18,17,18
137,National Open 2021,2021.06.20,8.8,"Katz, Alexander","Niemann, Hans Moke",0-1,37,black,"Niemann, Hans Moke",Kg8,1,Kg8,18,18,18
137,National Open 2021,2021.06.20,8.8,"Katz, Alexander","Niemann, Hans Moke",0-1,38,white,"Katz, Alexander",hxg5,1,hxg5,19,19,19
137,National Open 2021,2021.06.20,8.8,"Katz, Alexander","Niemann, Hans Moke",0-1,39,black,"Niemann, Hans Moke",hxg5,1,hxg5,18,18,18
137,National Open 2021,2021.06.20,8.8,"Katz, Alexander","Niemann, Hans Moke",0-1,40,white,"Katz, Alexander",b4,1,b4,18,17,18
137,National Open 2021,2021.06.20,8.8,"Katz, Alexander","Niemann, Hans Moke",0-1,41,black,"Niemann, Hans Moke",d5,3,Ra8,17,16,17
137,National Open 2021,2021.06.20,8.8,"Katz, Alexander","Niemann, Hans Moke",0-1,42,white,"Katz, Alexander",Bxg5,2,Rg1,17,17,17
137,National Open 2021,2021.06.20,8.8,"Katz, Alexander","Niemann, Hans Moke",0-1,43,black,"Niemann, Hans Moke",d4,6,Nf8,16,15,16
137,National Open 2021,2021.06.20,8.8,"Katz, Alexander","Niemann, Hans Moke",0-1,44,white,"Katz, Alexander",c4,1,c4,17,16,17
137,National Open 2021,2021.06.20,8.8,"Katz, Alexander","Niemann, Hans Moke",0-1,45,black,"Niemann, Hans Moke",Bf8,5,Nf8,18,17,18
137,National Open 2021,2021.06.20,8.8,"Katz, Alexander","Niemann, Hans Moke",0-1,46,white,"Katz, Alexander",c5,3,Rg1,17,16,17
137,National Open 2021,2021.06.20,8.8,"Katz, Alexander","Niemann, Hans Moke",0-1,47,black,"Niemann, Hans Moke",Be7,2,Bg7,18,17,18
137,National Open 2021,2021.06.20,8.8,"Katz, Alexander","Niemann, Hans Moke",0-1,48,white,"Katz, Alexander",Bxe7,4,Rg1,18,18,18
137,National Open 2021,2021.06.20,8.8,"Katz, Alexander","Niemann, Hans Moke",0-1,49,black,"Niemann, Hans Moke",Rxe7,1,Rxe7,18,17,18
137,National Open 2021,2021.06.20,8.8,"Katz, Alexander","Niemann, Hans Moke",0-1,50,white,"Katz, Alexander",Rh6,1,Rh6,18,17,18
137,National Open 2021,2021.06.20,8.8,"Katz, Alexander","Niemann, Hans Moke",0-1,51,black,"Niemann, Hans Moke",Nf8,1,Nf8,18,18,18
137,National Open 2021,2021.06.20,8.8,"Katz, Alexander","Niemann, Hans Moke",0-1,52,white,"Katz, Alexander",Rcc6,2,Rxe7,17,16,17
137,National Open 2021,2021.06.20,8.8,"Katz, Alexander","Niemann, Hans Moke",0-1,53,black,"Niemann, Hans Moke",Reb7,2,Ra7,18,17,18
137,National Open 2021,2021.06.20,8.8,"Katz, Alexander","Niemann, Hans Moke",0-1,54,white,"Katz, Alexander",Rh5,9,Nd2,17,16,17
137,National Open 2021,2021.06.20,8.8,"Katz, Alexander","Niemann, Hans Moke",0-1,55,black,"Niemann, Hans Moke",Ne7,1,Ne7,19,18,19
137,National Open 2021,2021.06.20,8.8,"Katz, Alexander","Niemann, Hans Moke",0-1,56,white,"Katz, Alexander",Rd6,2,Ra6,17,16,17
137,National Open 2021,2021.06.20,8.8,"Katz, Alexander","Niemann, Hans Moke",0-1,57,black,"Niemann, Hans Moke",Nfg6,2,Rxb4,17,16,17
137,National Open 2021,2021.06.20,8.8,"Katz, Alexander","Niemann, Hans Moke",0-1,58,white,"Katz, Alexander",Nd2,1,Nd2,17,16,17
137,National Open 2021,2021.06.20,8.8,"Katz, Alexander","Niemann, Hans Moke",0-1,59,black,"Niemann, Hans Moke",Rxb4,1,Rxb4,16,16,16
137,National Open 2021,2021.06.20,8.8,"Katz, Alexander","Niemann, Hans Moke",0-1,60,white,"Katz, Alexander",Nc4,1,Nc4,17,16,17
137,National Open 2021,2021.06.20,8.8,"Katz, Alexander","Niemann, Hans Moke",0-1,61,black,"Niemann, Hans Moke",Ra8,3,Nf4,17,16,17
137,National Open 2021,2021.06.20,8.8,"Katz, Alexander","Niemann, Hans Moke",0-1,62,white,"Katz, Alexander",Kd2,>10,Rb6,16,15,16
137,National Open 2021,2021.06.20,8.8,"Katz, Alexander","Niemann, Hans Moke",0-1,63,black,"Niemann, Hans Moke",Ra2+,1,Ra2+,17,16,17
137,National Open 2021,2021.06.20,8.8,"Katz, Alexander","Niemann, Hans Moke",0-1,64,white,"Katz, Alexander",Kc1,1,Kc1,22,22,22
137,National Open 2021,2021.06.20,8.8,"Katz, Alexander","Niemann, Hans Moke",0-1,65,black,"Niemann, Hans Moke",Nf4,1,Nf4,17,16,17
137,National Open 2021,2021.06.20,8.8,"Katz, Alexander","Niemann, Hans Moke",0-1,66,white,"Katz, Alexander",Rg5+,1,Rg5+,21,21,21
137,National Open 2021,2021.06.20,8.8,"Katz, Alexander","Niemann, Hans Moke",0-1,67,black,"Niemann, Hans Moke",Kh7,1,Kh7,19,19,19
161,14. Philadelphia Int,2021.06.26,2,"Bartell, Thomas","Niemann, Hans Moke",1/2-1/2,0,white,"Bartell, Thomas",c4,B,,,,
161,14. Philadelphia Int,2021.06.26,2,"Bartell, Thomas","Niemann, Hans Moke",1/2-1/2,1,black,"Niemann, Hans Moke",e5,B,,,,
161,14. Philadelphia Int,2021.06.26,2,"Bartell, Thomas","Niemann, Hans Moke",1/2-1/2,2,white,"Bartell, Thomas",Nc3,B,,,,
161,14. Philadelphia Int,2021.06.26,2,"Bartell, Thomas","Niemann, Hans Moke",1/2-1/2,3,black,"Niemann, Hans Moke",Nf6,B,,,,
161,14. Philadelphia Int,2021.06.26,2,"Bartell, Thomas","Niemann, Hans Moke",1/2-1/2,4,white,"Bartell, Thomas",g3,B,,,,
161,14. Philadelphia Int,2021.06.26,2,"Bartell, Thomas","Niemann, Hans Moke",1/2-1/2,5,black,"Niemann, Hans Moke",c6,B,,,,
161,14. Philadelphia Int,2021.06.26,2,"Bartell, Thomas","Niemann, Hans Moke",1/2-1/2,6,white,"Bartell, Thomas",Nf3,B,,,,
161,14. Philadelphia Int,2021.06.26,2,"Bartell, Thomas","Niemann, Hans Moke",1/2-1/2,7,black,"Niemann, Hans Moke",e4,B,,,,
161,14. Philadelphia Int,2021.06.26,2,"Bartell, Thomas","Niemann, Hans Moke",1/2-1/2,8,white,"Bartell, Thomas",Nd4,B,,,,
161,14. Philadelphia Int,2021.06.26,2,"Bartell, Thomas","Niemann, Hans Moke",1/2-1/2,9,black,"Niemann, Hans Moke",Bc5,B,,,,
161,14. Philadelphia Int,2021.06.26,2,"Bartell, Thomas","Niemann, Hans Moke",1/2-1/2,10,white,"Bartell, Thomas",Nb3,B,,,,
161,14. Philadelphia Int,2021.06.26,2,"Bartell, Thomas","Niemann, Hans Moke",1/2-1/2,11,black,"Niemann, Hans Moke",Bb4,1,Bb4,19,18,19
161,14. Philadelphia Int,2021.06.26,2,"Bartell, Thomas","Niemann, Hans Moke",1/2-1/2,12,white,"Bartell, Thomas",Bg2,1,Bg2,19,18,19
161,14. Philadelphia Int,2021.06.26,2,"Bartell, Thomas","Niemann, Hans Moke",1/2-1/2,13,black,"Niemann, Hans Moke",d5,1,d5,19,19,19
161,14. Philadelphia Int,2021.06.26,2,"Bartell, Thomas","Niemann, Hans Moke",1/2-1/2,14,white,"Bartell, Thomas",cxd5,1,cxd5,19,18,19
161,14. Philadelphia Int,2021.06.26,2,"Bartell, Thomas","Niemann, Hans Moke",1/2-1/2,15,black,"Niemann, Hans Moke",cxd5,1,cxd5,19,18,19
161,14. Philadelphia Int,2021.06.26,2,"Bartell, Thomas","Niemann, Hans Moke",1/2-1/2,16,white,"Bartell, Thomas",O-O,1,O-O,18,17,18
161,14. Philadelphia Int,2021.06.26,2,"Bartell, Thomas","Niemann, Hans Moke",1/2-1/2,17,black,"Niemann, Hans Moke",O-O,1,O-O,19,18,19
161,14. Philadelphia Int,2021.06.26,2,"Bartell, Thomas","Niemann, Hans Moke",1/2-1/2,18,white,"Bartell, Thomas",d3,1,d3,18,17,18
161,14. Philadelphia Int,2021.06.26,2,"Bartell, Thomas","Niemann, Hans Moke",1/2-1/2,19,black,"Niemann, Hans Moke",h6,5,Re8,18,18,18
161,14. Philadelphia Int,2021.06.26,2,"Bartell, Thomas","Niemann, Hans Moke",1/2-1/2,20,white,"Bartell, Thomas",Bf4,4,dxe4,18,17,18
161,14. Philadelphia Int,2021.06.26,2,"Bartell, Thomas","Niemann, Hans Moke",1/2-1/2,21,black,"Niemann, Hans Moke",Bxc3,1,Bxc3,18,17,18
161,14. Philadelphia Int,2021.06.26,2,"Bartell, Thomas","Niemann, Hans Moke",1/2-1/2,22,white,"Bartell, Thomas",bxc3,1,bxc3,18,17,18
161,14. Philadelphia Int,2021.06.26,2,"Bartell, Thomas","Niemann, Hans Moke",1/2-1/2,23,black,"Niemann, Hans Moke",Nc6,1,Nc6,18,17,18
161,14. Philadelphia Int,2021.06.26,2,"Bartell, Thomas","Niemann, Hans Moke",1/2-1/2,24,white,"Bartell, Thomas",a4,3,dxe4,18,17,18
161,14. Philadelphia Int,2021.06.26,2,"Bartell, Thomas","Niemann, Hans Moke",1/2-1/2,25,black,"Niemann, Hans Moke",Bf5,1,Bf5,18,18,18
161,14. Philadelphia Int,2021.06.26,2,"Bartell, Thomas","Niemann, Hans Moke",1/2-1/2,26,white,"Bartell, Thomas",Qd2,3,a5,17,17,17
161,14. Philadelphia Int,2021.06.26,2,"Bartell, Thomas","Niemann, Hans Moke",1/2-1/2,27,black,"Niemann, Hans Moke",Qc8,1,Qc8,19,18,19
161,14. Philadelphia Int,2021.06.26,2,"Bartell, Thomas","Niemann, Hans Moke",1/2-1/2,28,white,"Bartell, Thomas",a5,2,Rfb1,18,17,18
161,14. Philadelphia Int,2021.06.26,2,"Bartell, Thomas","Niemann, Hans Moke",1/2-1/2,29,black,"Niemann, Hans Moke",Bh3,2,Re8,18,17,18
161,14. Philadelphia Int,2021.06.26,2,"Bartell, Thomas","Niemann, Hans Moke",1/2-1/2,30,white,"Bartell, Thomas",Rfb1,9,Nd4,17,17,17
161,14. Philadelphia Int,2021.06.26,2,"Bartell, Thomas","Niemann, Hans Moke",1/2-1/2,31,black,"Niemann, Hans Moke",Re8,2,exd3,18,17,18
161,14. Philadelphia Int,2021.06.26,2,"Bartell, Thomas","Niemann, Hans Moke",1/2-1/2,32,white,"Bartell, Thomas",Nd4,3,Bh1,17,17,17
161,14. Philadelphia Int,2021.06.26,2,"Bartell, Thomas","Niemann, Hans Moke",1/2-1/2,33,black,"Niemann, Hans Moke",Bxg2,2,Nxd4,18,17,18
161,14. Philadelphia Int,2021.06.26,2,"Bartell, Thomas","Niemann, Hans Moke",1/2-1/2,34,white,"Bartell, Thomas",Kxg2,1,Kxg2,17,16,17
161,14. Philadelphia Int,2021.06.26,2,"Bartell, Thomas","Niemann, Hans Moke",1/2-1/2,35,black,"Niemann, Hans Moke",Qd7,1,Qd7,17,16,17
161,14. Philadelphia Int,2021.06.26,2,"Bartell, Thomas","Niemann, Hans Moke",1/2-1/2,36,white,"Bartell, Thomas",Qb2,7,h3,18,18,18
161,14. Philadelphia Int,2021.06.26,2,"Bartell, Thomas","Niemann, Hans Moke",1/2-1/2,37,black,"Niemann, Hans Moke",Re7,2,Nxd4,18,17,18
161,14. Philadelphia Int,2021.06.26,2,"Bartell, Thomas","Niemann, Hans Moke",1/2-1/2,38,white,"Bartell, Thomas",a6,6,Nxc6,17,17,17
161,14. Philadelphia Int,2021.06.26,2,"Bartell, Thomas","Niemann, Hans Moke",1/2-1/2,39,black,"Niemann, Hans Moke",b6,1,b6,18,17,18
161,14. Philadelphia Int,2021.06.26,2,"Bartell, Thomas","Niemann, Hans Moke",1/2-1/2,40,white,"Bartell, Thomas",Qb5,1,Qb5,17,16,17
161,14. Philadelphia Int,2021.06.26,2,"Bartell, Thomas","Niemann, Hans Moke",1/2-1/2,41,black,"Niemann, Hans Moke",Rc8,1,Rc8,18,17,18
161,14. Philadelphia Int,2021.06.26,2,"Bartell, Thomas","Niemann, Hans Moke",1/2-1/2,42,white,"Bartell, Thomas",Ra2,7,h3,18,18,18
161,14. Philadelphia Int,2021.06.26,2,"Bartell, Thomas","Niemann, Hans Moke",1/2-1/2,43,black,"Niemann, Hans Moke",Kh7,4,Nxd4,18,17,18
161,14. Philadelphia Int,2021.06.26,2,"Bartell, Thomas","Niemann, Hans Moke",1/2-1/2,44,white,"Bartell, Thomas",h3,2,h4,16,15,16
161,14. Philadelphia Int,2021.06.26,2,"Bartell, Thomas","Niemann, Hans Moke",1/2-1/2,45,black,"Niemann, Hans Moke",g5,9,Nxd4,17,17,17
161,14. Philadelphia Int,2021.06.26,2,"Bartell, Thomas","Niemann, Hans Moke",1/2-1/2,46,white,"Bartell, Thomas",Be3,2,Nxc6,18,17,18
161,14. Philadelphia Int,2021.06.26,2,"Bartell, Thomas","Niemann, Hans Moke",1/2-1/2,47,black,"Niemann, Hans Moke",Ne5,10,Kg6,18,18,18
161,14. Philadelphia Int,2021.06.26,2,"Bartell, Thomas","Niemann, Hans Moke",1/2-1/2,48,white,"Bartell, Thomas",Qxd7,1,Qxd7,18,17,18
161,14. Philadelphia Int,2021.06.26,2,"Bartell, Thomas","Niemann, Hans Moke",1/2-1/2,49,black,"Niemann, Hans Moke",Rxd7,1,Rxd7,15,14,15
161,14. Philadelphia Int,2021.06.26,2,"Bartell, Thomas","Niemann, Hans Moke",1/2-1/2,50,white,"Bartell, Thomas",Nb5,1,Nb5,18,17,18
161,14. Philadelphia Int,2021.06.26,2,"Bartell, Thomas","Niemann, Hans Moke",1/2-1/2,51,black,"Niemann, Hans Moke",Kg6,10,Ne8,18,17,18
161,14. Philadelphia Int,2021.06.26,2,"Bartell, Thomas","Niemann, Hans Moke",1/2-1/2,52,white,"Bartell, Thomas",Nxa7,1,Nxa7,17,17,17
161,14. Philadelphia Int,2021.06.26,2,"Bartell, Thomas","Niemann, Hans Moke",1/2-1/2,53,black,"Niemann, Hans Moke",Rxa7,1,Rxa7,19,18,19
161,14. Philadelphia Int,2021.06.26,2,"Bartell, Thomas","Niemann, Hans Moke",1/2-1/2,54,white,"Bartell, Thomas",Rxb6,1,Rxb6,18,17,18
161,14. Philadelphia Int,2021.06.26,2,"Bartell, Thomas","Niemann, Hans Moke",1/2-1/2,55,black,"Niemann, Hans Moke",Raa8,1,Raa8,19,18,19
161,14. Philadelphia Int,2021.06.26,2,"Bartell, Thomas","Niemann, Hans Moke",1/2-1/2,56,white,"Bartell, Thomas",a7,1,a7,21,21,21
161,14. Philadelphia Int,2021.06.26,2,"Bartell, Thomas","Niemann, Hans Moke",1/2-1/2,57,black,"Niemann, Hans Moke",Nd7,1,Nd7,19,18,19
161,14. Philadelphia Int,2021.06.26,2,"Bartell, Thomas","Niemann, Hans Moke",1/2-1/2,58,white,"Bartell, Thomas",Rd6,4,Rb7,20,19,20
161,14. Philadelphia Int,2021.06.26,2,"Bartell, Thomas","Niemann, Hans Moke",1/2-1/2,59,black,"Niemann, Hans Moke",exd3,1,exd3,19,18,19
161,14. Philadelphia Int,2021.06.26,2,"Bartell, Thomas","Niemann, Hans Moke",1/2-1/2,60,white,"Bartell, Thomas",exd3,1,exd3,19,18,19
161,14. Philadelphia Int,2021.06.26,2,"Bartell, Thomas","Niemann, Hans Moke",1/2-1/2,61,black,"Niemann, Hans Moke",Rxc3,2,Nf8,20,19,20
161,14. Philadelphia Int,2021.06.26,2,"Bartell, Thomas","Niemann, Hans Moke",1/2-1/2,62,white,"Bartell, Thomas",Bd4,2,Raa6,21,20,21
161,14. Philadelphia Int,2021.06.26,2,"Bartell, Thomas","Niemann, Hans Moke",1/2-1/2,63,black,"Niemann, Hans Moke",Rxd3,1,Rxd3,19,18,19
161,14. Philadelphia Int,2021.06.26,2,"Bartell, Thomas","Niemann, Hans Moke",1/2-1/2,64,white,"Bartell, Thomas",Bxf6,1,Bxf6,19,18,19
161,14. Philadelphia Int,2021.06.26,2,"Bartell, Thomas","Niemann, Hans Moke",1/2-1/2,65,black,"Niemann, Hans Moke",Nxf6,1,Nxf6,16,15,16
161,14. Philadelphia Int,2021.06.26,2,"Bartell, Thomas","Niemann, Hans Moke",1/2-1/2,66,white,"Bartell, Thomas",Raa6,2,Rb6,17,16,17
161,14. Philadelphia Int,2021.06.26,2,"Bartell, Thomas","Niemann, Hans Moke",1/2-1/2,67,black,"Niemann, Hans Moke",Kg7,1,Kg7,18,17,18
161,14. Philadelphia Int,2021.06.26,2,"Bartell, Thomas","Niemann, Hans Moke",1/2-1/2,68,white,"Bartell, Thomas",Rxf6,1,Rxf6,17,16,17
161,14. Philadelphia Int,2021.06.26,2,"Bartell, Thomas","Niemann, Hans Moke",1/2-1/2,69,black,"Niemann, Hans Moke",Rxa7,1,Rxa7,18,17,18
161,14. Philadelphia Int,2021.06.26,2,"Bartell, Thomas","Niemann, Hans Moke",1/2-1/2,70,white,"Bartell, Thomas",Rxh6,2,Rad6,23,22,23
161,14. Philadelphia Int,2021.06.26,2,"Bartell, Thomas","Niemann, Hans Moke",1/2-1/2,71,black,"Niemann, Hans Moke",Rxa6,1,Rxa6,20,19,20
161,14. Philadelphia Int,2021.06.26,2,"Bartell, Thomas","Niemann, Hans Moke",1/2-1/2,72,white,"Bartell, Thomas",Rxa6,1,Rxa6,20,19,20
161,14. Philadelphia Int,2021.06.26,2,"Bartell, Thomas","Niemann, Hans Moke",1/2-1/2,73,black,"Niemann, Hans Moke",f6,1,f6,24,23,24
161,14. Philadelphia Int,2021.06.26,2,"Bartell, Thomas","Niemann, Hans Moke",1/2-1/2,74,white,"Bartell, Thomas",Ra7+,1,Ra7+,29,28,29
162,14. Philadelphia Int,2021.06.26,1,"Niemann, Hans Moke","Tian, Eddy",1-0,0,white,"Niemann, Hans Moke",d4,B,,,,
162,14. Philadelphia Int,2021.06.26,1,"Niemann, Hans Moke","Tian, Eddy",1-0,1,black,"Tian, Eddy",d5,B,,,,
162,14. Philadelphia Int,2021.06.26,1,"Niemann, Hans Moke","Tian, Eddy",1-0,2,white,"Niemann, Hans Moke",c4,B,,,,
162,14. Philadelphia Int,2021.06.26,1,"Niemann, Hans Moke","Tian, Eddy",1-0,3,black,"Tian, Eddy",e6,B,,,,
162,14. Philadelphia Int,2021.06.26,1,"Niemann, Hans Moke","Tian, Eddy",1-0,4,white,"Niemann, Hans Moke",Nf3,B,,,,
162,14. Philadelphia Int,2021.06.26,1,"Niemann, Hans Moke","Tian, Eddy",1-0,5,black,"Tian, Eddy",Nf6,B,,,,
162,14. Philadelphia Int,2021.06.26,1,"Niemann, Hans Moke","Tian, Eddy",1-0,6,white,"Niemann, Hans Moke",g3,B,,,,
162,14. Philadelphia Int,2021.06.26,1,"Niemann, Hans Moke","Tian, Eddy",1-0,7,black,"Tian, Eddy",Bb4+,B,,,,
162,14. Philadelphia Int,2021.06.26,1,"Niemann, Hans Moke","Tian, Eddy",1-0,8,white,"Niemann, Hans Moke",Nbd2,B,,,,
162,14. Philadelphia Int,2021.06.26,1,"Niemann, Hans Moke","Tian, Eddy",1-0,9,black,"Tian, Eddy",dxc4,B,,,,
162,14. Philadelphia Int,2021.06.26,1,"Niemann, Hans Moke","Tian, Eddy",1-0,10,white,"Niemann, Hans Moke",Bg2,B,,,,
162,14. Philadelphia Int,2021.06.26,1,"Niemann, Hans Moke","Tian, Eddy",1-0,11,black,"Tian, Eddy",b5,B,,,,
162,14. Philadelphia Int,2021.06.26,1,"Niemann, Hans Moke","Tian, Eddy",1-0,12,white,"Niemann, Hans Moke",a4,4,O-O,17,16,17
162,14. Philadelphia Int,2021.06.26,1,"Niemann, Hans Moke","Tian, Eddy",1-0,13,black,"Tian, Eddy",c6,1,c6,18,17,18
162,14. Philadelphia Int,2021.06.26,1,"Niemann, Hans Moke","Tian, Eddy",1-0,14,white,"Niemann, Hans Moke",O-O,1,O-O,17,16,17
162,14. Philadelphia Int,2021.06.26,1,"Niemann, Hans Moke","Tian, Eddy",1-0,15,black,"Tian, Eddy",a5,1,a5,17,16,17
162,14. Philadelphia Int,2021.06.26,1,"Niemann, Hans Moke","Tian, Eddy",1-0,16,white,"Niemann, Hans Moke",e4,3,Qc2,17,16,17
162,14. Philadelphia Int,2021.06.26,1,"Niemann, Hans Moke","Tian, Eddy",1-0,17,black,"Tian, Eddy",Bxd2,>10,O-O,17,16,17
162,14. Philadelphia Int,2021.06.26,1,"Niemann, Hans Moke","Tian, Eddy",1-0,18,white,"Niemann, Hans Moke",Bxd2,1,Bxd2,18,17,18
162,14. Philadelphia Int,2021.06.26,1,"Niemann, Hans Moke","Tian, Eddy",1-0,19,black,"Tian, Eddy",Nxe4,1,Nxe4,17,16,17
162,14. Philadelphia Int,2021.06.26,1,"Niemann, Hans Moke","Tian, Eddy",1-0,20,white,"Niemann, Hans Moke",Bf4,3,Ne5,18,17,18
162,14. Philadelphia Int,2021.06.26,1,"Niemann, Hans Moke","Tian, Eddy",1-0,21,black,"Tian, Eddy",Nd6,2,O-O,17,17,17
162,14. Philadelphia Int,2021.06.26,1,"Niemann, Hans Moke","Tian, Eddy",1-0,22,white,"Niemann, Hans Moke",axb5,1,axb5,17,16,17
162,14. Philadelphia Int,2021.06.26,1,"Niemann, Hans Moke","Tian, Eddy",1-0,23,black,"Tian, Eddy",cxb5,3,Nxb5,17,16,17
162,14. Philadelphia Int,2021.06.26,1,"Niemann, Hans Moke","Tian, Eddy",1-0,24,white,"Niemann, Hans Moke",d5,1,d5,17,16,17
162,14. Philadelphia Int,2021.06.26,1,"Niemann, Hans Moke","Tian, Eddy",1-0,25,black,"Tian, Eddy",Ra6,1,Ra6,17,16,17
162,14. Philadelphia Int,2021.06.26,1,"Niemann, Hans Moke","Tian, Eddy",1-0,26,white,"Niemann, Hans Moke",dxe6,1,dxe6,17,16,17
162,14. Philadelphia Int,2021.06.26,1,"Niemann, Hans Moke","Tian, Eddy",1-0,27,black,"Tian, Eddy",Bxe6,2,fxe6,17,17,17
162,14. Philadelphia Int,2021.06.26,1,"Niemann, Hans Moke","Tian, Eddy",1-0,28,white,"Niemann, Hans Moke",Qd4,1,Qd4,17,16,17
162,14. Philadelphia Int,2021.06.26,1,"Niemann, Hans Moke","Tian, Eddy",1-0,29,black,"Tian, Eddy",Qf6,1,Qf6,17,16,17
162,14. Philadelphia Int,2021.06.26,1,"Niemann, Hans Moke","Tian, Eddy",1-0,30,white,"Niemann, Hans Moke",Be5,4,Rfe1,17,17,17
162,14. Philadelphia Int,2021.06.26,1,"Niemann, Hans Moke","Tian, Eddy",1-0,31,black,"Tian, Eddy",Qe7,1,Qe7,18,17,18
162,14. Philadelphia Int,2021.06.26,1,"Niemann, Hans Moke","Tian, Eddy",1-0,32,white,"Niemann, Hans Moke",Bxg7,2,Bxd6,18,17,18
162,14. Philadelphia Int,2021.06.26,1,"Niemann, Hans Moke","Tian, Eddy",1-0,33,black,"Tian, Eddy",Rg8,2,Nc6,17,16,17
162,14. Philadelphia Int,2021.06.26,1,"Niemann, Hans Moke","Tian, Eddy",1-0,34,white,"Niemann, Hans Moke",Bf6,5,Be5,17,16,17
162,14. Philadelphia Int,2021.06.26,1,"Niemann, Hans Moke","Tian, Eddy",1-0,35,black,"Tian, Eddy",Qa7,3,Rg4,16,15,16
162,14. Philadelphia Int,2021.06.26,1,"Niemann, Hans Moke","Tian, Eddy",1-0,36,white,"Niemann, Hans Moke",Qh4,1,Qh4,17,16,17
162,14. Philadelphia Int,2021.06.26,1,"Niemann, Hans Moke","Tian, Eddy",1-0,37,black,"Tian, Eddy",Rg6,1,Rg6,16,15,16
162,14. Philadelphia Int,2021.06.26,1,"Niemann, Hans Moke","Tian, Eddy",1-0,38,white,"Niemann, Hans Moke",Rad1,1,Rad1,16,16,16
162,14. Philadelphia Int,2021.06.26,1,"Niemann, Hans Moke","Tian, Eddy",1-0,39,black,"Tian, Eddy",Nd7,1,Nd7,17,16,17
162,14. Philadelphia Int,2021.06.26,1,"Niemann, Hans Moke","Tian, Eddy",1-0,40,white,"Niemann, Hans Moke",Bd4,1,Bd4,17,17,17
162,14. Philadelphia Int,2021.06.26,1,"Niemann, Hans Moke","Tian, Eddy",1-0,41,black,"Tian, Eddy",Qc7,2,Nf5,17,17,17
162,14. Philadelphia Int,2021.06.26,1,"Niemann, Hans Moke","Tian, Eddy",1-0,42,white,"Niemann, Hans Moke",Qxh7,1,Qxh7,17,16,17
162,14. Philadelphia Int,2021.06.26,1,"Niemann, Hans Moke","Tian, Eddy",1-0,43,black,"Tian, Eddy",Nf5,1,Nf5,16,15,16
162,14. Philadelphia Int,2021.06.26,1,"Niemann, Hans Moke","Tian, Eddy",1-0,44,white,"Niemann, Hans Moke",Rfe1,2,Qh8+,16,15,16
162,14. Philadelphia Int,2021.06.26,1,"Niemann, Hans Moke","Tian, Eddy",1-0,45,black,"Tian, Eddy",Rd6,3,b4,17,16,17
162,14. Philadelphia Int,2021.06.26,1,"Niemann, Hans Moke","Tian, Eddy",1-0,46,white,"Niemann, Hans Moke",Bh3,2,Be5,16,15,16
162,14. Philadelphia Int,2021.06.26,1,"Niemann, Hans Moke","Tian, Eddy",1-0,47,black,"Tian, Eddy",Nf8,1,Nf8,17,17,17
162,14. Philadelphia Int,2021.06.26,1,"Niemann, Hans Moke","Tian, Eddy",1-0,48,white,"Niemann, Hans Moke",Qh5,1,Qh5,17,16,17
162,14. Philadelphia Int,2021.06.26,1,"Niemann, Hans Moke","Tian, Eddy",1-0,49,black,"Tian, Eddy",Nxd4,1,Nxd4,17,16,17
162,14. Philadelphia Int,2021.06.26,1,"Niemann, Hans Moke","Tian, Eddy",1-0,50,white,"Niemann, Hans Moke",Nxd4,1,Nxd4,17,16,17
162,14. Philadelphia Int,2021.06.26,1,"Niemann, Hans Moke","Tian, Eddy",1-0,51,black,"Tian, Eddy",Qd7,2,Qb6,17,16,17
162,14. Philadelphia Int,2021.06.26,1,"Niemann, Hans Moke","Tian, Eddy",1-0,52,white,"Niemann, Hans Moke",Nxb5,1,Nxb5,18,18,18
162,14. Philadelphia Int,2021.06.26,1,"Niemann, Hans Moke","Tian, Eddy",1-0,53,black,"Tian, Eddy",Rxd1,1,Rxd1,16,15,16
162,14. Philadelphia Int,2021.06.26,1,"Niemann, Hans Moke","Tian, Eddy",1-0,54,white,"Niemann, Hans Moke",Rxd1,1,Rxd1,17,17,17
162,14. Philadelphia Int,2021.06.26,1,"Niemann, Hans Moke","Tian, Eddy",1-0,55,black,"Tian, Eddy",Rg5,1,Rg5,16,15,16
162,14. Philadelphia Int,2021.06.26,1,"Niemann, Hans Moke","Tian, Eddy",1-0,56,white,"Niemann, Hans Moke",Qf3,1,Qf3,18,18,18
162,14. Philadelphia Int,2021.06.26,1,"Niemann, Hans Moke","Tian, Eddy",1-0,57,black,"Tian, Eddy",Bxh3,3,Rxb5,16,15,16
162,14. Philadelphia Int,2021.06.26,1,"Niemann, Hans Moke","Tian, Eddy",1-0,58,white,"Niemann, Hans Moke",Nd6+,1,Nd6+,17,16,17
162,14. Philadelphia Int,2021.06.26,1,"Niemann, Hans Moke","Tian, Eddy",1-0,59,black,"Tian, Eddy",Kd8,3,Qxd6,20,19,20
162,14. Philadelphia Int,2021.06.26,1,"Niemann, Hans Moke","Tian, Eddy",1-0,60,white,"Niemann, Hans Moke",Nxf7+,1,Nxf7+,16,15,16
163,14. Philadelphia Int,2021.06.27,3,"Niemann, Hans Moke","Asaria, Danial",1-0,0,white,"Niemann, Hans Moke",d4,B,,,,
163,14. Philadelphia Int,2021.06.27,3,"Niemann, Hans Moke","Asaria, Danial",1-0,1,black,"Asaria, Danial",d5,B,,,,
163,14. Philadelphia Int,2021.06.27,3,"Niemann, Hans Moke","Asaria, Danial",1-0,2,white,"Niemann, Hans Moke",c4,B,,,,
163,14. Philadelphia Int,2021.06.27,3,"Niemann, Hans Moke","Asaria, Danial",1-0,3,black,"Asaria, Danial",e6,B,,,,
163,14. Philadelphia Int,2021.06.27,3,"Niemann, Hans Moke","Asaria, Danial",1-0,4,white,"Niemann, Hans Moke",Nf3,B,,,,
163,14. Philadelphia Int,2021.06.27,3,"Niemann, Hans Moke","Asaria, Danial",1-0,5,black,"Asaria, Danial",Nf6,B,,,,
163,14. Philadelphia Int,2021.06.27,3,"Niemann, Hans Moke","Asaria, Danial",1-0,6,white,"Niemann, Hans Moke",g3,B,,,,
163,14. Philadelphia Int,2021.06.27,3,"Niemann, Hans Moke","Asaria, Danial",1-0,7,black,"Asaria, Danial",Bb4+,B,,,,
163,14. Philadelphia Int,2021.06.27,3,"Niemann, Hans Moke","Asaria, Danial",1-0,8,white,"Niemann, Hans Moke",Bd2,B,,,,
163,14. Philadelphia Int,2021.06.27,3,"Niemann, Hans Moke","Asaria, Danial",1-0,9,black,"Asaria, Danial",Be7,B,,,,
163,14. Philadelphia Int,2021.06.27,3,"Niemann, Hans Moke","Asaria, Danial",1-0,10,white,"Niemann, Hans Moke",Bg2,B,,,,
163,14. Philadelphia Int,2021.06.27,3,"Niemann, Hans Moke","Asaria, Danial",1-0,11,black,"Asaria, Danial",O-O,B,,,,
163,14. Philadelphia Int,2021.06.27,3,"Niemann, Hans Moke","Asaria, Danial",1-0,12,white,"Niemann, Hans Moke",O-O,B,,,,
163,14. Philadelphia Int,2021.06.27,3,"Niemann, Hans Moke","Asaria, Danial",1-0,13,black,"Asaria, Danial",c6,B,,,,
163,14. Philadelphia Int,2021.06.27,3,"Niemann, Hans Moke","Asaria, Danial",1-0,14,white,"Niemann, Hans Moke",Qc2,B,,,,
163,14. Philadelphia Int,2021.06.27,3,"Niemann, Hans Moke","Asaria, Danial",1-0,15,black,"Asaria, Danial",Nbd7,B,,,,
163,14. Philadelphia Int,2021.06.27,3,"Niemann, Hans Moke","Asaria, Danial",1-0,16,white,"Niemann, Hans Moke",Bf4,B,,,,
163,14. Philadelphia Int,2021.06.27,3,"Niemann, Hans Moke","Asaria, Danial",1-0,17,black,"Asaria, Danial",Ne4,B,,,,
163,14. Philadelphia Int,2021.06.27,3,"Niemann, Hans Moke","Asaria, Danial",1-0,18,white,"Niemann, Hans Moke",Nc3,B,,,,
163,14. Philadelphia Int,2021.06.27,3,"Niemann, Hans Moke","Asaria, Danial",1-0,19,black,"Asaria, Danial",g5,1,g5,17,16,17
163,14. Philadelphia Int,2021.06.27,3,"Niemann, Hans Moke","Asaria, Danial",1-0,20,white,"Niemann, Hans Moke",Bc1,2,Be3,18,18,18
163,14. Philadelphia Int,2021.06.27,3,"Niemann, Hans Moke","Asaria, Danial",1-0,21,black,"Asaria, Danial",f5,1,f5,17,16,17
163,14. Philadelphia Int,2021.06.27,3,"Niemann, Hans Moke","Asaria, Danial",1-0,22,white,"Niemann, Hans Moke",Rb1,8,Be3,16,15,16
163,14. Philadelphia Int,2021.06.27,3,"Niemann, Hans Moke","Asaria, Danial",1-0,23,black,"Asaria, Danial",a5,3,Bf6,16,15,16
163,14. Philadelphia Int,2021.06.27,3,"Niemann, Hans Moke","Asaria, Danial",1-0,24,white,"Niemann, Hans Moke",a3,7,b3,16,15,16
163,14. Philadelphia Int,2021.06.27,3,"Niemann, Hans Moke","Asaria, Danial",1-0,25,black,"Asaria, Danial",Bf6,1,Bf6,17,17,17
163,14. Philadelphia Int,2021.06.27,3,"Niemann, Hans Moke","Asaria, Danial",1-0,26,white,"Niemann, Hans Moke",e3,10,Be3,17,16,17
163,14. Philadelphia Int,2021.06.27,3,"Niemann, Hans Moke","Asaria, Danial",1-0,27,black,"Asaria, Danial",Qe8,10,b5,17,16,17
163,14. Philadelphia Int,2021.06.27,3,"Niemann, Hans Moke","Asaria, Danial",1-0,28,white,"Niemann, Hans Moke",b4,2,Nd2,17,16,17
163,14. Philadelphia Int,2021.06.27,3,"Niemann, Hans Moke","Asaria, Danial",1-0,29,black,"Asaria, Danial",axb4,1,axb4,18,17,18
163,14. Philadelphia Int,2021.06.27,3,"Niemann, Hans Moke","Asaria, Danial",1-0,30,white,"Niemann, Hans Moke",axb4,1,axb4,18,17,18
163,14. Philadelphia Int,2021.06.27,3,"Niemann, Hans Moke","Asaria, Danial",1-0,31,black,"Asaria, Danial",g4,6,Nb6,18,17,18
163,14. Philadelphia Int,2021.06.27,3,"Niemann, Hans Moke","Asaria, Danial",1-0,32,white,"Niemann, Hans Moke",Nd2,1,Nd2,18,17,18
163,14. Philadelphia Int,2021.06.27,3,"Niemann, Hans Moke","Asaria, Danial",1-0,33,black,"Asaria, Danial",h5,1,h5,17,16,17
163,14. Philadelphia Int,2021.06.27,3,"Niemann, Hans Moke","Asaria, Danial",1-0,34,white,"Niemann, Hans Moke",b5,2,Rd1,17,16,17
163,14. Philadelphia Int,2021.06.27,3,"Niemann, Hans Moke","Asaria, Danial",1-0,35,black,"Asaria, Danial",h4,1,h4,17,16,17
163,14. Philadelphia Int,2021.06.27,3,"Niemann, Hans Moke","Asaria, Danial",1-0,36,white,"Niemann, Hans Moke",Ndxe4,4,bxc6,18,17,18
163,14. Philadelphia Int,2021.06.27,3,"Niemann, Hans Moke","Asaria, Danial",1-0,37,black,"Asaria, Danial",dxe4,2,fxe4,18,17,18
163,14. Philadelphia Int,2021.06.27,3,"Niemann, Hans Moke","Asaria, Danial",1-0,38,white,"Niemann, Hans Moke",bxc6,2,Rd1,17,16,17
163,14. Philadelphia Int,2021.06.27,3,"Niemann, Hans Moke","Asaria, Danial",1-0,39,black,"Asaria, Danial",bxc6,1,bxc6,17,16,17
163,14. Philadelphia Int,2021.06.27,3,"Niemann, Hans Moke","Asaria, Danial",1-0,40,white,"Niemann, Hans Moke",Nxe4,3,Rd1,17,16,17
163,14. Philadelphia Int,2021.06.27,3,"Niemann, Hans Moke","Asaria, Danial",1-0,41,black,"Asaria, Danial",fxe4,1,fxe4,17,17,17
163,14. Philadelphia Int,2021.06.27,3,"Niemann, Hans Moke","Asaria, Danial",1-0,42,white,"Niemann, Hans Moke",Qxe4,1,Qxe4,17,16,17
163,14. Philadelphia Int,2021.06.27,3,"Niemann, Hans Moke","Asaria, Danial",1-0,43,black,"Asaria, Danial",Ra6,5,Kh8,17,16,17
163,14. Philadelphia Int,2021.06.27,3,"Niemann, Hans Moke","Asaria, Danial",1-0,44,white,"Niemann, Hans Moke",Qxg4+,1,Qxg4+,17,17,17
163,14. Philadelphia Int,2021.06.27,3,"Niemann, Hans Moke","Asaria, Danial",1-0,45,black,"Asaria, Danial",Kh8,1,Kh8,17,16,17
163,14. Philadelphia Int,2021.06.27,3,"Niemann, Hans Moke","Asaria, Danial",1-0,46,white,"Niemann, Hans Moke",Be4,1,Be4,16,15,16
163,14. Philadelphia Int,2021.06.27,3,"Niemann, Hans Moke","Asaria, Danial",1-0,47,black,"Asaria, Danial",Rg8,1,Rg8,16,15,16
163,14. Philadelphia Int,2021.06.27,3,"Niemann, Hans Moke","Asaria, Danial",1-0,48,white,"Niemann, Hans Moke",Qf3,1,Qf3,17,17,17
163,14. Philadelphia Int,2021.06.27,3,"Niemann, Hans Moke","Asaria, Danial",1-0,49,black,"Asaria, Danial",e5,3,Bg7,17,16,17
163,14. Philadelphia Int,2021.06.27,3,"Niemann, Hans Moke","Asaria, Danial",1-0,50,white,"Niemann, Hans Moke",Bxc6,6,c5,17,17,17
163,14. Philadelphia Int,2021.06.27,3,"Niemann, Hans Moke","Asaria, Danial",1-0,51,black,"Asaria, Danial",exd4,5,Bg7,16,15,16
163,14. Philadelphia Int,2021.06.27,3,"Niemann, Hans Moke","Asaria, Danial",1-0,52,white,"Niemann, Hans Moke",exd4,1,exd4,16,15,16
163,14. Philadelphia Int,2021.06.27,3,"Niemann, Hans Moke","Asaria, Danial",1-0,53,black,"Asaria, Danial",Rxc6,3,Bxd4,16,15,16
163,14. Philadelphia Int,2021.06.27,3,"Niemann, Hans Moke","Asaria, Danial",1-0,54,white,"Niemann, Hans Moke",Qxc6,1,Qxc6,16,15,16
163,14. Philadelphia Int,2021.06.27,3,"Niemann, Hans Moke","Asaria, Danial",1-0,55,black,"Asaria, Danial",hxg3,1,hxg3,16,15,16
163,14. Philadelphia Int,2021.06.27,3,"Niemann, Hans Moke","Asaria, Danial",1-0,56,white,"Niemann, Hans Moke",hxg3,1,hxg3,16,15,16
163,14. Philadelphia Int,2021.06.27,3,"Niemann, Hans Moke","Asaria, Danial",1-0,57,black,"Asaria, Danial",Kg7,3,Rxg3+,16,15,16
163,14. Philadelphia Int,2021.06.27,3,"Niemann, Hans Moke","Asaria, Danial",1-0,58,white,"Niemann, Hans Moke",Be3,1,Be3,17,16,17
163,14. Philadelphia Int,2021.06.27,3,"Niemann, Hans Moke","Asaria, Danial",1-0,59,black,"Asaria, Danial",Qg6,1,Qg6,17,16,17
163,14. Philadelphia Int,2021.06.27,3,"Niemann, Hans Moke","Asaria, Danial",1-0,60,white,"Niemann, Hans Moke",Kg2,2,Ra1,17,16,17
163,14. Philadelphia Int,2021.06.27,3,"Niemann, Hans Moke","Asaria, Danial",1-0,61,black,"Asaria, Danial",Re8,6,Be7,17,16,17
163,14. Philadelphia Int,2021.06.27,3,"Niemann, Hans Moke","Asaria, Danial",1-0,62,white,"Niemann, Hans Moke",Rbe1,3,Rfe1,16,15,16
163,14. Philadelphia Int,2021.06.27,3,"Niemann, Hans Moke","Asaria, Danial",1-0,63,black,"Asaria, Danial",Nf8,7,Rd8,17,16,17
163,14. Philadelphia Int,2021.06.27,3,"Niemann, Hans Moke","Asaria, Danial",1-0,64,white,"Niemann, Hans Moke",Qxe8,1,Qxe8,16,15,16
163,14. Philadelphia Int,2021.06.27,3,"Niemann, Hans Moke","Asaria, Danial",1-0,65,black,"Asaria, Danial",Qf5,9,Qxe8,17,16,17
163,14. Philadelphia Int,2021.06.27,3,"Niemann, Hans Moke","Asaria, Danial",1-0,66,white,"Niemann, Hans Moke",Bh6+,1,Bh6+,18,17,18
164,14. Philadelphia Int,2021.06.27,4,"Jacobson, Brandon","Niemann, Hans Moke",0-1,0,white,"Jacobson, Brandon",Nf3,B,,,,
164,14. Philadelphia Int,2021.06.27,4,"Jacobson, Brandon","Niemann, Hans Moke",0-1,1,black,"Niemann, Hans Moke",d5,B,,,,
164,14. Philadelphia Int,2021.06.27,4,"Jacobson, Brandon","Niemann, Hans Moke",0-1,2,white,"Jacobson, Brandon",e3,B,,,,
164,14. Philadelphia Int,2021.06.27,4,"Jacobson, Brandon","Niemann, Hans Moke",0-1,3,black,"Niemann, Hans Moke",c5,B,,,,
164,14. Philadelphia Int,2021.06.27,4,"Jacobson, Brandon","Niemann, Hans Moke",0-1,4,white,"Jacobson, Brandon",b3,B,,,,
164,14. Philadelphia Int,2021.06.27,4,"Jacobson, Brandon","Niemann, Hans Moke",0-1,5,black,"Niemann, Hans Moke",Nf6,B,,,,
164,14. Philadelphia Int,2021.06.27,4,"Jacobson, Brandon","Niemann, Hans Moke",0-1,6,white,"Jacobson, Brandon",Bb2,B,,,,
164,14. Philadelphia Int,2021.06.27,4,"Jacobson, Brandon","Niemann, Hans Moke",0-1,7,black,"Niemann, Hans Moke",Nc6,B,,,,
164,14. Philadelphia Int,2021.06.27,4,"Jacobson, Brandon","Niemann, Hans Moke",0-1,8,white,"Jacobson, Brandon",Bb5,B,,,,
164,14. Philadelphia Int,2021.06.27,4,"Jacobson, Brandon","Niemann, Hans Moke",0-1,9,black,"Niemann, Hans Moke",Qb6,B,,,,
164,14. Philadelphia Int,2021.06.27,4,"Jacobson, Brandon","Niemann, Hans Moke",0-1,10,white,"Jacobson, Brandon",Na3,7,c4,17,16,17
164,14. Philadelphia Int,2021.06.27,4,"Jacobson, Brandon","Niemann, Hans Moke",0-1,11,black,"Niemann, Hans Moke",g6,7,e6,17,16,17
164,14. Philadelphia Int,2021.06.27,4,"Jacobson, Brandon","Niemann, Hans Moke",0-1,12,white,"Jacobson, Brandon",c4,1,c4,18,17,18
164,14. Philadelphia Int,2021.06.27,4,"Jacobson, Brandon","Niemann, Hans Moke",0-1,13,black,"Niemann, Hans Moke",dxc4,2,Be6,18,17,18
164,14. Philadelphia Int,2021.06.27,4,"Jacobson, Brandon","Niemann, Hans Moke",0-1,14,white,"Jacobson, Brandon",Ne5,1,Ne5,17,16,17
164,14. Philadelphia Int,2021.06.27,4,"Jacobson, Brandon","Niemann, Hans Moke",0-1,15,black,"Niemann, Hans Moke",Bg7,2,cxb3,16,16,16
164,14. Philadelphia Int,2021.06.27,4,"Jacobson, Brandon","Niemann, Hans Moke",0-1,16,white,"Jacobson, Brandon",Qf3,6,Bxc6+,17,16,17
164,14. Philadelphia Int,2021.06.27,4,"Jacobson, Brandon","Niemann, Hans Moke",0-1,17,black,"Niemann, Hans Moke",cxb3,1,cxb3,17,16,17
164,14. Philadelphia Int,2021.06.27,4,"Jacobson, Brandon","Niemann, Hans Moke",0-1,18,white,"Jacobson, Brandon",Nxc6,2,Bxc6+,17,16,17
164,14. Philadelphia Int,2021.06.27,4,"Jacobson, Brandon","Niemann, Hans Moke",0-1,19,black,"Niemann, Hans Moke",Bd7,1,Bd7,17,16,17
164,14. Philadelphia Int,2021.06.27,4,"Jacobson, Brandon","Niemann, Hans Moke",0-1,20,white,"Jacobson, Brandon",Nxe7,2,axb3,17,16,17
164,14. Philadelphia Int,2021.06.27,4,"Jacobson, Brandon","Niemann, Hans Moke",0-1,21,black,"Niemann, Hans Moke",Bxb5,1,Bxb5,18,17,18
164,14. Philadelphia Int,2021.06.27,4,"Jacobson, Brandon","Niemann, Hans Moke",0-1,22,white,"Jacobson, Brandon",Nd5,1,Nd5,18,17,18
164,14. Philadelphia Int,2021.06.27,4,"Jacobson, Brandon","Niemann, Hans Moke",0-1,23,black,"Niemann, Hans Moke",Nxd5,1,Nxd5,17,16,17
164,14. Philadelphia Int,2021.06.27,4,"Jacobson, Brandon","Niemann, Hans Moke",0-1,24,white,"Jacobson, Brandon",Bxg7,1,Bxg7,17,17,17
164,14. Philadelphia Int,2021.06.27,4,"Jacobson, Brandon","Niemann, Hans Moke",0-1,25,black,"Niemann, Hans Moke",O-O-O,2,Nb4,17,16,17
164,14. Philadelphia Int,2021.06.27,4,"Jacobson, Brandon","Niemann, Hans Moke",0-1,26,white,"Jacobson, Brandon",Nxb5,3,Bxh8,16,15,16
164,14. Philadelphia Int,2021.06.27,4,"Jacobson, Brandon","Niemann, Hans Moke",0-1,27,black,"Niemann, Hans Moke",Qxb5,1,Qxb5,17,16,17
164,14. Philadelphia Int,2021.06.27,4,"Jacobson, Brandon","Niemann, Hans Moke",0-1,28,white,"Jacobson, Brandon",Bxh8,3,Qe2,16,15,16
164,14. Philadelphia Int,2021.06.27,4,"Jacobson, Brandon","Niemann, Hans Moke",0-1,29,black,"Niemann, Hans Moke",Nb4,1,Nb4,17,16,17
164,14. Philadelphia Int,2021.06.27,4,"Jacobson, Brandon","Niemann, Hans Moke",0-1,30,white,"Jacobson, Brandon",Qe2,2,axb3,16,16,16
164,14. Philadelphia Int,2021.06.27,4,"Jacobson, Brandon","Niemann, Hans Moke",0-1,31,black,"Niemann, Hans Moke",Nd3+,1,Nd3+,17,16,17
164,14. Philadelphia Int,2021.06.27,4,"Jacobson, Brandon","Niemann, Hans Moke",0-1,32,white,"Jacobson, Brandon",Kf1,1,Kf1,21,20,21
164,14. Philadelphia Int,2021.06.27,4,"Jacobson, Brandon","Niemann, Hans Moke",0-1,33,black,"Niemann, Hans Moke",b2,1,b2,17,16,17
164,14. Philadelphia Int,2021.06.27,4,"Jacobson, Brandon","Niemann, Hans Moke",0-1,34,white,"Jacobson, Brandon",Bxb2,1,Bxb2,17,16,17
164,14. Philadelphia Int,2021.06.27,4,"Jacobson, Brandon","Niemann, Hans Moke",0-1,35,black,"Niemann, Hans Moke",Qxb2,1,Qxb2,17,16,17
164,14. Philadelphia Int,2021.06.27,4,"Jacobson, Brandon","Niemann, Hans Moke",0-1,36,white,"Jacobson, Brandon",Rd1,1,Rd1,17,16,17
164,14. Philadelphia Int,2021.06.27,4,"Jacobson, Brandon","Niemann, Hans Moke",0-1,37,black,"Niemann, Hans Moke",Qc2,1,Qc2,16,15,16
164,14. Philadelphia Int,2021.06.27,4,"Jacobson, Brandon","Niemann, Hans Moke",0-1,38,white,"Jacobson, Brandon",Kg1,1,Kg1,16,15,16
164,14. Philadelphia Int,2021.06.27,4,"Jacobson, Brandon","Niemann, Hans Moke",0-1,39,black,"Niemann, Hans Moke",Nb2,9,c4,16,15,16
164,14. Philadelphia Int,2021.06.27,4,"Jacobson, Brandon","Niemann, Hans Moke",0-1,40,white,"Jacobson, Brandon",Rf1,1,Rf1,16,15,16
164,14. Philadelphia Int,2021.06.27,4,"Jacobson, Brandon","Niemann, Hans Moke",0-1,41,black,"Niemann, Hans Moke",Rxd2,3,c4,18,18,18
164,14. Philadelphia Int,2021.06.27,4,"Jacobson, Brandon","Niemann, Hans Moke",0-1,42,white,"Jacobson, Brandon",Qb5,1,Qb5,16,15,16
164,14. Philadelphia Int,2021.06.27,4,"Jacobson, Brandon","Niemann, Hans Moke",0-1,43,black,"Niemann, Hans Moke",Qc4,1,Qc4,16,15,16
164,14. Philadelphia Int,2021.06.27,4,"Jacobson, Brandon","Niemann, Hans Moke",0-1,44,white,"Jacobson, Brandon",Qa5,2,Qe8+,16,15,16
164,14. Philadelphia Int,2021.06.27,4,"Jacobson, Brandon","Niemann, Hans Moke",0-1,45,black,"Niemann, Hans Moke",Rd6,4,Rc2,18,17,18
164,14. Philadelphia Int,2021.06.27,4,"Jacobson, Brandon","Niemann, Hans Moke",0-1,46,white,"Jacobson, Brandon",Qa3,3,h3,17,16,17
164,14. Philadelphia Int,2021.06.27,4,"Jacobson, Brandon","Niemann, Hans Moke",0-1,47,black,"Niemann, Hans Moke",Nd3,1,Nd3,18,17,18
164,14. Philadelphia Int,2021.06.27,4,"Jacobson, Brandon","Niemann, Hans Moke",0-1,48,white,"Jacobson, Brandon",h4,1,h4,18,17,18
164,14. Philadelphia Int,2021.06.27,4,"Jacobson, Brandon","Niemann, Hans Moke",0-1,49,black,"Niemann, Hans Moke",Ra6,1,Ra6,18,17,18
164,14. Philadelphia Int,2021.06.27,4,"Jacobson, Brandon","Niemann, Hans Moke",0-1,50,white,"Jacobson, Brandon",Qb3,1,Qb3,16,15,16
164,14. Philadelphia Int,2021.06.27,4,"Jacobson, Brandon","Niemann, Hans Moke",0-1,51,black,"Niemann, Hans Moke",Qxb3,1,Qxb3,18,17,18
164,14. Philadelphia Int,2021.06.27,4,"Jacobson, Brandon","Niemann, Hans Moke",0-1,52,white,"Jacobson, Brandon",axb3,1,axb3,15,14,15
164,14. Philadelphia Int,2021.06.27,4,"Jacobson, Brandon","Niemann, Hans Moke",0-1,53,black,"Niemann, Hans Moke",Rb6,1,Rb6,18,17,18
164,14. Philadelphia Int,2021.06.27,4,"Jacobson, Brandon","Niemann, Hans Moke",0-1,54,white,"Jacobson, Brandon",Rb1,>10,h5,16,15,16
164,14. Philadelphia Int,2021.06.27,4,"Jacobson, Brandon","Niemann, Hans Moke",0-1,55,black,"Niemann, Hans Moke",c4,1,c4,17,16,17
164,14. Philadelphia Int,2021.06.27,4,"Jacobson, Brandon","Niemann, Hans Moke",0-1,56,white,"Jacobson, Brandon",Kf1,1,Kf1,17,17,17
164,14. Philadelphia Int,2021.06.27,4,"Jacobson, Brandon","Niemann, Hans Moke",0-1,57,black,"Niemann, Hans Moke",cxb3,1,cxb3,18,17,18
164,14. Philadelphia Int,2021.06.27,4,"Jacobson, Brandon","Niemann, Hans Moke",0-1,58,white,"Jacobson, Brandon",Ke2,1,Ke2,16,15,16
164,14. Philadelphia Int,2021.06.27,4,"Jacobson, Brandon","Niemann, Hans Moke",0-1,59,black,"Niemann, Hans Moke",Nc5,1,Nc5,17,17,17
164,14. Philadelphia Int,2021.06.27,4,"Jacobson, Brandon","Niemann, Hans Moke",0-1,60,white,"Jacobson, Brandon",Rhc1,2,Kd2,15,15,15
164,14. Philadelphia Int,2021.06.27,4,"Jacobson, Brandon","Niemann, Hans Moke",0-1,61,black,"Niemann, Hans Moke",Rc6,1,Rc6,18,17,18
164,14. Philadelphia Int,2021.06.27,4,"Jacobson, Brandon","Niemann, Hans Moke",0-1,62,white,"Jacobson, Brandon",Rc3,2,Kd2,16,15,16
164,14. Philadelphia Int,2021.06.27,4,"Jacobson, Brandon","Niemann, Hans Moke",0-1,63,black,"Niemann, Hans Moke",a5,2,Kc7,18,17,18
164,14. Philadelphia Int,2021.06.27,4,"Jacobson, Brandon","Niemann, Hans Moke",0-1,64,white,"Jacobson, Brandon",Rbc1,5,Rcxb3,16,15,16
164,14. Philadelphia Int,2021.06.27,4,"Jacobson, Brandon","Niemann, Hans Moke",0-1,65,black,"Niemann, Hans Moke",a4,1,a4,18,17,18
165,14. Philadelphia Int,2021.06.28,5.1,"Niemann, Hans Moke","Belous, Vladimir",0-1,0,white,"Niemann, Hans Moke",e4,B,,,,
165,14. Philadelphia Int,2021.06.28,5.1,"Niemann, Hans Moke","Belous, Vladimir",0-1,1,black,"Belous, Vladimir",c5,B,,,,
165,14. Philadelphia Int,2021.06.28,5.1,"Niemann, Hans Moke","Belous, Vladimir",0-1,2,white,"Niemann, Hans Moke",Nf3,B,,,,
165,14. Philadelphia Int,2021.06.28,5.1,"Niemann, Hans Moke","Belous, Vladimir",0-1,3,black,"Belous, Vladimir",Nc6,B,,,,
165,14. Philadelphia Int,2021.06.28,5.1,"Niemann, Hans Moke","Belous, Vladimir",0-1,4,white,"Niemann, Hans Moke",d4,B,,,,
165,14. Philadelphia Int,2021.06.28,5.1,"Niemann, Hans Moke","Belous, Vladimir",0-1,5,black,"Belous, Vladimir",cxd4,B,,,,
165,14. Philadelphia Int,2021.06.28,5.1,"Niemann, Hans Moke","Belous, Vladimir",0-1,6,white,"Niemann, Hans Moke",Nxd4,B,,,,
165,14. Philadelphia Int,2021.06.28,5.1,"Niemann, Hans Moke","Belous, Vladimir",0-1,7,black,"Belous, Vladimir",g6,B,,,,
165,14. Philadelphia Int,2021.06.28,5.1,"Niemann, Hans Moke","Belous, Vladimir",0-1,8,white,"Niemann, Hans Moke",c4,B,,,,
165,14. Philadelphia Int,2021.06.28,5.1,"Niemann, Hans Moke","Belous, Vladimir",0-1,9,black,"Belous, Vladimir",Nf6,B,,,,
165,14. Philadelphia Int,2021.06.28,5.1,"Niemann, Hans Moke","Belous, Vladimir",0-1,10,white,"Niemann, Hans Moke",Nc3,B,,,,
165,14. Philadelphia Int,2021.06.28,5.1,"Niemann, Hans Moke","Belous, Vladimir",0-1,11,black,"Belous, Vladimir",Nxd4,B,,,,
165,14. Philadelphia Int,2021.06.28,5.1,"Niemann, Hans Moke","Belous, Vladimir",0-1,12,white,"Niemann, Hans Moke",Qxd4,B,,,,
165,14. Philadelphia Int,2021.06.28,5.1,"Niemann, Hans Moke","Belous, Vladimir",0-1,13,black,"Belous, Vladimir",d6,B,,,,
165,14. Philadelphia Int,2021.06.28,5.1,"Niemann, Hans Moke","Belous, Vladimir",0-1,14,white,"Niemann, Hans Moke",Be2,B,,,,
165,14. Philadelphia Int,2021.06.28,5.1,"Niemann, Hans Moke","Belous, Vladimir",0-1,15,black,"Belous, Vladimir",Bg7,B,,,,
165,14. Philadelphia Int,2021.06.28,5.1,"Niemann, Hans Moke","Belous, Vladimir",0-1,16,white,"Niemann, Hans Moke",Be3,B,,,,
165,14. Philadelphia Int,2021.06.28,5.1,"Niemann, Hans Moke","Belous, Vladimir",0-1,17,black,"Belous, Vladimir",O-O,B,,,,
165,14. Philadelphia Int,2021.06.28,5.1,"Niemann, Hans Moke","Belous, Vladimir",0-1,18,white,"Niemann, Hans Moke",Qd2,B,,,,
165,14. Philadelphia Int,2021.06.28,5.1,"Niemann, Hans Moke","Belous, Vladimir",0-1,19,black,"Belous, Vladimir",a5,B,,,,
165,14. Philadelphia Int,2021.06.28,5.1,"Niemann, Hans Moke","Belous, Vladimir",0-1,20,white,"Niemann, Hans Moke",O-O,B,,,,
165,14. Philadelphia Int,2021.06.28,5.1,"Niemann, Hans Moke","Belous, Vladimir",0-1,21,black,"Belous, Vladimir",a4,B,,,,
165,14. Philadelphia Int,2021.06.28,5.1,"Niemann, Hans Moke","Belous, Vladimir",0-1,22,white,"Niemann, Hans Moke",f3,B,,,,
165,14. Philadelphia Int,2021.06.28,5.1,"Niemann, Hans Moke","Belous, Vladimir",0-1,23,black,"Belous, Vladimir",Qa5,B,,,,
165,14. Philadelphia Int,2021.06.28,5.1,"Niemann, Hans Moke","Belous, Vladimir",0-1,24,white,"Niemann, Hans Moke",Rac1,B,,,,
165,14. Philadelphia Int,2021.06.28,5.1,"Niemann, Hans Moke","Belous, Vladimir",0-1,25,black,"Belous, Vladimir",Be6,B,,,,
165,14. Philadelphia Int,2021.06.28,5.1,"Niemann, Hans Moke","Belous, Vladimir",0-1,26,white,"Niemann, Hans Moke",Rfd1,B,,,,
165,14. Philadelphia Int,2021.06.28,5.1,"Niemann, Hans Moke","Belous, Vladimir",0-1,27,black,"Belous, Vladimir",Rfc8,B,,,,
165,14. Philadelphia Int,2021.06.28,5.1,"Niemann, Hans Moke","Belous, Vladimir",0-1,28,white,"Niemann, Hans Moke",Nb5,B,,,,
165,14. Philadelphia Int,2021.06.28,5.1,"Niemann, Hans Moke","Belous, Vladimir",0-1,29,black,"Belous, Vladimir",Qxd2,7,Nd7,17,16,17
165,14. Philadelphia Int,2021.06.28,5.1,"Niemann, Hans Moke","Belous, Vladimir",0-1,30,white,"Niemann, Hans Moke",Rxd2,1,Rxd2,15,15,15
165,14. Philadelphia Int,2021.06.28,5.1,"Niemann, Hans Moke","Belous, Vladimir",0-1,31,black,"Belous, Vladimir",Nd7,1,Nd7,17,16,17
165,14. Philadelphia Int,2021.06.28,5.1,"Niemann, Hans Moke","Belous, Vladimir",0-1,32,white,"Niemann, Hans Moke",Kf2,3,h4,17,16,17
165,14. Philadelphia Int,2021.06.28,5.1,"Niemann, Hans Moke","Belous, Vladimir",0-1,33,black,"Belous, Vladimir",Ne5,5,Kf8,17,16,17
165,14. Philadelphia Int,2021.06.28,5.1,"Niemann, Hans Moke","Belous, Vladimir",0-1,34,white,"Niemann, Hans Moke",Rdc2,2,b3,18,18,18
165,14. Philadelphia Int,2021.06.28,5.1,"Niemann, Hans Moke","Belous, Vladimir",0-1,35,black,"Belous, Vladimir",Nc6,1,Nc6,19,18,19
165,14. Philadelphia Int,2021.06.28,5.1,"Niemann, Hans Moke","Belous, Vladimir",0-1,36,white,"Niemann, Hans Moke",Rd2,2,h3,17,17,17
165,14. Philadelphia Int,2021.06.28,5.1,"Niemann, Hans Moke","Belous, Vladimir",0-1,37,black,"Belous, Vladimir",Na5,2,Nb4,18,17,18
165,14. Philadelphia Int,2021.06.28,5.1,"Niemann, Hans Moke","Belous, Vladimir",0-1,38,white,"Niemann, Hans Moke",Rdc2,1,Rdc2,19,18,19
165,14. Philadelphia Int,2021.06.28,5.1,"Niemann, Hans Moke","Belous, Vladimir",0-1,39,black,"Belous, Vladimir",Nc6,1,Nc6,21,20,21
165,14. Philadelphia Int,2021.06.28,5.1,"Niemann, Hans Moke","Belous, Vladimir",0-1,40,white,"Niemann, Hans Moke",Rd2,1,Rd2,18,17,18
165,14. Philadelphia Int,2021.06.28,5.1,"Niemann, Hans Moke","Belous, Vladimir",0-1,41,black,"Belous, Vladimir",Nb4,1,Nb4,20,19,20
165,14. Philadelphia Int,2021.06.28,5.1,"Niemann, Hans Moke","Belous, Vladimir",0-1,42,white,"Niemann, Hans Moke",Na7,9,f4,18,17,18
165,14. Philadelphia Int,2021.06.28,5.1,"Niemann, Hans Moke","Belous, Vladimir",0-1,43,black,"Belous, Vladimir",Nxa2,1,Nxa2,18,18,18
165,14. Philadelphia Int,2021.06.28,5.1,"Niemann, Hans Moke","Belous, Vladimir",0-1,44,white,"Niemann, Hans Moke",Nxc8,1,Nxc8,19,18,19
165,14. Philadelphia Int,2021.06.28,5.1,"Niemann, Hans Moke","Belous, Vladimir",0-1,45,black,"Belous, Vladimir",Nxc1,1,Nxc1,19,18,19
165,14. Philadelphia Int,2021.06.28,5.1,"Niemann, Hans Moke","Belous, Vladimir",0-1,46,white,"Niemann, Hans Moke",Nxe7+,1,Nxe7+,18,17,18
165,14. Philadelphia Int,2021.06.28,5.1,"Niemann, Hans Moke","Belous, Vladimir",0-1,47,black,"Belous, Vladimir",Kf8,1,Kf8,25,25,25
165,14. Philadelphia Int,2021.06.28,5.1,"Niemann, Hans Moke","Belous, Vladimir",0-1,48,white,"Niemann, Hans Moke",Nd5,1,Nd5,17,16,17
165,14. Philadelphia Int,2021.06.28,5.1,"Niemann, Hans Moke","Belous, Vladimir",0-1,49,black,"Belous, Vladimir",Bxd5,1,Bxd5,20,19,20
165,14. Philadelphia Int,2021.06.28,5.1,"Niemann, Hans Moke","Belous, Vladimir",0-1,50,white,"Niemann, Hans Moke",cxd5,1,cxd5,18,17,18
165,14. Philadelphia Int,2021.06.28,5.1,"Niemann, Hans Moke","Belous, Vladimir",0-1,51,black,"Belous, Vladimir",Rc8,2,Nb3,20,20,20
165,14. Philadelphia Int,2021.06.28,5.1,"Niemann, Hans Moke","Belous, Vladimir",0-1,52,white,"Niemann, Hans Moke",Bb5,1,Bb5,17,16,17
165,14. Philadelphia Int,2021.06.28,5.1,"Niemann, Hans Moke","Belous, Vladimir",0-1,53,black,"Belous, Vladimir",Nb3,1,Nb3,19,19,19
165,14. Philadelphia Int,2021.06.28,5.1,"Niemann, Hans Moke","Belous, Vladimir",0-1,54,white,"Niemann, Hans Moke",Rd3,1,Rd3,18,17,18
165,14. Philadelphia Int,2021.06.28,5.1,"Niemann, Hans Moke","Belous, Vladimir",0-1,55,black,"Belous, Vladimir",Rc2+,3,Nc5,21,20,21
165,14. Philadelphia Int,2021.06.28,5.1,"Niemann, Hans Moke","Belous, Vladimir",0-1,56,white,"Niemann, Hans Moke",Kg3,2,Kf1,21,21,21
165,14. Philadelphia Int,2021.06.28,5.1,"Niemann, Hans Moke","Belous, Vladimir",0-1,57,black,"Belous, Vladimir",Nc5,2,Rxb2,18,18,18
165,14. Philadelphia Int,2021.06.28,5.1,"Niemann, Hans Moke","Belous, Vladimir",0-1,58,white,"Niemann, Hans Moke",Ra3,2,Bxc5,18,17,18
165,14. Philadelphia Int,2021.06.28,5.1,"Niemann, Hans Moke","Belous, Vladimir",0-1,59,black,"Belous, Vladimir",Bxb2,1,Bxb2,19,18,19
165,14. Philadelphia Int,2021.06.28,5.1,"Niemann, Hans Moke","Belous, Vladimir",0-1,60,white,"Niemann, Hans Moke",Bxa4,1,Bxa4,18,17,18
165,14. Philadelphia Int,2021.06.28,5.1,"Niemann, Hans Moke","Belous, Vladimir",0-1,61,black,"Belous, Vladimir",Rxg2+,1,Rxg2+,20,19,20
165,14. Philadelphia Int,2021.06.28,5.1,"Niemann, Hans Moke","Belous, Vladimir",0-1,62,white,"Niemann, Hans Moke",Kxg2,1,Kxg2,20,19,20
165,14. Philadelphia Int,2021.06.28,5.1,"Niemann, Hans Moke","Belous, Vladimir",0-1,63,black,"Belous, Vladimir",Bxa3,1,Bxa3,17,16,17
165,14. Philadelphia Int,2021.06.28,5.1,"Niemann, Hans Moke","Belous, Vladimir",0-1,64,white,"Niemann, Hans Moke",Bxc5,1,Bxc5,17,16,17
165,14. Philadelphia Int,2021.06.28,5.1,"Niemann, Hans Moke","Belous, Vladimir",0-1,65,black,"Belous, Vladimir",Bxc5,1,Bxc5,15,14,15
165,14. Philadelphia Int,2021.06.28,5.1,"Niemann, Hans Moke","Belous, Vladimir",0-1,66,white,"Niemann, Hans Moke",f4,6,Kg3,20,19,20
165,14. Philadelphia Int,2021.06.28,5.1,"Niemann, Hans Moke","Belous, Vladimir",0-1,67,black,"Belous, Vladimir",Ke7,2,f6,22,21,22
165,14. Philadelphia Int,2021.06.28,5.1,"Niemann, Hans Moke","Belous, Vladimir",0-1,68,white,"Niemann, Hans Moke",Kf3,3,Bb5,20,19,20
165,14. Philadelphia Int,2021.06.28,5.1,"Niemann, Hans Moke","Belous, Vladimir",0-1,69,black,"Belous, Vladimir",f6,1,f6,21,20,21
165,14. Philadelphia Int,2021.06.28,5.1,"Niemann, Hans Moke","Belous, Vladimir",0-1,70,white,"Niemann, Hans Moke",Bb5,2,h4,19,18,19
165,14. Philadelphia Int,2021.06.28,5.1,"Niemann, Hans Moke","Belous, Vladimir",0-1,71,black,"Belous, Vladimir",Bg1,9,Kf7,20,19,20
165,14. Philadelphia Int,2021.06.28,5.1,"Niemann, Hans Moke","Belous, Vladimir",0-1,72,white,"Niemann, Hans Moke",h3,3,h4,17,16,17
165,14. Philadelphia Int,2021.06.28,5.1,"Niemann, Hans Moke","Belous, Vladimir",0-1,73,black,"Belous, Vladimir",Bh2,1,Bh2,20,19,20
165,14. Philadelphia Int,2021.06.28,5.1,"Niemann, Hans Moke","Belous, Vladimir",0-1,74,white,"Niemann, Hans Moke",h4,2,Kg4,18,17,18
165,14. Philadelphia Int,2021.06.28,5.1,"Niemann, Hans Moke","Belous, Vladimir",0-1,75,black,"Belous, Vladimir",h6,4,Bg1,21,20,21
165,14. Philadelphia Int,2021.06.28,5.1,"Niemann, Hans Moke","Belous, Vladimir",0-1,76,white,"Niemann, Hans Moke",Kg4,1,Kg4,18,17,18
165,14. Philadelphia Int,2021.06.28,5.1,"Niemann, Hans Moke","Belous, Vladimir",0-1,77,black,"Belous, Vladimir",h5+,3,Kf8,21,20,21
165,14. Philadelphia Int,2021.06.28,5.1,"Niemann, Hans Moke","Belous, Vladimir",0-1,78,white,"Niemann, Hans Moke",Kf3,1,Kf3,25,25,25
165,14. Philadelphia Int,2021.06.28,5.1,"Niemann, Hans Moke","Belous, Vladimir",0-1,79,black,"Belous, Vladimir",Kf7,1,Kf7,22,22,22
165,14. Philadelphia Int,2021.06.28,5.1,"Niemann, Hans Moke","Belous, Vladimir",0-1,80,white,"Niemann, Hans Moke",Be2,1,Be2,19,19,19
165,14. Philadelphia Int,2021.06.28,5.1,"Niemann, Hans Moke","Belous, Vladimir",0-1,81,black,"Belous, Vladimir",Kg7,1,Kg7,24,23,24
165,14. Philadelphia Int,2021.06.28,5.1,"Niemann, Hans Moke","Belous, Vladimir",0-1,82,white,"Niemann, Hans Moke",f5,1,f5,20,19,20
165,14. Philadelphia Int,2021.06.28,5.1,"Niemann, Hans Moke","Belous, Vladimir",0-1,83,black,"Belous, Vladimir",g5,1,g5,27,26,27
165,14. Philadelphia Int,2021.06.28,5.1,"Niemann, Hans Moke","Belous, Vladimir",0-1,84,white,"Niemann, Hans Moke",hxg5,2,Kg2,20,19,20
165,14. Philadelphia Int,2021.06.28,5.1,"Niemann, Hans Moke","Belous, Vladimir",0-1,85,black,"Belous, Vladimir",fxg5,1,fxg5,27,26,27
165,14. Philadelphia Int,2021.06.28,5.1,"Niemann, Hans Moke","Belous, Vladimir",0-1,86,white,"Niemann, Hans Moke",Kg2,1,Kg2,18,17,18
165,14. Philadelphia Int,2021.06.28,5.1,"Niemann, Hans Moke","Belous, Vladimir",0-1,87,black,"Belous, Vladimir",Be5,1,Be5,16,15,16
165,14. Philadelphia Int,2021.06.28,5.1,"Niemann, Hans Moke","Belous, Vladimir",0-1,88,white,"Niemann, Hans Moke",Bxh5,1,Bxh5,16,15,16
165,14. Philadelphia Int,2021.06.28,5.1,"Niemann, Hans Moke","Belous, Vladimir",0-1,89,black,"Belous, Vladimir",b5,1,b5,25,24,25
165,14. Philadelphia Int,2021.06.28,5.1,"Niemann, Hans Moke","Belous, Vladimir",0-1,90,white,"Niemann, Hans Moke",Bd1,3,Bf3,22,22,22
165,14. Philadelphia Int,2021.06.28,5.1,"Niemann, Hans Moke","Belous, Vladimir",0-1,91,black,"Belous, Vladimir",Kf6,1,Kf6,27,26,27
165,14. Philadelphia Int,2021.06.28,5.1,"Niemann, Hans Moke","Belous, Vladimir",0-1,92,white,"Niemann, Hans Moke",Kf3,5,Kh3,23,22,23
165,14. Philadelphia Int,2021.06.28,5.1,"Niemann, Hans Moke","Belous, Vladimir",0-1,93,black,"Belous, Vladimir",Bd4,5,Bh2,30,29,30
165,14. Philadelphia Int,2021.06.28,5.1,"Niemann, Hans Moke","Belous, Vladimir",0-1,94,white,"Niemann, Hans Moke",Kg4,1,Kg4,22,21,22
165,14. Philadelphia Int,2021.06.28,5.1,"Niemann, Hans Moke","Belous, Vladimir",0-1,95,black,"Belous, Vladimir",b4,5,Ba1,30,29,30
165,14. Philadelphia Int,2021.06.28,5.1,"Niemann, Hans Moke","Belous, Vladimir",0-1,96,white,"Niemann, Hans Moke",Bc2,1,Bc2,24,23,24
165,14. Philadelphia Int,2021.06.28,5.1,"Niemann, Hans Moke","Belous, Vladimir",0-1,97,black,"Belous, Vladimir",Bb6,7,Bc5,28,27,28
165,14. Philadelphia Int,2021.06.28,5.1,"Niemann, Hans Moke","Belous, Vladimir",0-1,98,white,"Niemann, Hans Moke",e5+,1,e5+,23,22,23
165,14. Philadelphia Int,2021.06.28,5.1,"Niemann, Hans Moke","Belous, Vladimir",0-1,99,black,"Belous, Vladimir",dxe5,1,dxe5,29,28,29
165,14. Philadelphia Int,2021.06.28,5.1,"Niemann, Hans Moke","Belous, Vladimir",0-1,100,white,"Niemann, Hans Moke",Kf3,2,d6,18,17,18
165,14. Philadelphia Int,2021.06.28,5.1,"Niemann, Hans Moke","Belous, Vladimir",0-1,101,black,"Belous, Vladimir",Bc5,1,Bc5,27,26,27
165,14. Philadelphia Int,2021.06.28,5.1,"Niemann, Hans Moke","Belous, Vladimir",0-1,102,white,"Niemann, Hans Moke",Kg4,1,Kg4,18,17,18
165,14. Philadelphia Int,2021.06.28,5.1,"Niemann, Hans Moke","Belous, Vladimir",0-1,103,black,"Belous, Vladimir",Bd6,3,Bf8,30,29,30
165,14. Philadelphia Int,2021.06.28,5.1,"Niemann, Hans Moke","Belous, Vladimir",0-1,104,white,"Niemann, Hans Moke",Kf3,3,Be4,18,17,18
165,14. Philadelphia Int,2021.06.28,5.1,"Niemann, Hans Moke","Belous, Vladimir",0-1,105,black,"Belous, Vladimir",Be7,7,Kf7,27,26,27
165,14. Philadelphia Int,2021.06.28,5.1,"Niemann, Hans Moke","Belous, Vladimir",0-1,106,white,"Niemann, Hans Moke",Kg4,4,Bd3,19,18,19
165,14. Philadelphia Int,2021.06.28,5.1,"Niemann, Hans Moke","Belous, Vladimir",0-1,107,black,"Belous, Vladimir",e4,2,Bd6,27,26,27
165,14. Philadelphia Int,2021.06.28,5.1,"Niemann, Hans Moke","Belous, Vladimir",0-1,108,white,"Niemann, Hans Moke",Bxe4,1,Bxe4,16,15,16
165,14. Philadelphia Int,2021.06.28,5.1,"Niemann, Hans Moke","Belous, Vladimir",0-1,109,black,"Belous, Vladimir",Ke5,1,Ke5,35,34,35
165,14. Philadelphia Int,2021.06.28,5.1,"Niemann, Hans Moke","Belous, Vladimir",0-1,110,white,"Niemann, Hans Moke",Bc2,7,Kf3,17,16,17
165,14. Philadelphia Int,2021.06.28,5.1,"Niemann, Hans Moke","Belous, Vladimir",0-1,111,black,"Belous, Vladimir",Kxd5,1,Kxd5,22,22,22
165,14. Philadelphia Int,2021.06.28,5.1,"Niemann, Hans Moke","Belous, Vladimir",0-1,112,white,"Niemann, Hans Moke",Kf3,4,Kh5,16,15,16
165,14. Philadelphia Int,2021.06.28,5.1,"Niemann, Hans Moke","Belous, Vladimir",0-1,113,black,"Belous, Vladimir",Kd4,1,Kd4,21,21,21
165,14. Philadelphia Int,2021.06.28,5.1,"Niemann, Hans Moke","Belous, Vladimir",0-1,114,white,"Niemann, Hans Moke",Ke2,5,Bb1,17,16,17
165,14. Philadelphia Int,2021.06.28,5.1,"Niemann, Hans Moke","Belous, Vladimir",0-1,115,black,"Belous, Vladimir",Kc3,1,Kc3,23,22,23
165,14. Philadelphia Int,2021.06.28,5.1,"Niemann, Hans Moke","Belous, Vladimir",0-1,116,white,"Niemann, Hans Moke",Be4,3,Bb1,21,20,21
165,14. Philadelphia Int,2021.06.28,5.1,"Niemann, Hans Moke","Belous, Vladimir",0-1,117,black,"Belous, Vladimir",b3,1,b3,21,20,21
165,14. Philadelphia Int,2021.06.28,5.1,"Niemann, Hans Moke","Belous, Vladimir",0-1,118,white,"Niemann, Hans Moke",Kd1,6,Ke3,19,18,19
165,14. Philadelphia Int,2021.06.28,5.1,"Niemann, Hans Moke","Belous, Vladimir",0-1,119,black,"Belous, Vladimir",Kd4,1,Kd4,20,20,20
165,14. Philadelphia Int,2021.06.28,5.1,"Niemann, Hans Moke","Belous, Vladimir",0-1,120,white,"Niemann, Hans Moke",Bc6,2,f6,18,18,18
165,14. Philadelphia Int,2021.06.28,5.1,"Niemann, Hans Moke","Belous, Vladimir",0-1,121,black,"Belous, Vladimir",Ke3,2,b2,19,18,19
165,14. Philadelphia Int,2021.06.28,5.1,"Niemann, Hans Moke","Belous, Vladimir",0-1,122,white,"Niemann, Hans Moke",Ba4,2,f6,21,21,21
165,14. Philadelphia Int,2021.06.28,5.1,"Niemann, Hans Moke","Belous, Vladimir",0-1,123,black,"Belous, Vladimir",b2,1,b2,24,24,24
165,14. Philadelphia Int,2021.06.28,5.1,"Niemann, Hans Moke","Belous, Vladimir",0-1,124,white,"Niemann, Hans Moke",Bc2,1,Bc2,31,30,31
165,14. Philadelphia Int,2021.06.28,5.1,"Niemann, Hans Moke","Belous, Vladimir",0-1,125,black,"Belous, Vladimir",Bf6,3,Kf2,20,19,20
165,14. Philadelphia Int,2021.06.28,5.1,"Niemann, Hans Moke","Belous, Vladimir",0-1,126,white,"Niemann, Hans Moke",Ke1,1,Ke1,38,37,38
165,14. Philadelphia Int,2021.06.28,5.1,"Niemann, Hans Moke","Belous, Vladimir",0-1,127,black,"Belous, Vladimir",Bc3+,3,g4,24,24,24
166,14. Philadelphia Int,2021.06.28,6.3,"Niemann, Hans Moke","Andriasian, Zaven",1/2-1/2,0,white,"Niemann, Hans Moke",d4,B,,,,
166,14. Philadelphia Int,2021.06.28,6.3,"Niemann, Hans Moke","Andriasian, Zaven",1/2-1/2,1,black,"Andriasian, Zaven",d5,B,,,,
166,14. Philadelphia Int,2021.06.28,6.3,"Niemann, Hans Moke","Andriasian, Zaven",1/2-1/2,2,white,"Niemann, Hans Moke",c4,B,,,,
166,14. Philadelphia Int,2021.06.28,6.3,"Niemann, Hans Moke","Andriasian, Zaven",1/2-1/2,3,black,"Andriasian, Zaven",c6,B,,,,
166,14. Philadelphia Int,2021.06.28,6.3,"Niemann, Hans Moke","Andriasian, Zaven",1/2-1/2,4,white,"Niemann, Hans Moke",Nf3,B,,,,
166,14. Philadelphia Int,2021.06.28,6.3,"Niemann, Hans Moke","Andriasian, Zaven",1/2-1/2,5,black,"Andriasian, Zaven",Nf6,B,,,,
166,14. Philadelphia Int,2021.06.28,6.3,"Niemann, Hans Moke","Andriasian, Zaven",1/2-1/2,6,white,"Niemann, Hans Moke",Nc3,B,,,,
166,14. Philadelphia Int,2021.06.28,6.3,"Niemann, Hans Moke","Andriasian, Zaven",1/2-1/2,7,black,"Andriasian, Zaven",dxc4,B,,,,
166,14. Philadelphia Int,2021.06.28,6.3,"Niemann, Hans Moke","Andriasian, Zaven",1/2-1/2,8,white,"Niemann, Hans Moke",a4,B,,,,
166,14. Philadelphia Int,2021.06.28,6.3,"Niemann, Hans Moke","Andriasian, Zaven",1/2-1/2,9,black,"Andriasian, Zaven",Bf5,B,,,,
166,14. Philadelphia Int,2021.06.28,6.3,"Niemann, Hans Moke","Andriasian, Zaven",1/2-1/2,10,white,"Niemann, Hans Moke",Ne5,B,,,,
166,14. Philadelphia Int,2021.06.28,6.3,"Niemann, Hans Moke","Andriasian, Zaven",1/2-1/2,11,black,"Andriasian, Zaven",Nbd7,B,,,,
166,14. Philadelphia Int,2021.06.28,6.3,"Niemann, Hans Moke","Andriasian, Zaven",1/2-1/2,12,white,"Niemann, Hans Moke",Nxc4,B,,,,
166,14. Philadelphia Int,2021.06.28,6.3,"Niemann, Hans Moke","Andriasian, Zaven",1/2-1/2,13,black,"Andriasian, Zaven",Qc7,B,,,,
166,14. Philadelphia Int,2021.06.28,6.3,"Niemann, Hans Moke","Andriasian, Zaven",1/2-1/2,14,white,"Niemann, Hans Moke",g3,B,,,,
166,14. Philadelphia Int,2021.06.28,6.3,"Niemann, Hans Moke","Andriasian, Zaven",1/2-1/2,15,black,"Andriasian, Zaven",e5,B,,,,
166,14. Philadelphia Int,2021.06.28,6.3,"Niemann, Hans Moke","Andriasian, Zaven",1/2-1/2,16,white,"Niemann, Hans Moke",dxe5,B,,,,
166,14. Philadelphia Int,2021.06.28,6.3,"Niemann, Hans Moke","Andriasian, Zaven",1/2-1/2,17,black,"Andriasian, Zaven",Nxe5,B,,,,
166,14. Philadelphia Int,2021.06.28,6.3,"Niemann, Hans Moke","Andriasian, Zaven",1/2-1/2,18,white,"Niemann, Hans Moke",Bf4,B,,,,
166,14. Philadelphia Int,2021.06.28,6.3,"Niemann, Hans Moke","Andriasian, Zaven",1/2-1/2,19,black,"Andriasian, Zaven",Nfd7,B,,,,
166,14. Philadelphia Int,2021.06.28,6.3,"Niemann, Hans Moke","Andriasian, Zaven",1/2-1/2,20,white,"Niemann, Hans Moke",Nxe5,B,,,,
166,14. Philadelphia Int,2021.06.28,6.3,"Niemann, Hans Moke","Andriasian, Zaven",1/2-1/2,21,black,"Andriasian, Zaven",Nxe5,B,,,,
166,14. Philadelphia Int,2021.06.28,6.3,"Niemann, Hans Moke","Andriasian, Zaven",1/2-1/2,22,white,"Niemann, Hans Moke",Bg2,1,Bg2,17,16,17
166,14. Philadelphia Int,2021.06.28,6.3,"Niemann, Hans Moke","Andriasian, Zaven",1/2-1/2,23,black,"Andriasian, Zaven",Rd8,B,,,,
166,14. Philadelphia Int,2021.06.28,6.3,"Niemann, Hans Moke","Andriasian, Zaven",1/2-1/2,24,white,"Niemann, Hans Moke",Qc1,2,Qb3,17,16,17
166,14. Philadelphia Int,2021.06.28,6.3,"Niemann, Hans Moke","Andriasian, Zaven",1/2-1/2,25,black,"Andriasian, Zaven",Bd6,B,,,,
166,14. Philadelphia Int,2021.06.28,6.3,"Niemann, Hans Moke","Andriasian, Zaven",1/2-1/2,26,white,"Niemann, Hans Moke",O-O,2,a5,17,16,17
166,14. Philadelphia Int,2021.06.28,6.3,"Niemann, Hans Moke","Andriasian, Zaven",1/2-1/2,27,black,"Andriasian, Zaven",O-O,1,O-O,17,16,17
166,14. Philadelphia Int,2021.06.28,6.3,"Niemann, Hans Moke","Andriasian, Zaven",1/2-1/2,28,white,"Niemann, Hans Moke",Ne4,4,a5,17,16,17
166,14. Philadelphia Int,2021.06.28,6.3,"Niemann, Hans Moke","Andriasian, Zaven",1/2-1/2,29,black,"Andriasian, Zaven",Bxe4,2,Bb4,17,16,17
166,14. Philadelphia Int,2021.06.28,6.3,"Niemann, Hans Moke","Andriasian, Zaven",1/2-1/2,30,white,"Niemann, Hans Moke",Bxe4,1,Bxe4,18,17,18
166,14. Philadelphia Int,2021.06.28,6.3,"Niemann, Hans Moke","Andriasian, Zaven",1/2-1/2,31,black,"Andriasian, Zaven",Ng4,4,Rfe8,18,17,18
166,14. Philadelphia Int,2021.06.28,6.3,"Niemann, Hans Moke","Andriasian, Zaven",1/2-1/2,32,white,"Niemann, Hans Moke",Bd2,1,Bd2,19,18,19
166,14. Philadelphia Int,2021.06.28,6.3,"Niemann, Hans Moke","Andriasian, Zaven",1/2-1/2,33,black,"Andriasian, Zaven",Nf6,3,Rfe8,17,16,17
166,14. Philadelphia Int,2021.06.28,6.3,"Niemann, Hans Moke","Andriasian, Zaven",1/2-1/2,34,white,"Niemann, Hans Moke",Bf3,1,Bf3,18,17,18
166,14. Philadelphia Int,2021.06.28,6.3,"Niemann, Hans Moke","Andriasian, Zaven",1/2-1/2,35,black,"Andriasian, Zaven",a5,3,Be5,17,16,17
166,14. Philadelphia Int,2021.06.28,6.3,"Niemann, Hans Moke","Andriasian, Zaven",1/2-1/2,36,white,"Niemann, Hans Moke",Qc2,3,Rd1,18,17,18
166,14. Philadelphia Int,2021.06.28,6.3,"Niemann, Hans Moke","Andriasian, Zaven",1/2-1/2,37,black,"Andriasian, Zaven",Be7,7,Rd7,17,16,17
166,14. Philadelphia Int,2021.06.28,6.3,"Niemann, Hans Moke","Andriasian, Zaven",1/2-1/2,38,white,"Niemann, Hans Moke",Rfd1,3,Rad1,17,16,17
166,14. Philadelphia Int,2021.06.28,6.3,"Niemann, Hans Moke","Andriasian, Zaven",1/2-1/2,39,black,"Andriasian, Zaven",Rfe8,2,Rd7,17,16,17
166,14. Philadelphia Int,2021.06.28,6.3,"Niemann, Hans Moke","Andriasian, Zaven",1/2-1/2,40,white,"Niemann, Hans Moke",Qf5,>10,h4,17,16,17
166,14. Philadelphia Int,2021.06.28,6.3,"Niemann, Hans Moke","Andriasian, Zaven",1/2-1/2,41,black,"Andriasian, Zaven",Nd5,1,Nd5,17,16,17
166,14. Philadelphia Int,2021.06.28,6.3,"Niemann, Hans Moke","Andriasian, Zaven",1/2-1/2,42,white,"Niemann, Hans Moke",Bxd5,>10,Rac1,18,18,18
166,14. Philadelphia Int,2021.06.28,6.3,"Niemann, Hans Moke","Andriasian, Zaven",1/2-1/2,43,black,"Andriasian, Zaven",Rxd5,1,Rxd5,17,16,17
166,14. Philadelphia Int,2021.06.28,6.3,"Niemann, Hans Moke","Andriasian, Zaven",1/2-1/2,44,white,"Niemann, Hans Moke",Bf4,1,Bf4,18,17,18
166,14. Philadelphia Int,2021.06.28,6.3,"Niemann, Hans Moke","Andriasian, Zaven",1/2-1/2,45,black,"Andriasian, Zaven",Rxf5,1,Rxf5,19,18,19
166,14. Philadelphia Int,2021.06.28,6.3,"Niemann, Hans Moke","Andriasian, Zaven",1/2-1/2,46,white,"Niemann, Hans Moke",Bxc7,1,Bxc7,14,13,14
166,14. Philadelphia Int,2021.06.28,6.3,"Niemann, Hans Moke","Andriasian, Zaven",1/2-1/2,47,black,"Andriasian, Zaven",Bb4,3,Bf6,18,17,18
166,14. Philadelphia Int,2021.06.28,6.3,"Niemann, Hans Moke","Andriasian, Zaven",1/2-1/2,48,white,"Niemann, Hans Moke",Rac1,1,Rac1,18,17,18
166,14. Philadelphia Int,2021.06.28,6.3,"Niemann, Hans Moke","Andriasian, Zaven",1/2-1/2,49,black,"Andriasian, Zaven",h5,1,h5,18,17,18
166,14. Philadelphia Int,2021.06.28,6.3,"Niemann, Hans Moke","Andriasian, Zaven",1/2-1/2,50,white,"Niemann, Hans Moke",e3,1,e3,17,16,17
166,14. Philadelphia Int,2021.06.28,6.3,"Niemann, Hans Moke","Andriasian, Zaven",1/2-1/2,51,black,"Andriasian, Zaven",Re6,9,Bc5,17,16,17
166,14. Philadelphia Int,2021.06.28,6.3,"Niemann, Hans Moke","Andriasian, Zaven",1/2-1/2,52,white,"Niemann, Hans Moke",Bb6,1,Bb6,18,17,18
166,14. Philadelphia Int,2021.06.28,6.3,"Niemann, Hans Moke","Andriasian, Zaven",1/2-1/2,53,black,"Andriasian, Zaven",c5,7,Rfe5,18,17,18
166,14. Philadelphia Int,2021.06.28,6.3,"Niemann, Hans Moke","Andriasian, Zaven",1/2-1/2,54,white,"Niemann, Hans Moke",Bd8,2,Rd8+,18,18,18
166,14. Philadelphia Int,2021.06.28,6.3,"Niemann, Hans Moke","Andriasian, Zaven",1/2-1/2,55,black,"Andriasian, Zaven",Rc6,5,Ree5,18,17,18
166,14. Philadelphia Int,2021.06.28,6.3,"Niemann, Hans Moke","Andriasian, Zaven",1/2-1/2,56,white,"Niemann, Hans Moke",f4,4,Rd7,19,18,19
166,14. Philadelphia Int,2021.06.28,6.3,"Niemann, Hans Moke","Andriasian, Zaven",1/2-1/2,57,black,"Andriasian, Zaven",c4,1,c4,18,17,18
166,14. Philadelphia Int,2021.06.28,6.3,"Niemann, Hans Moke","Andriasian, Zaven",1/2-1/2,58,white,"Niemann, Hans Moke",e4,1,e4,19,18,19
166,14. Philadelphia Int,2021.06.28,6.3,"Niemann, Hans Moke","Andriasian, Zaven",1/2-1/2,59,black,"Andriasian, Zaven",Rfc5,1,Rfc5,18,17,18
166,14. Philadelphia Int,2021.06.28,6.3,"Niemann, Hans Moke","Andriasian, Zaven",1/2-1/2,60,white,"Niemann, Hans Moke",Be7,1,Be7,20,19,20
166,14. Philadelphia Int,2021.06.28,6.3,"Niemann, Hans Moke","Andriasian, Zaven",1/2-1/2,61,black,"Andriasian, Zaven",c3,1,c3,18,17,18
166,14. Philadelphia Int,2021.06.28,6.3,"Niemann, Hans Moke","Andriasian, Zaven",1/2-1/2,62,white,"Niemann, Hans Moke",Bxc5,1,Bxc5,19,18,19
166,14. Philadelphia Int,2021.06.28,6.3,"Niemann, Hans Moke","Andriasian, Zaven",1/2-1/2,63,black,"Andriasian, Zaven",Bxc5+,2,cxb2,19,18,19
166,14. Philadelphia Int,2021.06.28,6.3,"Niemann, Hans Moke","Andriasian, Zaven",1/2-1/2,64,white,"Niemann, Hans Moke",Kg2,1,Kg2,21,21,21
166,14. Philadelphia Int,2021.06.28,6.3,"Niemann, Hans Moke","Andriasian, Zaven",1/2-1/2,65,black,"Andriasian, Zaven",cxb2,1,cxb2,18,17,18
166,14. Philadelphia Int,2021.06.28,6.3,"Niemann, Hans Moke","Andriasian, Zaven",1/2-1/2,66,white,"Niemann, Hans Moke",Rc2,1,Rc2,19,18,19
166,14. Philadelphia Int,2021.06.28,6.3,"Niemann, Hans Moke","Andriasian, Zaven",1/2-1/2,67,black,"Andriasian, Zaven",Rd6,2,Rb6,18,17,18
166,14. Philadelphia Int,2021.06.28,6.3,"Niemann, Hans Moke","Andriasian, Zaven",1/2-1/2,68,white,"Niemann, Hans Moke",Rb1,1,Rb1,20,19,20
166,14. Philadelphia Int,2021.06.28,6.3,"Niemann, Hans Moke","Andriasian, Zaven",1/2-1/2,69,black,"Andriasian, Zaven",b6,1,b6,18,17,18
166,14. Philadelphia Int,2021.06.28,6.3,"Niemann, Hans Moke","Andriasian, Zaven",1/2-1/2,70,white,"Niemann, Hans Moke",Rbxb2,2,e5,20,19,20
166,14. Philadelphia Int,2021.06.28,6.3,"Niemann, Hans Moke","Andriasian, Zaven",1/2-1/2,71,black,"Andriasian, Zaven",Rd4,1,Rd4,18,17,18
166,14. Philadelphia Int,2021.06.28,6.3,"Niemann, Hans Moke","Andriasian, Zaven",1/2-1/2,72,white,"Niemann, Hans Moke",e5,1,e5,20,19,20
166,14. Philadelphia Int,2021.06.28,6.3,"Niemann, Hans Moke","Andriasian, Zaven",1/2-1/2,73,black,"Andriasian, Zaven",Rxa4,1,Rxa4,19,18,19
166,14. Philadelphia Int,2021.06.28,6.3,"Niemann, Hans Moke","Andriasian, Zaven",1/2-1/2,74,white,"Niemann, Hans Moke",Rd2,1,Rd2,19,18,19
166,14. Philadelphia Int,2021.06.28,6.3,"Niemann, Hans Moke","Andriasian, Zaven",1/2-1/2,75,black,"Andriasian, Zaven",Re4,2,Ra1,18,18,18
166,14. Philadelphia Int,2021.06.28,6.3,"Niemann, Hans Moke","Andriasian, Zaven",1/2-1/2,76,white,"Niemann, Hans Moke",Re2,1,Re2,18,17,18
166,14. Philadelphia Int,2021.06.28,6.3,"Niemann, Hans Moke","Andriasian, Zaven",1/2-1/2,77,black,"Andriasian, Zaven",Rc4,3,Rd4,19,18,19
166,14. Philadelphia Int,2021.06.28,6.3,"Niemann, Hans Moke","Andriasian, Zaven",1/2-1/2,78,white,"Niemann, Hans Moke",Rbd2,1,Rbd2,20,19,20
166,14. Philadelphia Int,2021.06.28,6.3,"Niemann, Hans Moke","Andriasian, Zaven",1/2-1/2,79,black,"Andriasian, Zaven",a4,1,a4,18,17,18
166,14. Philadelphia Int,2021.06.28,6.3,"Niemann, Hans Moke","Andriasian, Zaven",1/2-1/2,80,white,"Niemann, Hans Moke",Rd8+,1,Rd8+,20,19,20
166,14. Philadelphia Int,2021.06.28,6.3,"Niemann, Hans Moke","Andriasian, Zaven",1/2-1/2,81,black,"Andriasian, Zaven",Kh7,1,Kh7,24,24,24
166,14. Philadelphia Int,2021.06.28,6.3,"Niemann, Hans Moke","Andriasian, Zaven",1/2-1/2,82,white,"Niemann, Hans Moke",f5,1,f5,21,20,21
166,14. Philadelphia Int,2021.06.28,6.3,"Niemann, Hans Moke","Andriasian, Zaven",1/2-1/2,83,black,"Andriasian, Zaven",a3,1,a3,18,17,18
166,14. Philadelphia Int,2021.06.28,6.3,"Niemann, Hans Moke","Andriasian, Zaven",1/2-1/2,84,white,"Niemann, Hans Moke",Ra8,1,Ra8,20,19,20
166,14. Philadelphia Int,2021.06.28,6.3,"Niemann, Hans Moke","Andriasian, Zaven",1/2-1/2,85,black,"Andriasian, Zaven",Bb4,1,Bb4,18,18,18
166,14. Philadelphia Int,2021.06.28,6.3,"Niemann, Hans Moke","Andriasian, Zaven",1/2-1/2,86,white,"Niemann, Hans Moke",e6,>10,Ra7,18,17,18
166,14. Philadelphia Int,2021.06.28,6.3,"Niemann, Hans Moke","Andriasian, Zaven",1/2-1/2,87,black,"Andriasian, Zaven",Rc7,2,fxe6,18,17,18
166,14. Philadelphia Int,2021.06.28,6.3,"Niemann, Hans Moke","Andriasian, Zaven",1/2-1/2,88,white,"Niemann, Hans Moke",Re4,1,Re4,18,17,18
166,14. Philadelphia Int,2021.06.28,6.3,"Niemann, Hans Moke","Andriasian, Zaven",1/2-1/2,89,black,"Andriasian, Zaven",Bc5,1,Bc5,17,16,17
166,14. Philadelphia Int,2021.06.28,6.3,"Niemann, Hans Moke","Andriasian, Zaven",1/2-1/2,90,white,"Niemann, Hans Moke",g4,3,Kf3,19,18,19
166,14. Philadelphia Int,2021.06.28,6.3,"Niemann, Hans Moke","Andriasian, Zaven",1/2-1/2,91,black,"Andriasian, Zaven",fxe6,1,fxe6,17,17,17
166,14. Philadelphia Int,2021.06.28,6.3,"Niemann, Hans Moke","Andriasian, Zaven",1/2-1/2,92,white,"Niemann, Hans Moke",Rxe6,1,Rxe6,18,17,18
166,14. Philadelphia Int,2021.06.28,6.3,"Niemann, Hans Moke","Andriasian, Zaven",1/2-1/2,93,black,"Andriasian, Zaven",hxg4,1,hxg4,17,17,17
166,14. Philadelphia Int,2021.06.28,6.3,"Niemann, Hans Moke","Andriasian, Zaven",1/2-1/2,94,white,"Niemann, Hans Moke",Kg3,1,Kg3,17,16,17
166,14. Philadelphia Int,2021.06.28,6.3,"Niemann, Hans Moke","Andriasian, Zaven",1/2-1/2,95,black,"Andriasian, Zaven",Re7,1,Re7,18,17,18
166,14. Philadelphia Int,2021.06.28,6.3,"Niemann, Hans Moke","Andriasian, Zaven",1/2-1/2,96,white,"Niemann, Hans Moke",Kf4,5,Rg6,17,17,17
166,14. Philadelphia Int,2021.06.28,6.3,"Niemann, Hans Moke","Andriasian, Zaven",1/2-1/2,97,black,"Andriasian, Zaven",Rxe6,2,b5,17,17,17
166,14. Philadelphia Int,2021.06.28,6.3,"Niemann, Hans Moke","Andriasian, Zaven",1/2-1/2,98,white,"Niemann, Hans Moke",fxe6,1,fxe6,15,14,15
166,14. Philadelphia Int,2021.06.28,6.3,"Niemann, Hans Moke","Andriasian, Zaven",1/2-1/2,99,black,"Andriasian, Zaven",Kg6,2,b5,17,16,17
166,14. Philadelphia Int,2021.06.28,6.3,"Niemann, Hans Moke","Andriasian, Zaven",1/2-1/2,100,white,"Niemann, Hans Moke",Ke5,1,Ke5,20,19,20
166,14. Philadelphia Int,2021.06.28,6.3,"Niemann, Hans Moke","Andriasian, Zaven",1/2-1/2,101,black,"Andriasian, Zaven",b5,3,Kg5,16,16,16
166,14. Philadelphia Int,2021.06.28,6.3,"Niemann, Hans Moke","Andriasian, Zaven",1/2-1/2,102,white,"Niemann, Hans Moke",Ra5,2,Rc8,19,19,19
166,14. Philadelphia Int,2021.06.28,6.3,"Niemann, Hans Moke","Andriasian, Zaven",1/2-1/2,103,black,"Andriasian, Zaven",Bb4,1,Bb4,17,16,17
166,14. Philadelphia Int,2021.06.28,6.3,"Niemann, Hans Moke","Andriasian, Zaven",1/2-1/2,104,white,"Niemann, Hans Moke",Ra7,3,Ra8,16,16,16
166,14. Philadelphia Int,2021.06.28,6.3,"Niemann, Hans Moke","Andriasian, Zaven",1/2-1/2,105,black,"Andriasian, Zaven",Bc5,1,Bc5,18,17,18
166,14. Philadelphia Int,2021.06.28,6.3,"Niemann, Hans Moke","Andriasian, Zaven",1/2-1/2,106,white,"Niemann, Hans Moke",Ra5,1,Ra5,16,15,16
166,14. Philadelphia Int,2021.06.28,6.3,"Niemann, Hans Moke","Andriasian, Zaven",1/2-1/2,107,black,"Andriasian, Zaven",Bb4,1,Bb4,17,16,17
166,14. Philadelphia Int,2021.06.28,6.3,"Niemann, Hans Moke","Andriasian, Zaven",1/2-1/2,108,white,"Niemann, Hans Moke",Ra8,1,Ra8,17,16,17
166,14. Philadelphia Int,2021.06.28,6.3,"Niemann, Hans Moke","Andriasian, Zaven",1/2-1/2,109,black,"Andriasian, Zaven",Bc5,2,Be7,16,15,16
166,14. Philadelphia Int,2021.06.28,6.3,"Niemann, Hans Moke","Andriasian, Zaven",1/2-1/2,110,white,"Niemann, Hans Moke",Ra5,2,Rc8,18,18,18
167,14. Philadelphia Int,2021.06.29,7,"Guo, Arthur","Niemann, Hans Moke",0-1,0,white,"Guo, Arthur",e4,B,,,,
167,14. Philadelphia Int,2021.06.29,7,"Guo, Arthur","Niemann, Hans Moke",0-1,1,black,"Niemann, Hans Moke",e5,B,,,,
167,14. Philadelphia Int,2021.06.29,7,"Guo, Arthur","Niemann, Hans Moke",0-1,2,white,"Guo, Arthur",Nf3,B,,,,
167,14. Philadelphia Int,2021.06.29,7,"Guo, Arthur","Niemann, Hans Moke",0-1,3,black,"Niemann, Hans Moke",Nc6,B,,,,
167,14. Philadelphia Int,2021.06.29,7,"Guo, Arthur","Niemann, Hans Moke",0-1,4,white,"Guo, Arthur",Bb5,B,,,,
167,14. Philadelphia Int,2021.06.29,7,"Guo, Arthur","Niemann, Hans Moke",0-1,5,black,"Niemann, Hans Moke",a6,B,,,,
167,14. Philadelphia Int,2021.06.29,7,"Guo, Arthur","Niemann, Hans Moke",0-1,6,white,"Guo, Arthur",Ba4,B,,,,
167,14. Philadelphia Int,2021.06.29,7,"Guo, Arthur","Niemann, Hans Moke",0-1,7,black,"Niemann, Hans Moke",Nf6,B,,,,
167,14. Philadelphia Int,2021.06.29,7,"Guo, Arthur","Niemann, Hans Moke",0-1,8,white,"Guo, Arthur",d3,B,,,,
167,14. Philadelphia Int,2021.06.29,7,"Guo, Arthur","Niemann, Hans Moke",0-1,9,black,"Niemann, Hans Moke",d6,B,,,,
167,14. Philadelphia Int,2021.06.29,7,"Guo, Arthur","Niemann, Hans Moke",0-1,10,white,"Guo, Arthur",c3,B,,,,
167,14. Philadelphia Int,2021.06.29,7,"Guo, Arthur","Niemann, Hans Moke",0-1,11,black,"Niemann, Hans Moke",g6,B,,,,
167,14. Philadelphia Int,2021.06.29,7,"Guo, Arthur","Niemann, Hans Moke",0-1,12,white,"Guo, Arthur",O-O,B,,,,
167,14. Philadelphia Int,2021.06.29,7,"Guo, Arthur","Niemann, Hans Moke",0-1,13,black,"Niemann, Hans Moke",Bg7,B,,,,
167,14. Philadelphia Int,2021.06.29,7,"Guo, Arthur","Niemann, Hans Moke",0-1,14,white,"Guo, Arthur",Nbd2,B,,,,
167,14. Philadelphia Int,2021.06.29,7,"Guo, Arthur","Niemann, Hans Moke",0-1,15,black,"Niemann, Hans Moke",O-O,B,,,,
167,14. Philadelphia Int,2021.06.29,7,"Guo, Arthur","Niemann, Hans Moke",0-1,16,white,"Guo, Arthur",Re1,B,,,,
167,14. Philadelphia Int,2021.06.29,7,"Guo, Arthur","Niemann, Hans Moke",0-1,17,black,"Niemann, Hans Moke",h6,B,,,,
167,14. Philadelphia Int,2021.06.29,7,"Guo, Arthur","Niemann, Hans Moke",0-1,18,white,"Guo, Arthur",Nf1,B,,,,
167,14. Philadelphia Int,2021.06.29,7,"Guo, Arthur","Niemann, Hans Moke",0-1,19,black,"Niemann, Hans Moke",b5,1,b5,17,16,17
167,14. Philadelphia Int,2021.06.29,7,"Guo, Arthur","Niemann, Hans Moke",0-1,20,white,"Guo, Arthur",Bc2,B,,,,
167,14. Philadelphia Int,2021.06.29,7,"Guo, Arthur","Niemann, Hans Moke",0-1,21,black,"Niemann, Hans Moke",d5,2,a5,18,17,18
167,14. Philadelphia Int,2021.06.29,7,"Guo, Arthur","Niemann, Hans Moke",0-1,22,white,"Guo, Arthur",a4,6,Be3,17,16,17
167,14. Philadelphia Int,2021.06.29,7,"Guo, Arthur","Niemann, Hans Moke",0-1,23,black,"Niemann, Hans Moke",Be6,3,b4,17,16,17
167,14. Philadelphia Int,2021.06.29,7,"Guo, Arthur","Niemann, Hans Moke",0-1,24,white,"Guo, Arthur",Ng3,10,axb5,17,16,17
167,14. Philadelphia Int,2021.06.29,7,"Guo, Arthur","Niemann, Hans Moke",0-1,25,black,"Niemann, Hans Moke",b4,2,dxe4,18,17,18
167,14. Philadelphia Int,2021.06.29,7,"Guo, Arthur","Niemann, Hans Moke",0-1,26,white,"Guo, Arthur",a5,1,a5,17,16,17
167,14. Philadelphia Int,2021.06.29,7,"Guo, Arthur","Niemann, Hans Moke",0-1,27,black,"Niemann, Hans Moke",dxe4,1,dxe4,18,17,18
167,14. Philadelphia Int,2021.06.29,7,"Guo, Arthur","Niemann, Hans Moke",0-1,28,white,"Guo, Arthur",dxe4,2,Nxe4,18,17,18
167,14. Philadelphia Int,2021.06.29,7,"Guo, Arthur","Niemann, Hans Moke",0-1,29,black,"Niemann, Hans Moke",Qxd1,1,Qxd1,17,16,17
167,14. Philadelphia Int,2021.06.29,7,"Guo, Arthur","Niemann, Hans Moke",0-1,30,white,"Guo, Arthur",Bxd1,1,Bxd1,17,16,17
167,14. Philadelphia Int,2021.06.29,7,"Guo, Arthur","Niemann, Hans Moke",0-1,31,black,"Niemann, Hans Moke",bxc3,1,bxc3,19,18,19
167,14. Philadelphia Int,2021.06.29,7,"Guo, Arthur","Niemann, Hans Moke",0-1,32,white,"Guo, Arthur",bxc3,1,bxc3,18,17,18
167,14. Philadelphia Int,2021.06.29,7,"Guo, Arthur","Niemann, Hans Moke",0-1,33,black,"Niemann, Hans Moke",Ne8,2,Rfd8,19,18,19
167,14. Philadelphia Int,2021.06.29,7,"Guo, Arthur","Niemann, Hans Moke",0-1,34,white,"Guo, Arthur",Nd2,3,h4,17,16,17
167,14. Philadelphia Int,2021.06.29,7,"Guo, Arthur","Niemann, Hans Moke",0-1,35,black,"Niemann, Hans Moke",Nd6,1,Nd6,18,17,18
167,14. Philadelphia Int,2021.06.29,7,"Guo, Arthur","Niemann, Hans Moke",0-1,36,white,"Guo, Arthur",Bb3,10,Ngf1,17,16,17
167,14. Philadelphia Int,2021.06.29,7,"Guo, Arthur","Niemann, Hans Moke",0-1,37,black,"Niemann, Hans Moke",Bxb3,1,Bxb3,18,17,18
167,14. Philadelphia Int,2021.06.29,7,"Guo, Arthur","Niemann, Hans Moke",0-1,38,white,"Guo, Arthur",Nxb3,1,Nxb3,18,17,18
167,14. Philadelphia Int,2021.06.29,7,"Guo, Arthur","Niemann, Hans Moke",0-1,39,black,"Niemann, Hans Moke",Rfb8,1,Rfb8,19,18,19
167,14. Philadelphia Int,2021.06.29,7,"Guo, Arthur","Niemann, Hans Moke",0-1,40,white,"Guo, Arthur",Nd2,1,Nd2,19,18,19
167,14. Philadelphia Int,2021.06.29,7,"Guo, Arthur","Niemann, Hans Moke",0-1,41,black,"Niemann, Hans Moke",Rb5,2,h5,19,18,19
167,14. Philadelphia Int,2021.06.29,7,"Guo, Arthur","Niemann, Hans Moke",0-1,42,white,"Guo, Arthur",Ba3,1,Ba3,19,18,19
167,14. Philadelphia Int,2021.06.29,7,"Guo, Arthur","Niemann, Hans Moke",0-1,43,black,"Niemann, Hans Moke",Nb7,2,Nxa5,19,18,19
167,14. Philadelphia Int,2021.06.29,7,"Guo, Arthur","Niemann, Hans Moke",0-1,44,white,"Guo, Arthur",Ngf1,1,Ngf1,18,17,18
167,14. Philadelphia Int,2021.06.29,7,"Guo, Arthur","Niemann, Hans Moke",0-1,45,black,"Niemann, Hans Moke",Rd8,4,h5,19,18,19
167,14. Philadelphia Int,2021.06.29,7,"Guo, Arthur","Niemann, Hans Moke",0-1,46,white,"Guo, Arthur",c4,>10,Reb1,18,17,18
167,14. Philadelphia Int,2021.06.29,7,"Guo, Arthur","Niemann, Hans Moke",0-1,47,black,"Niemann, Hans Moke",Rxa5,1,Rxa5,18,17,18
167,14. Philadelphia Int,2021.06.29,7,"Guo, Arthur","Niemann, Hans Moke",0-1,48,white,"Guo, Arthur",Reb1,1,Reb1,18,17,18
167,14. Philadelphia Int,2021.06.29,7,"Guo, Arthur","Niemann, Hans Moke",0-1,49,black,"Niemann, Hans Moke",Rb8,2,Bf8,19,18,19
167,14. Philadelphia Int,2021.06.29,7,"Guo, Arthur","Niemann, Hans Moke",0-1,50,white,"Guo, Arthur",Ne3,2,h4,19,18,19
167,14. Philadelphia Int,2021.06.29,7,"Guo, Arthur","Niemann, Hans Moke",0-1,51,black,"Niemann, Hans Moke",Bf8,1,Bf8,19,18,19
167,14. Philadelphia Int,2021.06.29,7,"Guo, Arthur","Niemann, Hans Moke",0-1,52,white,"Guo, Arthur",Bxf8,1,Bxf8,18,17,18
167,14. Philadelphia Int,2021.06.29,7,"Guo, Arthur","Niemann, Hans Moke",0-1,53,black,"Niemann, Hans Moke",Kxf8,1,Kxf8,18,17,18
167,14. Philadelphia Int,2021.06.29,7,"Guo, Arthur","Niemann, Hans Moke",0-1,54,white,"Guo, Arthur",Nd5,2,Rxa5,20,19,20
167,14. Philadelphia Int,2021.06.29,7,"Guo, Arthur","Niemann, Hans Moke",0-1,55,black,"Niemann, Hans Moke",Rc8,6,Rxa1,19,18,19
167,14. Philadelphia Int,2021.06.29,7,"Guo, Arthur","Niemann, Hans Moke",0-1,56,white,"Guo, Arthur",Nb3,2,Rxa5,18,17,18
167,14. Philadelphia Int,2021.06.29,7,"Guo, Arthur","Niemann, Hans Moke",0-1,57,black,"Niemann, Hans Moke",Rxa1,1,Rxa1,18,17,18
167,14. Philadelphia Int,2021.06.29,7,"Guo, Arthur","Niemann, Hans Moke",0-1,58,white,"Guo, Arthur",Rxa1,1,Rxa1,14,13,14
167,14. Philadelphia Int,2021.06.29,7,"Guo, Arthur","Niemann, Hans Moke",0-1,59,black,"Niemann, Hans Moke",a5,2,Nd4,19,18,19
167,14. Philadelphia Int,2021.06.29,7,"Guo, Arthur","Niemann, Hans Moke",0-1,60,white,"Guo, Arthur",c5,3,f3,18,17,18
167,14. Philadelphia Int,2021.06.29,7,"Guo, Arthur","Niemann, Hans Moke",0-1,61,black,"Niemann, Hans Moke",Ke8,1,Ke8,18,18,18
167,14. Philadelphia Int,2021.06.29,7,"Guo, Arthur","Niemann, Hans Moke",0-1,62,white,"Guo, Arthur",f3,2,h3,18,17,18
167,14. Philadelphia Int,2021.06.29,7,"Guo, Arthur","Niemann, Hans Moke",0-1,63,black,"Niemann, Hans Moke",Kd7,1,Kd7,19,18,19
167,14. Philadelphia Int,2021.06.29,7,"Guo, Arthur","Niemann, Hans Moke",0-1,64,white,"Guo, Arthur",Rd1,2,Nf6+,18,17,18
167,14. Philadelphia Int,2021.06.29,7,"Guo, Arthur","Niemann, Hans Moke",0-1,65,black,"Niemann, Hans Moke",Rd8,4,Ke6,20,19,20
167,14. Philadelphia Int,2021.06.29,7,"Guo, Arthur","Niemann, Hans Moke",0-1,66,white,"Guo, Arthur",Nb6+,9,Kf2,18,18,18
167,14. Philadelphia Int,2021.06.29,7,"Guo, Arthur","Niemann, Hans Moke",0-1,67,black,"Niemann, Hans Moke",Ke8,1,Ke8,23,23,23
167,14. Philadelphia Int,2021.06.29,7,"Guo, Arthur","Niemann, Hans Moke",0-1,68,white,"Guo, Arthur",Nd5,1,Nd5,18,17,18
167,14. Philadelphia Int,2021.06.29,7,"Guo, Arthur","Niemann, Hans Moke",0-1,69,black,"Niemann, Hans Moke",a4,1,a4,19,18,19
167,14. Philadelphia Int,2021.06.29,7,"Guo, Arthur","Niemann, Hans Moke",0-1,70,white,"Guo, Arthur",Nd2,2,Nxc7+,18,17,18
167,14. Philadelphia Int,2021.06.29,7,"Guo, Arthur","Niemann, Hans Moke",0-1,71,black,"Niemann, Hans Moke",Kd7,2,Kf8,18,17,18
167,14. Philadelphia Int,2021.06.29,7,"Guo, Arthur","Niemann, Hans Moke",0-1,72,white,"Guo, Arthur",Nc4,1,Nc4,18,17,18
167,14. Philadelphia Int,2021.06.29,7,"Guo, Arthur","Niemann, Hans Moke",0-1,73,black,"Niemann, Hans Moke",Nxc5,1,Nxc5,19,18,19
167,14. Philadelphia Int,2021.06.29,7,"Guo, Arthur","Niemann, Hans Moke",0-1,74,white,"Guo, Arthur",Nb4+,>10,h4,18,17,18
167,14. Philadelphia Int,2021.06.29,7,"Guo, Arthur","Niemann, Hans Moke",0-1,75,black,"Niemann, Hans Moke",Ke6,2,Nd4,20,19,20
167,14. Philadelphia Int,2021.06.29,7,"Guo, Arthur","Niemann, Hans Moke",0-1,76,white,"Guo, Arthur",Rd5,2,Rxd8,17,17,17
167,14. Philadelphia Int,2021.06.29,7,"Guo, Arthur","Niemann, Hans Moke",0-1,77,black,"Niemann, Hans Moke",Rd7,4,Nb7,19,18,19
167,14. Philadelphia Int,2021.06.29,7,"Guo, Arthur","Niemann, Hans Moke",0-1,78,white,"Guo, Arthur",Nxc6,8,Rxc5,18,17,18
167,14. Philadelphia Int,2021.06.29,7,"Guo, Arthur","Niemann, Hans Moke",0-1,79,black,"Niemann, Hans Moke",Rxd5,1,Rxd5,18,17,18
167,14. Philadelphia Int,2021.06.29,7,"Guo, Arthur","Niemann, Hans Moke",0-1,80,white,"Guo, Arthur",exd5+,1,exd5+,17,17,17
167,14. Philadelphia Int,2021.06.29,7,"Guo, Arthur","Niemann, Hans Moke",0-1,81,black,"Niemann, Hans Moke",Kxd5,1,Kxd5,20,20,20
167,14. Philadelphia Int,2021.06.29,7,"Guo, Arthur","Niemann, Hans Moke",0-1,82,white,"Guo, Arthur",N4a5,3,N6a5,16,15,16
167,14. Philadelphia Int,2021.06.29,7,"Guo, Arthur","Niemann, Hans Moke",0-1,83,black,"Niemann, Hans Moke",Nb3,1,Nb3,17,16,17
167,14. Philadelphia Int,2021.06.29,7,"Guo, Arthur","Niemann, Hans Moke",0-1,84,white,"Guo, Arthur",Nb4+,1,Nb4+,14,13,14
167,14. Philadelphia Int,2021.06.29,7,"Guo, Arthur","Niemann, Hans Moke",0-1,85,black,"Niemann, Hans Moke",Kc5,1,Kc5,19,19,19
167,14. Philadelphia Int,2021.06.29,7,"Guo, Arthur","Niemann, Hans Moke",0-1,86,white,"Guo, Arthur",Nd3+,1,Nd3+,14,13,14
167,14. Philadelphia Int,2021.06.29,7,"Guo, Arthur","Niemann, Hans Moke",0-1,87,black,"Niemann, Hans Moke",Kd4,1,Kd4,18,18,18
167,14. Philadelphia Int,2021.06.29,7,"Guo, Arthur","Niemann, Hans Moke",0-1,88,white,"Guo, Arthur",Nxb3+,7,Nb2,14,13,14
167,14. Philadelphia Int,2021.06.29,7,"Guo, Arthur","Niemann, Hans Moke",0-1,89,black,"Niemann, Hans Moke",axb3,1,axb3,18,18,18
167,14. Philadelphia Int,2021.06.29,7,"Guo, Arthur","Niemann, Hans Moke",0-1,90,white,"Guo, Arthur",Nb2,4,Nb4,14,13,14
167,14. Philadelphia Int,2021.06.29,7,"Guo, Arthur","Niemann, Hans Moke",0-1,91,black,"Niemann, Hans Moke",Kc3,3,c5,16,16,16
167,14. Philadelphia Int,2021.06.29,7,"Guo, Arthur","Niemann, Hans Moke",0-1,92,white,"Guo, Arthur",Nd1+,2,Na4+,14,13,14
167,14. Philadelphia Int,2021.06.29,7,"Guo, Arthur","Niemann, Hans Moke",0-1,93,black,"Niemann, Hans Moke",Kd2,2,Kc2,17,16,17
167,14. Philadelphia Int,2021.06.29,7,"Guo, Arthur","Niemann, Hans Moke",0-1,94,white,"Guo, Arthur",Nb2,1,Nb2,13,12,13
167,14. Philadelphia Int,2021.06.29,7,"Guo, Arthur","Niemann, Hans Moke",0-1,95,black,"Niemann, Hans Moke",Kc2,1,Kc2,16,15,16
168,14. Philadelphia Int,2021.06.30,9.2,"Niemann, Hans Moke","Cordova, Emilio",1-0,0,white,"Niemann, Hans Moke",d4,B,,,,
168,14. Philadelphia Int,2021.06.30,9.2,"Niemann, Hans Moke","Cordova, Emilio",1-0,1,black,"Cordova, Emilio",Nf6,B,,,,
168,14. Philadelphia Int,2021.06.30,9.2,"Niemann, Hans Moke","Cordova, Emilio",1-0,2,white,"Niemann, Hans Moke",c4,B,,,,
168,14. Philadelphia Int,2021.06.30,9.2,"Niemann, Hans Moke","Cordova, Emilio",1-0,3,black,"Cordova, Emilio",e6,B,,,,
168,14. Philadelphia Int,2021.06.30,9.2,"Niemann, Hans Moke","Cordova, Emilio",1-0,4,white,"Niemann, Hans Moke",Nc3,B,,,,
168,14. Philadelphia Int,2021.06.30,9.2,"Niemann, Hans Moke","Cordova, Emilio",1-0,5,black,"Cordova, Emilio",Bb4,B,,,,
168,14. Philadelphia Int,2021.06.30,9.2,"Niemann, Hans Moke","Cordova, Emilio",1-0,6,white,"Niemann, Hans Moke",e3,B,,,,
168,14. Philadelphia Int,2021.06.30,9.2,"Niemann, Hans Moke","Cordova, Emilio",1-0,7,black,"Cordova, Emilio",O-O,B,,,,
168,14. Philadelphia Int,2021.06.30,9.2,"Niemann, Hans Moke","Cordova, Emilio",1-0,8,white,"Niemann, Hans Moke",Bd3,B,,,,
168,14. Philadelphia Int,2021.06.30,9.2,"Niemann, Hans Moke","Cordova, Emilio",1-0,9,black,"Cordova, Emilio",c5,B,,,,
168,14. Philadelphia Int,2021.06.30,9.2,"Niemann, Hans Moke","Cordova, Emilio",1-0,10,white,"Niemann, Hans Moke",Nf3,B,,,,
168,14. Philadelphia Int,2021.06.30,9.2,"Niemann, Hans Moke","Cordova, Emilio",1-0,11,black,"Cordova, Emilio",d5,B,,,,
168,14. Philadelphia Int,2021.06.30,9.2,"Niemann, Hans Moke","Cordova, Emilio",1-0,12,white,"Niemann, Hans Moke",cxd5,B,,,,
168,14. Philadelphia Int,2021.06.30,9.2,"Niemann, Hans Moke","Cordova, Emilio",1-0,13,black,"Cordova, Emilio",exd5,B,,,,
168,14. Philadelphia Int,2021.06.30,9.2,"Niemann, Hans Moke","Cordova, Emilio",1-0,14,white,"Niemann, Hans Moke",dxc5,B,,,,
168,14. Philadelphia Int,2021.06.30,9.2,"Niemann, Hans Moke","Cordova, Emilio",1-0,15,black,"Cordova, Emilio",Nbd7,B,,,,
168,14. Philadelphia Int,2021.06.30,9.2,"Niemann, Hans Moke","Cordova, Emilio",1-0,16,white,"Niemann, Hans Moke",Bd2,1,Bd2,17,16,17
168,14. Philadelphia Int,2021.06.30,9.2,"Niemann, Hans Moke","Cordova, Emilio",1-0,17,black,"Cordova, Emilio",Nxc5,B,,,,
168,14. Philadelphia Int,2021.06.30,9.2,"Niemann, Hans Moke","Cordova, Emilio",1-0,18,white,"Niemann, Hans Moke",Be2,1,Be2,17,16,17
168,14. Philadelphia Int,2021.06.30,9.2,"Niemann, Hans Moke","Cordova, Emilio",1-0,19,black,"Cordova, Emilio",Bg4,8,Ne6,18,18,18
168,14. Philadelphia Int,2021.06.30,9.2,"Niemann, Hans Moke","Cordova, Emilio",1-0,20,white,"Niemann, Hans Moke",O-O,1,O-O,17,16,17
168,14. Philadelphia Int,2021.06.30,9.2,"Niemann, Hans Moke","Cordova, Emilio",1-0,21,black,"Cordova, Emilio",Ne6,1,Ne6,17,16,17
168,14. Philadelphia Int,2021.06.30,9.2,"Niemann, Hans Moke","Cordova, Emilio",1-0,22,white,"Niemann, Hans Moke",Nd4,5,h3,17,16,17
168,14. Philadelphia Int,2021.06.30,9.2,"Niemann, Hans Moke","Cordova, Emilio",1-0,23,black,"Cordova, Emilio",Bxe2,2,h5,18,17,18
168,14. Philadelphia Int,2021.06.30,9.2,"Niemann, Hans Moke","Cordova, Emilio",1-0,24,white,"Niemann, Hans Moke",Ncxe2,1,Ncxe2,17,16,17
168,14. Philadelphia Int,2021.06.30,9.2,"Niemann, Hans Moke","Cordova, Emilio",1-0,25,black,"Cordova, Emilio",Qb6,4,Bd6,17,16,17
168,14. Philadelphia Int,2021.06.30,9.2,"Niemann, Hans Moke","Cordova, Emilio",1-0,26,white,"Niemann, Hans Moke",Bxb4,2,Nxe6,18,17,18
168,14. Philadelphia Int,2021.06.30,9.2,"Niemann, Hans Moke","Cordova, Emilio",1-0,27,black,"Cordova, Emilio",Qxb4,1,Qxb4,17,16,17
168,14. Philadelphia Int,2021.06.30,9.2,"Niemann, Hans Moke","Cordova, Emilio",1-0,28,white,"Niemann, Hans Moke",Qb3,1,Qb3,18,17,18
168,14. Philadelphia Int,2021.06.30,9.2,"Niemann, Hans Moke","Cordova, Emilio",1-0,29,black,"Cordova, Emilio",Qxb3,1,Qxb3,18,17,18
168,14. Philadelphia Int,2021.06.30,9.2,"Niemann, Hans Moke","Cordova, Emilio",1-0,30,white,"Niemann, Hans Moke",Nxb3,1,Nxb3,16,15,16
168,14. Philadelphia Int,2021.06.30,9.2,"Niemann, Hans Moke","Cordova, Emilio",1-0,31,black,"Cordova, Emilio",Rfc8,2,g6,18,17,18
168,14. Philadelphia Int,2021.06.30,9.2,"Niemann, Hans Moke","Cordova, Emilio",1-0,32,white,"Niemann, Hans Moke",Rac1,1,Rac1,19,18,19
168,14. Philadelphia Int,2021.06.30,9.2,"Niemann, Hans Moke","Cordova, Emilio",1-0,33,black,"Cordova, Emilio",Kf8,5,g6,18,17,18
168,14. Philadelphia Int,2021.06.30,9.2,"Niemann, Hans Moke","Cordova, Emilio",1-0,34,white,"Niemann, Hans Moke",f3,7,Rfd1,18,17,18
168,14. Philadelphia Int,2021.06.30,9.2,"Niemann, Hans Moke","Cordova, Emilio",1-0,35,black,"Cordova, Emilio",Rc4,2,Nd7,18,17,18
168,14. Philadelphia Int,2021.06.30,9.2,"Niemann, Hans Moke","Cordova, Emilio",1-0,36,white,"Niemann, Hans Moke",Rc3,10,Rfd1,18,17,18
168,14. Philadelphia Int,2021.06.30,9.2,"Niemann, Hans Moke","Cordova, Emilio",1-0,37,black,"Cordova, Emilio",b5,4,Nd7,18,17,18
168,14. Philadelphia Int,2021.06.30,9.2,"Niemann, Hans Moke","Cordova, Emilio",1-0,38,white,"Niemann, Hans Moke",Rfc1,3,Rd1,18,17,18
168,14. Philadelphia Int,2021.06.30,9.2,"Niemann, Hans Moke","Cordova, Emilio",1-0,39,black,"Cordova, Emilio",Re8,3,a6,18,17,18
168,14. Philadelphia Int,2021.06.30,9.2,"Niemann, Hans Moke","Cordova, Emilio",1-0,40,white,"Niemann, Hans Moke",a3,1,a3,18,17,18
168,14. Philadelphia Int,2021.06.30,9.2,"Niemann, Hans Moke","Cordova, Emilio",1-0,41,black,"Cordova, Emilio",Nd7,3,Rec8,18,17,18
168,14. Philadelphia Int,2021.06.30,9.2,"Niemann, Hans Moke","Cordova, Emilio",1-0,42,white,"Niemann, Hans Moke",Na5,1,Na5,19,18,19
168,14. Philadelphia Int,2021.06.30,9.2,"Niemann, Hans Moke","Cordova, Emilio",1-0,43,black,"Cordova, Emilio",Ra4,2,Rxc3,19,18,19
168,14. Philadelphia Int,2021.06.30,9.2,"Niemann, Hans Moke","Cordova, Emilio",1-0,44,white,"Niemann, Hans Moke",Nc6,1,Nc6,18,17,18
168,14. Philadelphia Int,2021.06.30,9.2,"Niemann, Hans Moke","Cordova, Emilio",1-0,45,black,"Cordova, Emilio",Nb6,1,Nb6,17,16,17
168,14. Philadelphia Int,2021.06.30,9.2,"Niemann, Hans Moke","Cordova, Emilio",1-0,46,white,"Niemann, Hans Moke",R3c2,3,R1c2,17,16,17
168,14. Philadelphia Int,2021.06.30,9.2,"Niemann, Hans Moke","Cordova, Emilio",1-0,47,black,"Cordova, Emilio",a6,1,a6,18,17,18
168,14. Philadelphia Int,2021.06.30,9.2,"Niemann, Hans Moke","Cordova, Emilio",1-0,48,white,"Niemann, Hans Moke",Kf2,3,Nb4,19,18,19
168,14. Philadelphia Int,2021.06.30,9.2,"Niemann, Hans Moke","Cordova, Emilio",1-0,49,black,"Cordova, Emilio",Rh4,5,Rc8,18,17,18
168,14. Philadelphia Int,2021.06.30,9.2,"Niemann, Hans Moke","Cordova, Emilio",1-0,50,white,"Niemann, Hans Moke",Kg3,6,b3,18,18,18
168,14. Philadelphia Int,2021.06.30,9.2,"Niemann, Hans Moke","Cordova, Emilio",1-0,51,black,"Cordova, Emilio",Rh6,4,Rc4,17,17,17
168,14. Philadelphia Int,2021.06.30,9.2,"Niemann, Hans Moke","Cordova, Emilio",1-0,52,white,"Niemann, Hans Moke",b3,1,b3,17,16,17
168,14. Philadelphia Int,2021.06.30,9.2,"Niemann, Hans Moke","Cordova, Emilio",1-0,53,black,"Cordova, Emilio",d4,1,d4,18,17,18
168,14. Philadelphia Int,2021.06.30,9.2,"Niemann, Hans Moke","Cordova, Emilio",1-0,54,white,"Niemann, Hans Moke",Ncxd4,1,Ncxd4,17,17,17
168,14. Philadelphia Int,2021.06.30,9.2,"Niemann, Hans Moke","Cordova, Emilio",1-0,55,black,"Cordova, Emilio",Nxd4,1,Nxd4,18,17,18
168,14. Philadelphia Int,2021.06.30,9.2,"Niemann, Hans Moke","Cordova, Emilio",1-0,56,white,"Niemann, Hans Moke",Nxd4,1,Nxd4,19,18,19
168,14. Philadelphia Int,2021.06.30,9.2,"Niemann, Hans Moke","Cordova, Emilio",1-0,57,black,"Cordova, Emilio",Rxe3,1,Rxe3,19,18,19
168,14. Philadelphia Int,2021.06.30,9.2,"Niemann, Hans Moke","Cordova, Emilio",1-0,58,white,"Niemann, Hans Moke",Rc6,1,Rc6,21,20,21
168,14. Philadelphia Int,2021.06.30,9.2,"Niemann, Hans Moke","Cordova, Emilio",1-0,59,black,"Cordova, Emilio",Rg6+,1,Rg6+,19,18,19
168,14. Philadelphia Int,2021.06.30,9.2,"Niemann, Hans Moke","Cordova, Emilio",1-0,60,white,"Niemann, Hans Moke",Rxg6,1,Rxg6,22,22,22
168,14. Philadelphia Int,2021.06.30,9.2,"Niemann, Hans Moke","Cordova, Emilio",1-0,61,black,"Cordova, Emilio",hxg6,1,hxg6,17,16,17
168,14. Philadelphia Int,2021.06.30,9.2,"Niemann, Hans Moke","Cordova, Emilio",1-0,62,white,"Niemann, Hans Moke",Rc6,1,Rc6,21,21,21
168,14. Philadelphia Int,2021.06.30,9.2,"Niemann, Hans Moke","Cordova, Emilio",1-0,63,black,"Cordova, Emilio",Nd5,1,Nd5,19,18,19
168,14. Philadelphia Int,2021.06.30,9.2,"Niemann, Hans Moke","Cordova, Emilio",1-0,64,white,"Niemann, Hans Moke",Rxa6,1,Rxa6,20,20,20
168,14. Philadelphia Int,2021.06.30,9.2,"Niemann, Hans Moke","Cordova, Emilio",1-0,65,black,"Cordova, Emilio",Rd3,2,Kg8,17,16,17
168,14. Philadelphia Int,2021.06.30,9.2,"Niemann, Hans Moke","Cordova, Emilio",1-0,66,white,"Niemann, Hans Moke",Nxb5,3,Ra8+,18,17,18
168,14. Philadelphia Int,2021.06.30,9.2,"Niemann, Hans Moke","Cordova, Emilio",1-0,67,black,"Cordova, Emilio",Rxb3,1,Rxb3,16,15,16
168,14. Philadelphia Int,2021.06.30,9.2,"Niemann, Hans Moke","Cordova, Emilio",1-0,68,white,"Niemann, Hans Moke",Ra8+,1,Ra8+,17,16,17
168,14. Philadelphia Int,2021.06.30,9.2,"Niemann, Hans Moke","Cordova, Emilio",1-0,69,black,"Cordova, Emilio",Ke7,1,Ke7,26,26,26
168,14. Philadelphia Int,2021.06.30,9.2,"Niemann, Hans Moke","Cordova, Emilio",1-0,70,white,"Niemann, Hans Moke",Ra7+,1,Ra7+,19,18,19
168,14. Philadelphia Int,2021.06.30,9.2,"Niemann, Hans Moke","Cordova, Emilio",1-0,71,black,"Cordova, Emilio",Kf6,2,Kf8,19,18,19
168,14. Philadelphia Int,2021.06.30,9.2,"Niemann, Hans Moke","Cordova, Emilio",1-0,72,white,"Niemann, Hans Moke",Nd6,1,Nd6,18,17,18
168,14. Philadelphia Int,2021.06.30,9.2,"Niemann, Hans Moke","Cordova, Emilio",1-0,73,black,"Cordova, Emilio",g5,1,g5,17,16,17
168,14. Philadelphia Int,2021.06.30,9.2,"Niemann, Hans Moke","Cordova, Emilio",1-0,74,white,"Niemann, Hans Moke",Rxf7+,1,Rxf7+,17,17,17
168,14. Philadelphia Int,2021.06.30,9.2,"Niemann, Hans Moke","Cordova, Emilio",1-0,75,black,"Cordova, Emilio",Ke6,2,Kg6,22,22,22
168,14. Philadelphia Int,2021.06.30,9.2,"Niemann, Hans Moke","Cordova, Emilio",1-0,76,white,"Niemann, Hans Moke",Rb7,1,Rb7,19,18,19
168,14. Philadelphia Int,2021.06.30,9.2,"Niemann, Hans Moke","Cordova, Emilio",1-0,77,black,"Cordova, Emilio",Rxa3,1,Rxa3,18,17,18
168,14. Philadelphia Int,2021.06.30,9.2,"Niemann, Hans Moke","Cordova, Emilio",1-0,78,white,"Niemann, Hans Moke",Ne4,1,Ne4,18,17,18
168,14. Philadelphia Int,2021.06.30,9.2,"Niemann, Hans Moke","Cordova, Emilio",1-0,79,black,"Cordova, Emilio",Nf6,6,Ra2,18,17,18
168,14. Philadelphia Int,2021.06.30,9.2,"Niemann, Hans Moke","Cordova, Emilio",1-0,80,white,"Niemann, Hans Moke",Nxg5+,1,Nxg5+,18,17,18
168,14. Philadelphia Int,2021.06.30,9.2,"Niemann, Hans Moke","Cordova, Emilio",1-0,81,black,"Cordova, Emilio",Kf5,2,Ke5,20,20,20
168,14. Philadelphia Int,2021.06.30,9.2,"Niemann, Hans Moke","Cordova, Emilio",1-0,82,white,"Niemann, Hans Moke",Rb5+,2,h4,19,18,19
168,14. Philadelphia Int,2021.06.30,9.2,"Niemann, Hans Moke","Cordova, Emilio",1-0,83,black,"Cordova, Emilio",Kg6,1,Kg6,22,21,22
168,14. Philadelphia Int,2021.06.30,9.2,"Niemann, Hans Moke","Cordova, Emilio",1-0,84,white,"Niemann, Hans Moke",Ne6,5,h4,19,18,19
168,14. Philadelphia Int,2021.06.30,9.2,"Niemann, Hans Moke","Cordova, Emilio",1-0,85,black,"Cordova, Emilio",Kf7,3,Ne4+,17,16,17
168,14. Philadelphia Int,2021.06.30,9.2,"Niemann, Hans Moke","Cordova, Emilio",1-0,86,white,"Niemann, Hans Moke",Nf4,5,Ng5+,17,16,17
168,14. Philadelphia Int,2021.06.30,9.2,"Niemann, Hans Moke","Cordova, Emilio",1-0,87,black,"Cordova, Emilio",Ne4+,1,Ne4+,18,17,18
168,14. Philadelphia Int,2021.06.30,9.2,"Niemann, Hans Moke","Cordova, Emilio",1-0,88,white,"Niemann, Hans Moke",Kg4,1,Kg4,23,22,23
168,14. Philadelphia Int,2021.06.30,9.2,"Niemann, Hans Moke","Cordova, Emilio",1-0,89,black,"Cordova, Emilio",Nd6,1,Nd6,17,16,17
168,14. Philadelphia Int,2021.06.30,9.2,"Niemann, Hans Moke","Cordova, Emilio",1-0,90,white,"Niemann, Hans Moke",Rd5,6,Rc5,19,18,19
168,14. Philadelphia Int,2021.06.30,9.2,"Niemann, Hans Moke","Cordova, Emilio",1-0,91,black,"Cordova, Emilio",Nc4,1,Nc4,17,16,17
168,14. Philadelphia Int,2021.06.30,9.2,"Niemann, Hans Moke","Cordova, Emilio",1-0,92,white,"Niemann, Hans Moke",Kg5,4,Rd7+,19,19,19
168,14. Philadelphia Int,2021.06.30,9.2,"Niemann, Hans Moke","Cordova, Emilio",1-0,93,black,"Cordova, Emilio",Ra2,1,Ra2,17,16,17
168,14. Philadelphia Int,2021.06.30,9.2,"Niemann, Hans Moke","Cordova, Emilio",1-0,94,white,"Niemann, Hans Moke",Rc5,1,Rc5,18,18,18
168,14. Philadelphia Int,2021.06.30,9.2,"Niemann, Hans Moke","Cordova, Emilio",1-0,95,black,"Cordova, Emilio",Ne3,2,Rc2,18,17,18
168,14. Philadelphia Int,2021.06.30,9.2,"Niemann, Hans Moke","Cordova, Emilio",1-0,96,white,"Niemann, Hans Moke",g4,1,g4,18,17,18
168,14. Philadelphia Int,2021.06.30,9.2,"Niemann, Hans Moke","Cordova, Emilio",1-0,97,black,"Cordova, Emilio",Nf1,5,Rc2,17,16,17
168,14. Philadelphia Int,2021.06.30,9.2,"Niemann, Hans Moke","Cordova, Emilio",1-0,98,white,"Niemann, Hans Moke",Rc7+,1,Rc7+,17,16,17
168,14. Philadelphia Int,2021.06.30,9.2,"Niemann, Hans Moke","Cordova, Emilio",1-0,99,black,"Cordova, Emilio",Ke8,1,Ke8,22,21,22
168,14. Philadelphia Int,2021.06.30,9.2,"Niemann, Hans Moke","Cordova, Emilio",1-0,100,white,"Niemann, Hans Moke",Rxg7,1,Rxg7,18,17,18
168,14. Philadelphia Int,2021.06.30,9.2,"Niemann, Hans Moke","Cordova, Emilio",1-0,101,black,"Cordova, Emilio",Nxh2,2,Ra6,16,15,16
168,14. Philadelphia Int,2021.06.30,9.2,"Niemann, Hans Moke","Cordova, Emilio",1-0,102,white,"Niemann, Hans Moke",Ne6,1,Ne6,18,17,18
168,14. Philadelphia Int,2021.06.30,9.2,"Niemann, Hans Moke","Cordova, Emilio",1-0,103,black,"Cordova, Emilio",Rf2,2,Ra3,19,19,19
168,14. Philadelphia Int,2021.06.30,9.2,"Niemann, Hans Moke","Cordova, Emilio",1-0,104,white,"Niemann, Hans Moke",f4,1,f4,18,17,18
168,14. Philadelphia Int,2021.06.30,9.2,"Niemann, Hans Moke","Cordova, Emilio",1-0,105,black,"Cordova, Emilio",Rg2,1,Rg2,18,17,18
168,14. Philadelphia Int,2021.06.30,9.2,"Niemann, Hans Moke","Cordova, Emilio",1-0,106,white,"Niemann, Hans Moke",Kf5,1,Kf5,17,16,17
168,14. Philadelphia Int,2021.06.30,9.2,"Niemann, Hans Moke","Cordova, Emilio",1-0,107,black,"Cordova, Emilio",Rg1,1,Rg1,17,16,17
168,14. Philadelphia Int,2021.06.30,9.2,"Niemann, Hans Moke","Cordova, Emilio",1-0,108,white,"Niemann, Hans Moke",g5,1,g5,17,16,17
168,14. Philadelphia Int,2021.06.30,9.2,"Niemann, Hans Moke","Cordova, Emilio",1-0,109,black,"Cordova, Emilio",Ng4,1,Ng4,16,15,16
168,14. Philadelphia Int,2021.06.30,9.2,"Niemann, Hans Moke","Cordova, Emilio",1-0,110,white,"Niemann, Hans Moke",Ra7,6,Nc7+,16,15,16
168,14. Philadelphia Int,2021.06.30,9.2,"Niemann, Hans Moke","Cordova, Emilio",1-0,111,black,"Cordova, Emilio",Ne3+,3,Rg3,17,16,17
168,14. Philadelphia Int,2021.06.30,9.2,"Niemann, Hans Moke","Cordova, Emilio",1-0,112,white,"Niemann, Hans Moke",Kg6,1,Kg6,19,18,19
168,14. Philadelphia Int,2021.06.30,9.2,"Niemann, Hans Moke","Cordova, Emilio",1-0,113,black,"Cordova, Emilio",Rf1,2,Re1,16,16,16
168,14. Philadelphia Int,2021.06.30,9.2,"Niemann, Hans Moke","Cordova, Emilio",1-0,114,white,"Niemann, Hans Moke",Ng7+,1,Ng7+,18,18,18
169,49. Annual World Open,2021.07.01,1,"Niemann, Hans Moke","Mahajan, Rushaan",1-0,0,white,"Niemann, Hans Moke",d4,B,,,,
169,49. Annual World Open,2021.07.01,1,"Niemann, Hans Moke","Mahajan, Rushaan",1-0,1,black,"Mahajan, Rushaan",Nf6,B,,,,
169,49. Annual World Open,2021.07.01,1,"Niemann, Hans Moke","Mahajan, Rushaan",1-0,2,white,"Niemann, Hans Moke",c4,B,,,,
169,49. Annual World Open,2021.07.01,1,"Niemann, Hans Moke","Mahajan, Rushaan",1-0,3,black,"Mahajan, Rushaan",e6,B,,,,
169,49. Annual World Open,2021.07.01,1,"Niemann, Hans Moke","Mahajan, Rushaan",1-0,4,white,"Niemann, Hans Moke",Nc3,B,,,,
169,49. Annual World Open,2021.07.01,1,"Niemann, Hans Moke","Mahajan, Rushaan",1-0,5,black,"Mahajan, Rushaan",Bb4,B,,,,
169,49. Annual World Open,2021.07.01,1,"Niemann, Hans Moke","Mahajan, Rushaan",1-0,6,white,"Niemann, Hans Moke",e3,B,,,,
169,49. Annual World Open,2021.07.01,1,"Niemann, Hans Moke","Mahajan, Rushaan",1-0,7,black,"Mahajan, Rushaan",O-O,B,,,,
169,49. Annual World Open,2021.07.01,1,"Niemann, Hans Moke","Mahajan, Rushaan",1-0,8,white,"Niemann, Hans Moke",Bd3,B,,,,
169,49. Annual World Open,2021.07.01,1,"Niemann, Hans Moke","Mahajan, Rushaan",1-0,9,black,"Mahajan, Rushaan",Re8,B,,,,
169,49. Annual World Open,2021.07.01,1,"Niemann, Hans Moke","Mahajan, Rushaan",1-0,10,white,"Niemann, Hans Moke",Ne2,B,,,,
169,49. Annual World Open,2021.07.01,1,"Niemann, Hans Moke","Mahajan, Rushaan",1-0,11,black,"Mahajan, Rushaan",d5,1,d5,17,16,17
169,49. Annual World Open,2021.07.01,1,"Niemann, Hans Moke","Mahajan, Rushaan",1-0,12,white,"Niemann, Hans Moke",a3,2,O-O,17,16,17
169,49. Annual World Open,2021.07.01,1,"Niemann, Hans Moke","Mahajan, Rushaan",1-0,13,black,"Mahajan, Rushaan",Bf8,1,Bf8,18,17,18
169,49. Annual World Open,2021.07.01,1,"Niemann, Hans Moke","Mahajan, Rushaan",1-0,14,white,"Niemann, Hans Moke",O-O,1,O-O,17,16,17
169,49. Annual World Open,2021.07.01,1,"Niemann, Hans Moke","Mahajan, Rushaan",1-0,15,black,"Mahajan, Rushaan",c5,4,b6,17,16,17
169,49. Annual World Open,2021.07.01,1,"Niemann, Hans Moke","Mahajan, Rushaan",1-0,16,white,"Niemann, Hans Moke",dxc5,2,cxd5,18,17,18
169,49. Annual World Open,2021.07.01,1,"Niemann, Hans Moke","Mahajan, Rushaan",1-0,17,black,"Mahajan, Rushaan",Bxc5,2,dxc4,18,17,18
169,49. Annual World Open,2021.07.01,1,"Niemann, Hans Moke","Mahajan, Rushaan",1-0,18,white,"Niemann, Hans Moke",b4,1,b4,18,17,18
169,49. Annual World Open,2021.07.01,1,"Niemann, Hans Moke","Mahajan, Rushaan",1-0,19,black,"Mahajan, Rushaan",dxc4,1,dxc4,17,16,17
169,49. Annual World Open,2021.07.01,1,"Niemann, Hans Moke","Mahajan, Rushaan",1-0,20,white,"Niemann, Hans Moke",Bxc4,1,Bxc4,18,17,18
169,49. Annual World Open,2021.07.01,1,"Niemann, Hans Moke","Mahajan, Rushaan",1-0,21,black,"Mahajan, Rushaan",Bd6,4,Bf8,18,17,18
169,49. Annual World Open,2021.07.01,1,"Niemann, Hans Moke","Mahajan, Rushaan",1-0,22,white,"Niemann, Hans Moke",Bb2,3,h3,17,16,17
169,49. Annual World Open,2021.07.01,1,"Niemann, Hans Moke","Mahajan, Rushaan",1-0,23,black,"Mahajan, Rushaan",Qc7,1,Qc7,17,16,17
169,49. Annual World Open,2021.07.01,1,"Niemann, Hans Moke","Mahajan, Rushaan",1-0,24,white,"Niemann, Hans Moke",Bd3,1,Bd3,17,16,17
169,49. Annual World Open,2021.07.01,1,"Niemann, Hans Moke","Mahajan, Rushaan",1-0,25,black,"Mahajan, Rushaan",Bxh2+,1,Bxh2+,16,15,16
169,49. Annual World Open,2021.07.01,1,"Niemann, Hans Moke","Mahajan, Rushaan",1-0,26,white,"Niemann, Hans Moke",Kh1,1,Kh1,23,23,23
169,49. Annual World Open,2021.07.01,1,"Niemann, Hans Moke","Mahajan, Rushaan",1-0,27,black,"Mahajan, Rushaan",Ng4,1,Ng4,16,15,16
169,49. Annual World Open,2021.07.01,1,"Niemann, Hans Moke","Mahajan, Rushaan",1-0,28,white,"Niemann, Hans Moke",g3,2,Nf4,16,15,16
169,49. Annual World Open,2021.07.01,1,"Niemann, Hans Moke","Mahajan, Rushaan",1-0,29,black,"Mahajan, Rushaan",Qe5,>10,Nc6,15,14,15
169,49. Annual World Open,2021.07.01,1,"Niemann, Hans Moke","Mahajan, Rushaan",1-0,30,white,"Niemann, Hans Moke",Nf4,1,Nf4,16,15,16
169,49. Annual World Open,2021.07.01,1,"Niemann, Hans Moke","Mahajan, Rushaan",1-0,31,black,"Mahajan, Rushaan",Qg5,5,f5,17,16,17
169,49. Annual World Open,2021.07.01,1,"Niemann, Hans Moke","Mahajan, Rushaan",1-0,32,white,"Niemann, Hans Moke",Ne4,1,Ne4,16,15,16
169,49. Annual World Open,2021.07.01,1,"Niemann, Hans Moke","Mahajan, Rushaan",1-0,33,black,"Mahajan, Rushaan",Qh6,1,Qh6,16,15,16
169,49. Annual World Open,2021.07.01,1,"Niemann, Hans Moke","Mahajan, Rushaan",1-0,34,white,"Niemann, Hans Moke",Qxg4,1,Qxg4,17,16,17
169,49. Annual World Open,2021.07.01,1,"Niemann, Hans Moke","Mahajan, Rushaan",1-0,35,black,"Mahajan, Rushaan",Bxg3+,2,e5,18,17,18
169,49. Annual World Open,2021.07.01,1,"Niemann, Hans Moke","Mahajan, Rushaan",1-0,36,white,"Niemann, Hans Moke",Nh5,1,Nh5,19,18,19
169,49. Annual World Open,2021.07.01,1,"Niemann, Hans Moke","Mahajan, Rushaan",1-0,37,black,"Mahajan, Rushaan",e5,1,e5,15,14,15
169,49. Annual World Open,2021.07.01,1,"Niemann, Hans Moke","Mahajan, Rushaan",1-0,38,white,"Niemann, Hans Moke",Nf6+,2,Qxg7+,18,17,18
169,49. Annual World Open,2021.07.01,1,"Niemann, Hans Moke","Mahajan, Rushaan",1-0,39,black,"Mahajan, Rushaan",Kh8,2,Kf8,20,20,20
170,49. Annual World Open,2021.07.02,3,"Niemann, Hans Moke","Shlyakhtenko, Robert",1/2-1/2,0,white,"Niemann, Hans Moke",d4,B,,,,
170,49. Annual World Open,2021.07.02,3,"Niemann, Hans Moke","Shlyakhtenko, Robert",1/2-1/2,1,black,"Shlyakhtenko, Robert",d5,B,,,,
170,49. Annual World Open,2021.07.02,3,"Niemann, Hans Moke","Shlyakhtenko, Robert",1/2-1/2,2,white,"Niemann, Hans Moke",c4,B,,,,
170,49. Annual World Open,2021.07.02,3,"Niemann, Hans Moke","Shlyakhtenko, Robert",1/2-1/2,3,black,"Shlyakhtenko, Robert",e6,B,,,,
170,49. Annual World Open,2021.07.02,3,"Niemann, Hans Moke","Shlyakhtenko, Robert",1/2-1/2,4,white,"Niemann, Hans Moke",Nc3,B,,,,
170,49. Annual World Open,2021.07.02,3,"Niemann, Hans Moke","Shlyakhtenko, Robert",1/2-1/2,5,black,"Shlyakhtenko, Robert",c5,B,,,,
170,49. Annual World Open,2021.07.02,3,"Niemann, Hans Moke","Shlyakhtenko, Robert",1/2-1/2,6,white,"Niemann, Hans Moke",cxd5,B,,,,
170,49. Annual World Open,2021.07.02,3,"Niemann, Hans Moke","Shlyakhtenko, Robert",1/2-1/2,7,black,"Shlyakhtenko, Robert",exd5,B,,,,
170,49. Annual World Open,2021.07.02,3,"Niemann, Hans Moke","Shlyakhtenko, Robert",1/2-1/2,8,white,"Niemann, Hans Moke",Nf3,B,,,,
170,49. Annual World Open,2021.07.02,3,"Niemann, Hans Moke","Shlyakhtenko, Robert",1/2-1/2,9,black,"Shlyakhtenko, Robert",Nc6,B,,,,
170,49. Annual World Open,2021.07.02,3,"Niemann, Hans Moke","Shlyakhtenko, Robert",1/2-1/2,10,white,"Niemann, Hans Moke",dxc5,B,,,,
170,49. Annual World Open,2021.07.02,3,"Niemann, Hans Moke","Shlyakhtenko, Robert",1/2-1/2,11,black,"Shlyakhtenko, Robert",d4,B,,,,
170,49. Annual World Open,2021.07.02,3,"Niemann, Hans Moke","Shlyakhtenko, Robert",1/2-1/2,12,white,"Niemann, Hans Moke",Na4,B,,,,
170,49. Annual World Open,2021.07.02,3,"Niemann, Hans Moke","Shlyakhtenko, Robert",1/2-1/2,13,black,"Shlyakhtenko, Robert",Bxc5,1,Bxc5,17,16,17
170,49. Annual World Open,2021.07.02,3,"Niemann, Hans Moke","Shlyakhtenko, Robert",1/2-1/2,14,white,"Niemann, Hans Moke",Nxc5,B,,,,
170,49. Annual World Open,2021.07.02,3,"Niemann, Hans Moke","Shlyakhtenko, Robert",1/2-1/2,15,black,"Shlyakhtenko, Robert",Qa5+,1,Qa5+,17,16,17
170,49. Annual World Open,2021.07.02,3,"Niemann, Hans Moke","Shlyakhtenko, Robert",1/2-1/2,16,white,"Niemann, Hans Moke",Bd2,B,,,,
170,49. Annual World Open,2021.07.02,3,"Niemann, Hans Moke","Shlyakhtenko, Robert",1/2-1/2,17,black,"Shlyakhtenko, Robert",Qxc5,1,Qxc5,17,16,17
170,49. Annual World Open,2021.07.02,3,"Niemann, Hans Moke","Shlyakhtenko, Robert",1/2-1/2,18,white,"Niemann, Hans Moke",g3,6,b4,17,16,17
170,49. Annual World Open,2021.07.02,3,"Niemann, Hans Moke","Shlyakhtenko, Robert",1/2-1/2,19,black,"Shlyakhtenko, Robert",Nf6,1,Nf6,17,16,17
170,49. Annual World Open,2021.07.02,3,"Niemann, Hans Moke","Shlyakhtenko, Robert",1/2-1/2,20,white,"Niemann, Hans Moke",Bg2,1,Bg2,17,16,17
170,49. Annual World Open,2021.07.02,3,"Niemann, Hans Moke","Shlyakhtenko, Robert",1/2-1/2,21,black,"Shlyakhtenko, Robert",O-O,1,O-O,17,16,17
170,49. Annual World Open,2021.07.02,3,"Niemann, Hans Moke","Shlyakhtenko, Robert",1/2-1/2,22,white,"Niemann, Hans Moke",O-O,1,O-O,17,16,17
170,49. Annual World Open,2021.07.02,3,"Niemann, Hans Moke","Shlyakhtenko, Robert",1/2-1/2,23,black,"Shlyakhtenko, Robert",Bf5,7,Re8,17,16,17
170,49. Annual World Open,2021.07.02,3,"Niemann, Hans Moke","Shlyakhtenko, Robert",1/2-1/2,24,white,"Niemann, Hans Moke",e3,2,Bg5,17,16,17
170,49. Annual World Open,2021.07.02,3,"Niemann, Hans Moke","Shlyakhtenko, Robert",1/2-1/2,25,black,"Shlyakhtenko, Robert",Be4,3,Bc2,19,18,19
170,49. Annual World Open,2021.07.02,3,"Niemann, Hans Moke","Shlyakhtenko, Robert",1/2-1/2,26,white,"Niemann, Hans Moke",exd4,1,exd4,17,16,17
170,49. Annual World Open,2021.07.02,3,"Niemann, Hans Moke","Shlyakhtenko, Robert",1/2-1/2,27,black,"Shlyakhtenko, Robert",Nxd4,1,Nxd4,18,17,18
170,49. Annual World Open,2021.07.02,3,"Niemann, Hans Moke","Shlyakhtenko, Robert",1/2-1/2,28,white,"Niemann, Hans Moke",Be3,2,Nxd4,18,18,18
170,49. Annual World Open,2021.07.02,3,"Niemann, Hans Moke","Shlyakhtenko, Robert",1/2-1/2,29,black,"Shlyakhtenko, Robert",Nxf3+,1,Nxf3+,18,17,18
170,49. Annual World Open,2021.07.02,3,"Niemann, Hans Moke","Shlyakhtenko, Robert",1/2-1/2,30,white,"Niemann, Hans Moke",Bxf3,1,Bxf3,22,21,22
170,49. Annual World Open,2021.07.02,3,"Niemann, Hans Moke","Shlyakhtenko, Robert",1/2-1/2,31,black,"Shlyakhtenko, Robert",Qb5,6,Qc6,19,18,19
170,49. Annual World Open,2021.07.02,3,"Niemann, Hans Moke","Shlyakhtenko, Robert",1/2-1/2,32,white,"Niemann, Hans Moke",Bxe4,1,Bxe4,18,17,18
170,49. Annual World Open,2021.07.02,3,"Niemann, Hans Moke","Shlyakhtenko, Robert",1/2-1/2,33,black,"Shlyakhtenko, Robert",Nxe4,1,Nxe4,17,16,17
170,49. Annual World Open,2021.07.02,3,"Niemann, Hans Moke","Shlyakhtenko, Robert",1/2-1/2,34,white,"Niemann, Hans Moke",a4,2,Qf3,17,16,17
170,49. Annual World Open,2021.07.02,3,"Niemann, Hans Moke","Shlyakhtenko, Robert",1/2-1/2,35,black,"Shlyakhtenko, Robert",Qf5,1,Qf5,17,16,17
170,49. Annual World Open,2021.07.02,3,"Niemann, Hans Moke","Shlyakhtenko, Robert",1/2-1/2,36,white,"Niemann, Hans Moke",a5,10,Kg2,18,17,18
170,49. Annual World Open,2021.07.02,3,"Niemann, Hans Moke","Shlyakhtenko, Robert",1/2-1/2,37,black,"Shlyakhtenko, Robert",h5,1,h5,18,18,18
170,49. Annual World Open,2021.07.02,3,"Niemann, Hans Moke","Shlyakhtenko, Robert",1/2-1/2,38,white,"Niemann, Hans Moke",h4,4,Kg2,17,16,17
170,49. Annual World Open,2021.07.02,3,"Niemann, Hans Moke","Shlyakhtenko, Robert",1/2-1/2,39,black,"Shlyakhtenko, Robert",Rfe8,1,Rfe8,19,18,19
170,49. Annual World Open,2021.07.02,3,"Niemann, Hans Moke","Shlyakhtenko, Robert",1/2-1/2,40,white,"Niemann, Hans Moke",Kg2,3,Qb3,17,16,17
170,49. Annual World Open,2021.07.02,3,"Niemann, Hans Moke","Shlyakhtenko, Robert",1/2-1/2,41,black,"Shlyakhtenko, Robert",Rad8,1,Rad8,19,18,19
170,49. Annual World Open,2021.07.02,3,"Niemann, Hans Moke","Shlyakhtenko, Robert",1/2-1/2,42,white,"Niemann, Hans Moke",Qb3,2,Qf3,18,17,18
170,49. Annual World Open,2021.07.02,3,"Niemann, Hans Moke","Shlyakhtenko, Robert",1/2-1/2,43,black,"Shlyakhtenko, Robert",Nd2,3,Rd5,19,18,19
170,49. Annual World Open,2021.07.02,3,"Niemann, Hans Moke","Shlyakhtenko, Robert",1/2-1/2,44,white,"Niemann, Hans Moke",Bxd2,1,Bxd2,17,17,17
170,49. Annual World Open,2021.07.02,3,"Niemann, Hans Moke","Shlyakhtenko, Robert",1/2-1/2,45,black,"Shlyakhtenko, Robert",Qe4+,1,Qe4+,17,16,17
170,49. Annual World Open,2021.07.02,3,"Niemann, Hans Moke","Shlyakhtenko, Robert",1/2-1/2,46,white,"Niemann, Hans Moke",Kg1,1,Kg1,21,20,21
170,49. Annual World Open,2021.07.02,3,"Niemann, Hans Moke","Shlyakhtenko, Robert",1/2-1/2,47,black,"Shlyakhtenko, Robert",Rxd2,1,Rxd2,18,17,18
170,49. Annual World Open,2021.07.02,3,"Niemann, Hans Moke","Shlyakhtenko, Robert",1/2-1/2,48,white,"Niemann, Hans Moke",a6,1,a6,19,18,19
170,49. Annual World Open,2021.07.02,3,"Niemann, Hans Moke","Shlyakhtenko, Robert",1/2-1/2,49,black,"Shlyakhtenko, Robert",bxa6,1,bxa6,20,19,20
170,49. Annual World Open,2021.07.02,3,"Niemann, Hans Moke","Shlyakhtenko, Robert",1/2-1/2,50,white,"Niemann, Hans Moke",Rxa6,1,Rxa6,18,17,18
170,49. Annual World Open,2021.07.02,3,"Niemann, Hans Moke","Shlyakhtenko, Robert",1/2-1/2,51,black,"Shlyakhtenko, Robert",Qd4,5,Qf5,21,20,21
170,49. Annual World Open,2021.07.02,3,"Niemann, Hans Moke","Shlyakhtenko, Robert",1/2-1/2,52,white,"Niemann, Hans Moke",Ra4,4,Qa4,20,19,20
170,49. Annual World Open,2021.07.02,3,"Niemann, Hans Moke","Shlyakhtenko, Robert",1/2-1/2,53,black,"Shlyakhtenko, Robert",Qxb2,5,Qb6,21,20,21
170,49. Annual World Open,2021.07.02,3,"Niemann, Hans Moke","Shlyakhtenko, Robert",1/2-1/2,54,white,"Niemann, Hans Moke",Qf3,1,Qf3,20,19,20
170,49. Annual World Open,2021.07.02,3,"Niemann, Hans Moke","Shlyakhtenko, Robert",1/2-1/2,55,black,"Shlyakhtenko, Robert",Qb5,2,Qb6,20,19,20
170,49. Annual World Open,2021.07.02,3,"Niemann, Hans Moke","Shlyakhtenko, Robert",1/2-1/2,56,white,"Niemann, Hans Moke",Rxa7,1,Rxa7,19,18,19
170,49. Annual World Open,2021.07.02,3,"Niemann, Hans Moke","Shlyakhtenko, Robert",1/2-1/2,57,black,"Shlyakhtenko, Robert",Qd5,1,Qd5,19,18,19
171,49. Annual World Open,2021.07.02,2,"Morrison, William","Niemann, Hans Moke",0-1,0,white,"Morrison, William",e4,B,,,,
171,49. Annual World Open,2021.07.02,2,"Morrison, William","Niemann, Hans Moke",0-1,1,black,"Niemann, Hans Moke",c5,B,,,,
171,49. Annual World Open,2021.07.02,2,"Morrison, William","Niemann, Hans Moke",0-1,2,white,"Morrison, William",Nf3,B,,,,
171,49. Annual World Open,2021.07.02,2,"Morrison, William","Niemann, Hans Moke",0-1,3,black,"Niemann, Hans Moke",d6,B,,,,
171,49. Annual World Open,2021.07.02,2,"Morrison, William","Niemann, Hans Moke",0-1,4,white,"Morrison, William",d4,B,,,,
171,49. Annual World Open,2021.07.02,2,"Morrison, William","Niemann, Hans Moke",0-1,5,black,"Niemann, Hans Moke",cxd4,B,,,,
171,49. Annual World Open,2021.07.02,2,"Morrison, William","Niemann, Hans Moke",0-1,6,white,"Morrison, William",Nxd4,B,,,,
171,49. Annual World Open,2021.07.02,2,"Morrison, William","Niemann, Hans Moke",0-1,7,black,"Niemann, Hans Moke",Nf6,B,,,,
171,49. Annual World Open,2021.07.02,2,"Morrison, William","Niemann, Hans Moke",0-1,8,white,"Morrison, William",Nc3,B,,,,
171,49. Annual World Open,2021.07.02,2,"Morrison, William","Niemann, Hans Moke",0-1,9,black,"Niemann, Hans Moke",a6,B,,,,
171,49. Annual World Open,2021.07.02,2,"Morrison, William","Niemann, Hans Moke",0-1,10,white,"Morrison, William",Be2,B,,,,
171,49. Annual World Open,2021.07.02,2,"Morrison, William","Niemann, Hans Moke",0-1,11,black,"Niemann, Hans Moke",g6,B,,,,
171,49. Annual World Open,2021.07.02,2,"Morrison, William","Niemann, Hans Moke",0-1,12,white,"Morrison, William",O-O,B,,,,
171,49. Annual World Open,2021.07.02,2,"Morrison, William","Niemann, Hans Moke",0-1,13,black,"Niemann, Hans Moke",Bg7,B,,,,
171,49. Annual World Open,2021.07.02,2,"Morrison, William","Niemann, Hans Moke",0-1,14,white,"Morrison, William",a4,B,,,,
171,49. Annual World Open,2021.07.02,2,"Morrison, William","Niemann, Hans Moke",0-1,15,black,"Niemann, Hans Moke",O-O,B,,,,
171,49. Annual World Open,2021.07.02,2,"Morrison, William","Niemann, Hans Moke",0-1,16,white,"Morrison, William",Bg5,9,Be3,17,16,17
171,49. Annual World Open,2021.07.02,2,"Morrison, William","Niemann, Hans Moke",0-1,17,black,"Niemann, Hans Moke",Nc6,B,,,,
171,49. Annual World Open,2021.07.02,2,"Morrison, William","Niemann, Hans Moke",0-1,18,white,"Morrison, William",Nb3,B,,,,
171,49. Annual World Open,2021.07.02,2,"Morrison, William","Niemann, Hans Moke",0-1,19,black,"Niemann, Hans Moke",Be6,B,,,,
171,49. Annual World Open,2021.07.02,2,"Morrison, William","Niemann, Hans Moke",0-1,20,white,"Morrison, William",f4,B,,,,
171,49. Annual World Open,2021.07.02,2,"Morrison, William","Niemann, Hans Moke",0-1,21,black,"Niemann, Hans Moke",Qb6+,4,b5,16,15,16
171,49. Annual World Open,2021.07.02,2,"Morrison, William","Niemann, Hans Moke",0-1,22,white,"Morrison, William",Kh1,1,Kh1,19,18,19
171,49. Annual World Open,2021.07.02,2,"Morrison, William","Niemann, Hans Moke",0-1,23,black,"Niemann, Hans Moke",Qb4,1,Qb4,17,16,17
171,49. Annual World Open,2021.07.02,2,"Morrison, William","Niemann, Hans Moke",0-1,24,white,"Morrison, William",Bf3,3,Bd3,17,16,17
171,49. Annual World Open,2021.07.02,2,"Morrison, William","Niemann, Hans Moke",0-1,25,black,"Niemann, Hans Moke",Bxb3,3,Na5,16,15,16
171,49. Annual World Open,2021.07.02,2,"Morrison, William","Niemann, Hans Moke",0-1,26,white,"Morrison, William",cxb3,1,cxb3,17,17,17
171,49. Annual World Open,2021.07.02,2,"Morrison, William","Niemann, Hans Moke",0-1,27,black,"Niemann, Hans Moke",e6,7,Rae8,17,16,17
171,49. Annual World Open,2021.07.02,2,"Morrison, William","Niemann, Hans Moke",0-1,28,white,"Morrison, William",Bh4,3,a5,17,16,17
171,49. Annual World Open,2021.07.02,2,"Morrison, William","Niemann, Hans Moke",0-1,29,black,"Niemann, Hans Moke",Nd7,1,Nd7,17,16,17
171,49. Annual World Open,2021.07.02,2,"Morrison, William","Niemann, Hans Moke",0-1,30,white,"Morrison, William",Be1,2,Na2,17,16,17
171,49. Annual World Open,2021.07.02,2,"Morrison, William","Niemann, Hans Moke",0-1,31,black,"Niemann, Hans Moke",Nc5,1,Nc5,17,16,17
171,49. Annual World Open,2021.07.02,2,"Morrison, William","Niemann, Hans Moke",0-1,32,white,"Morrison, William",Ra3,4,Nb5,17,17,17
171,49. Annual World Open,2021.07.02,2,"Morrison, William","Niemann, Hans Moke",0-1,33,black,"Niemann, Hans Moke",Qd4,1,Qd4,17,16,17
171,49. Annual World Open,2021.07.02,2,"Morrison, William","Niemann, Hans Moke",0-1,34,white,"Morrison, William",Bf2,1,Bf2,17,16,17
171,49. Annual World Open,2021.07.02,2,"Morrison, William","Niemann, Hans Moke",0-1,35,black,"Niemann, Hans Moke",Qxd1,1,Qxd1,17,17,17
171,49. Annual World Open,2021.07.02,2,"Morrison, William","Niemann, Hans Moke",0-1,36,white,"Morrison, William",Rxd1,1,Rxd1,17,16,17
171,49. Annual World Open,2021.07.02,2,"Morrison, William","Niemann, Hans Moke",0-1,37,black,"Niemann, Hans Moke",Nb4,1,Nb4,18,17,18
171,49. Annual World Open,2021.07.02,2,"Morrison, William","Niemann, Hans Moke",0-1,38,white,"Morrison, William",Bxc5,2,Rxd6,17,16,17
171,49. Annual World Open,2021.07.02,2,"Morrison, William","Niemann, Hans Moke",0-1,39,black,"Niemann, Hans Moke",dxc5,1,dxc5,19,18,19
171,49. Annual World Open,2021.07.02,2,"Morrison, William","Niemann, Hans Moke",0-1,40,white,"Morrison, William",e5,1,e5,18,17,18
171,49. Annual World Open,2021.07.02,2,"Morrison, William","Niemann, Hans Moke",0-1,41,black,"Niemann, Hans Moke",Nc2,2,g5,18,17,18
171,49. Annual World Open,2021.07.02,2,"Morrison, William","Niemann, Hans Moke",0-1,42,white,"Morrison, William",Ra2,1,Ra2,18,18,18
171,49. Annual World Open,2021.07.02,2,"Morrison, William","Niemann, Hans Moke",0-1,43,black,"Niemann, Hans Moke",Rad8,3,Rfd8,19,18,19
171,49. Annual World Open,2021.07.02,2,"Morrison, William","Niemann, Hans Moke",0-1,44,white,"Morrison, William",a5,2,Ne4,19,18,19
171,49. Annual World Open,2021.07.02,2,"Morrison, William","Niemann, Hans Moke",0-1,45,black,"Niemann, Hans Moke",g5,1,g5,19,18,19
171,49. Annual World Open,2021.07.02,2,"Morrison, William","Niemann, Hans Moke",0-1,46,white,"Morrison, William",g3,1,g3,19,18,19
171,49. Annual World Open,2021.07.02,2,"Morrison, William","Niemann, Hans Moke",0-1,47,black,"Niemann, Hans Moke",gxf4,1,gxf4,20,19,20
171,49. Annual World Open,2021.07.02,2,"Morrison, William","Niemann, Hans Moke",0-1,48,white,"Morrison, William",gxf4,1,gxf4,18,17,18
171,49. Annual World Open,2021.07.02,2,"Morrison, William","Niemann, Hans Moke",0-1,49,black,"Niemann, Hans Moke",Bh6,2,Rxd1+,19,18,19
171,49. Annual World Open,2021.07.02,2,"Morrison, William","Niemann, Hans Moke",0-1,50,white,"Morrison, William",Ra4,2,Rxd8,18,17,18
171,49. Annual World Open,2021.07.02,2,"Morrison, William","Niemann, Hans Moke",0-1,51,black,"Niemann, Hans Moke",Nb4,2,Rxd1+,18,17,18
171,49. Annual World Open,2021.07.02,2,"Morrison, William","Niemann, Hans Moke",0-1,52,white,"Morrison, William",Ne4,1,Ne4,18,17,18
171,49. Annual World Open,2021.07.02,2,"Morrison, William","Niemann, Hans Moke",0-1,53,black,"Niemann, Hans Moke",Nd3,2,Rxd1+,18,17,18
171,49. Annual World Open,2021.07.02,2,"Morrison, William","Niemann, Hans Moke",0-1,54,white,"Morrison, William",Rc4,1,Rc4,18,17,18
171,49. Annual World Open,2021.07.02,2,"Morrison, William","Niemann, Hans Moke",0-1,55,black,"Niemann, Hans Moke",Kh8,4,Nxf4,18,17,18
171,49. Annual World Open,2021.07.02,2,"Morrison, William","Niemann, Hans Moke",0-1,56,white,"Morrison, William",Rc3,1,Rc3,19,18,19
171,49. Annual World Open,2021.07.02,2,"Morrison, William","Niemann, Hans Moke",0-1,57,black,"Niemann, Hans Moke",Nxb2,1,Nxb2,19,18,19
171,49. Annual World Open,2021.07.02,2,"Morrison, William","Niemann, Hans Moke",0-1,58,white,"Morrison, William",Rxd8,1,Rxd8,20,19,20
171,49. Annual World Open,2021.07.02,2,"Morrison, William","Niemann, Hans Moke",0-1,59,black,"Niemann, Hans Moke",Rxd8,1,Rxd8,17,16,17
171,49. Annual World Open,2021.07.02,2,"Morrison, William","Niemann, Hans Moke",0-1,60,white,"Morrison, William",Rxc5,2,Nd6,18,17,18
171,49. Annual World Open,2021.07.02,2,"Morrison, William","Niemann, Hans Moke",0-1,61,black,"Niemann, Hans Moke",Bxf4,2,Kg7,19,18,19
171,49. Annual World Open,2021.07.02,2,"Morrison, William","Niemann, Hans Moke",0-1,62,white,"Morrison, William",Rc7,1,Rc7,18,17,18
171,49. Annual World Open,2021.07.02,2,"Morrison, William","Niemann, Hans Moke",0-1,63,black,"Niemann, Hans Moke",Kg7,1,Kg7,18,17,18
171,49. Annual World Open,2021.07.02,2,"Morrison, William","Niemann, Hans Moke",0-1,64,white,"Morrison, William",Rxb7,4,Bh5,18,17,18
171,49. Annual World Open,2021.07.02,2,"Morrison, William","Niemann, Hans Moke",0-1,65,black,"Niemann, Hans Moke",Nd3,1,Nd3,17,16,17
171,49. Annual World Open,2021.07.02,2,"Morrison, William","Niemann, Hans Moke",0-1,66,white,"Morrison, William",Kg2,3,Be2,18,17,18
171,49. Annual World Open,2021.07.02,2,"Morrison, William","Niemann, Hans Moke",0-1,67,black,"Niemann, Hans Moke",Nxe5,2,Kg6,18,17,18
171,49. Annual World Open,2021.07.02,2,"Morrison, William","Niemann, Hans Moke",0-1,68,white,"Morrison, William",Be2,1,Be2,17,16,17
171,49. Annual World Open,2021.07.02,2,"Morrison, William","Niemann, Hans Moke",0-1,69,black,"Niemann, Hans Moke",Rd4,1,Rd4,18,17,18
171,49. Annual World Open,2021.07.02,2,"Morrison, William","Niemann, Hans Moke",0-1,70,white,"Morrison, William",Nc5,1,Nc5,18,17,18
171,49. Annual World Open,2021.07.02,2,"Morrison, William","Niemann, Hans Moke",0-1,71,black,"Niemann, Hans Moke",Kg6,1,Kg6,18,17,18
171,49. Annual World Open,2021.07.02,2,"Morrison, William","Niemann, Hans Moke",0-1,72,white,"Morrison, William",Nxa6,4,b4,17,16,17
171,49. Annual World Open,2021.07.02,2,"Morrison, William","Niemann, Hans Moke",0-1,73,black,"Niemann, Hans Moke",Rd2,2,Nc6,18,17,18
171,49. Annual World Open,2021.07.02,2,"Morrison, William","Niemann, Hans Moke",0-1,74,white,"Morrison, William",Kf2,2,Kf1,17,16,17
171,49. Annual World Open,2021.07.02,2,"Morrison, William","Niemann, Hans Moke",0-1,75,black,"Niemann, Hans Moke",Nc6,1,Nc6,19,18,19
171,49. Annual World Open,2021.07.02,2,"Morrison, William","Niemann, Hans Moke",0-1,76,white,"Morrison, William",Ke1,9,Kf3,17,16,17
171,49. Annual World Open,2021.07.02,2,"Morrison, William","Niemann, Hans Moke",0-1,77,black,"Niemann, Hans Moke",Nd4,1,Nd4,17,17,17
171,49. Annual World Open,2021.07.02,2,"Morrison, William","Niemann, Hans Moke",0-1,78,white,"Morrison, William",Bb5,>10,Kf1,17,16,17
171,49. Annual World Open,2021.07.02,2,"Morrison, William","Niemann, Hans Moke",0-1,79,black,"Niemann, Hans Moke",Be3,1,Be3,18,17,18
171,49. Annual World Open,2021.07.02,2,"Morrison, William","Niemann, Hans Moke",0-1,80,white,"Morrison, William",Kf1,3,Bc6,24,24,24
171,49. Annual World Open,2021.07.02,2,"Morrison, William","Niemann, Hans Moke",0-1,81,black,"Niemann, Hans Moke",Rd1+,1,Rd1+,18,17,18
171,49. Annual World Open,2021.07.02,2,"Morrison, William","Niemann, Hans Moke",0-1,82,white,"Morrison, William",Kg2,1,Kg2,53,53,53
171,49. Annual World Open,2021.07.02,2,"Morrison, William","Niemann, Hans Moke",0-1,83,black,"Niemann, Hans Moke",Rg1+,1,Rg1+,17,16,17
171,49. Annual World Open,2021.07.02,2,"Morrison, William","Niemann, Hans Moke",0-1,84,white,"Morrison, William",Kh3,1,Kh3,63,63,63
171,49. Annual World Open,2021.07.02,2,"Morrison, William","Niemann, Hans Moke",0-1,85,black,"Niemann, Hans Moke",Nf3,1,Nf3,18,17,18
172,49. Annual World Open,2021.07.03,4,"Sinha, Sahil","Niemann, Hans Moke",0-1,0,white,"Sinha, Sahil",d4,B,,,,
172,49. Annual World Open,2021.07.03,4,"Sinha, Sahil","Niemann, Hans Moke",0-1,1,black,"Niemann, Hans Moke",Nf6,B,,,,
172,49. Annual World Open,2021.07.03,4,"Sinha, Sahil","Niemann, Hans Moke",0-1,2,white,"Sinha, Sahil",c4,B,,,,
172,49. Annual World Open,2021.07.03,4,"Sinha, Sahil","Niemann, Hans Moke",0-1,3,black,"Niemann, Hans Moke",e6,B,,,,
172,49. Annual World Open,2021.07.03,4,"Sinha, Sahil","Niemann, Hans Moke",0-1,4,white,"Sinha, Sahil",Nc3,B,,,,
172,49. Annual World Open,2021.07.03,4,"Sinha, Sahil","Niemann, Hans Moke",0-1,5,black,"Niemann, Hans Moke",Bb4,B,,,,
172,49. Annual World Open,2021.07.03,4,"Sinha, Sahil","Niemann, Hans Moke",0-1,6,white,"Sinha, Sahil",Qc2,B,,,,
172,49. Annual World Open,2021.07.03,4,"Sinha, Sahil","Niemann, Hans Moke",0-1,7,black,"Niemann, Hans Moke",d5,B,,,,
172,49. Annual World Open,2021.07.03,4,"Sinha, Sahil","Niemann, Hans Moke",0-1,8,white,"Sinha, Sahil",cxd5,B,,,,
172,49. Annual World Open,2021.07.03,4,"Sinha, Sahil","Niemann, Hans Moke",0-1,9,black,"Niemann, Hans Moke",exd5,B,,,,
172,49. Annual World Open,2021.07.03,4,"Sinha, Sahil","Niemann, Hans Moke",0-1,10,white,"Sinha, Sahil",Bg5,B,,,,
172,49. Annual World Open,2021.07.03,4,"Sinha, Sahil","Niemann, Hans Moke",0-1,11,black,"Niemann, Hans Moke",h6,B,,,,
172,49. Annual World Open,2021.07.03,4,"Sinha, Sahil","Niemann, Hans Moke",0-1,12,white,"Sinha, Sahil",Bh4,B,,,,
172,49. Annual World Open,2021.07.03,4,"Sinha, Sahil","Niemann, Hans Moke",0-1,13,black,"Niemann, Hans Moke",g5,B,,,,
172,49. Annual World Open,2021.07.03,4,"Sinha, Sahil","Niemann, Hans Moke",0-1,14,white,"Sinha, Sahil",Bg3,B,,,,
172,49. Annual World Open,2021.07.03,4,"Sinha, Sahil","Niemann, Hans Moke",0-1,15,black,"Niemann, Hans Moke",Nc6,1,Nc6,16,16,16
172,49. Annual World Open,2021.07.03,4,"Sinha, Sahil","Niemann, Hans Moke",0-1,16,white,"Sinha, Sahil",e3,1,e3,17,16,17
172,49. Annual World Open,2021.07.03,4,"Sinha, Sahil","Niemann, Hans Moke",0-1,17,black,"Niemann, Hans Moke",h5,1,h5,17,16,17
172,49. Annual World Open,2021.07.03,4,"Sinha, Sahil","Niemann, Hans Moke",0-1,18,white,"Sinha, Sahil",Bb5,1,Bb5,17,16,17
172,49. Annual World Open,2021.07.03,4,"Sinha, Sahil","Niemann, Hans Moke",0-1,19,black,"Niemann, Hans Moke",h4,1,h4,16,15,16
172,49. Annual World Open,2021.07.03,4,"Sinha, Sahil","Niemann, Hans Moke",0-1,20,white,"Sinha, Sahil",Be5,1,Be5,17,16,17
172,49. Annual World Open,2021.07.03,4,"Sinha, Sahil","Niemann, Hans Moke",0-1,21,black,"Niemann, Hans Moke",O-O,1,O-O,16,15,16
172,49. Annual World Open,2021.07.03,4,"Sinha, Sahil","Niemann, Hans Moke",0-1,22,white,"Sinha, Sahil",Bxc6,3,h3,17,16,17
172,49. Annual World Open,2021.07.03,4,"Sinha, Sahil","Niemann, Hans Moke",0-1,23,black,"Niemann, Hans Moke",bxc6,1,bxc6,17,16,17
172,49. Annual World Open,2021.07.03,4,"Sinha, Sahil","Niemann, Hans Moke",0-1,24,white,"Sinha, Sahil",Ne2,2,h3,17,16,17
172,49. Annual World Open,2021.07.03,4,"Sinha, Sahil","Niemann, Hans Moke",0-1,25,black,"Niemann, Hans Moke",Bd6,6,Rb8,17,16,17
172,49. Annual World Open,2021.07.03,4,"Sinha, Sahil","Niemann, Hans Moke",0-1,26,white,"Sinha, Sahil",Na4,4,h3,17,16,17
172,49. Annual World Open,2021.07.03,4,"Sinha, Sahil","Niemann, Hans Moke",0-1,27,black,"Niemann, Hans Moke",Rb8,2,Bb4+,17,16,17
172,49. Annual World Open,2021.07.03,4,"Sinha, Sahil","Niemann, Hans Moke",0-1,28,white,"Sinha, Sahil",Qxc6,1,Qxc6,17,16,17
172,49. Annual World Open,2021.07.03,4,"Sinha, Sahil","Niemann, Hans Moke",0-1,29,black,"Niemann, Hans Moke",Bxe5,4,Bd7,17,16,17
172,49. Annual World Open,2021.07.03,4,"Sinha, Sahil","Niemann, Hans Moke",0-1,30,white,"Sinha, Sahil",dxe5,1,dxe5,17,16,17
172,49. Annual World Open,2021.07.03,4,"Sinha, Sahil","Niemann, Hans Moke",0-1,31,black,"Niemann, Hans Moke",Ng4,1,Ng4,17,16,17
172,49. Annual World Open,2021.07.03,4,"Sinha, Sahil","Niemann, Hans Moke",0-1,32,white,"Sinha, Sahil",Rd1,9,Qc3,16,15,16
172,49. Annual World Open,2021.07.03,4,"Sinha, Sahil","Niemann, Hans Moke",0-1,33,black,"Niemann, Hans Moke",Bd7,1,Bd7,16,16,16
172,49. Annual World Open,2021.07.03,4,"Sinha, Sahil","Niemann, Hans Moke",0-1,34,white,"Sinha, Sahil",Qa6,2,Qc2,17,16,17
172,49. Annual World Open,2021.07.03,4,"Sinha, Sahil","Niemann, Hans Moke",0-1,35,black,"Niemann, Hans Moke",Bb5,1,Bb5,16,15,16
172,49. Annual World Open,2021.07.03,4,"Sinha, Sahil","Niemann, Hans Moke",0-1,36,white,"Sinha, Sahil",Qxa7,2,Qa5,17,16,17
172,49. Annual World Open,2021.07.03,4,"Sinha, Sahil","Niemann, Hans Moke",0-1,37,black,"Niemann, Hans Moke",Ra8,1,Ra8,17,16,17
172,49. Annual World Open,2021.07.03,4,"Sinha, Sahil","Niemann, Hans Moke",0-1,38,white,"Sinha, Sahil",Qc5,1,Qc5,17,16,17
172,49. Annual World Open,2021.07.03,4,"Sinha, Sahil","Niemann, Hans Moke",0-1,39,black,"Niemann, Hans Moke",Bxa4,1,Bxa4,17,16,17
172,49. Annual World Open,2021.07.03,4,"Sinha, Sahil","Niemann, Hans Moke",0-1,40,white,"Sinha, Sahil",Rxd5,4,b3,17,17,17
172,49. Annual World Open,2021.07.03,4,"Sinha, Sahil","Niemann, Hans Moke",0-1,41,black,"Niemann, Hans Moke",Qxd5,1,Qxd5,17,16,17
172,49. Annual World Open,2021.07.03,4,"Sinha, Sahil","Niemann, Hans Moke",0-1,42,white,"Sinha, Sahil",Qxd5,1,Qxd5,15,14,15
172,49. Annual World Open,2021.07.03,4,"Sinha, Sahil","Niemann, Hans Moke",0-1,43,black,"Niemann, Hans Moke",Rfd8,1,Rfd8,15,14,15
172,49. Annual World Open,2021.07.03,4,"Sinha, Sahil","Niemann, Hans Moke",0-1,44,white,"Sinha, Sahil",Qd4,6,Qxa8,18,17,18
172,49. Annual World Open,2021.07.03,4,"Sinha, Sahil","Niemann, Hans Moke",0-1,45,black,"Niemann, Hans Moke",Nxe5,3,c5,18,17,18
172,49. Annual World Open,2021.07.03,4,"Sinha, Sahil","Niemann, Hans Moke",0-1,46,white,"Sinha, Sahil",b3,5,f3,18,17,18
172,49. Annual World Open,2021.07.03,4,"Sinha, Sahil","Niemann, Hans Moke",0-1,47,black,"Niemann, Hans Moke",Rxd4,2,Nd3+,17,16,17
172,49. Annual World Open,2021.07.03,4,"Sinha, Sahil","Niemann, Hans Moke",0-1,48,white,"Sinha, Sahil",exd4,1,exd4,17,17,17
172,49. Annual World Open,2021.07.03,4,"Sinha, Sahil","Niemann, Hans Moke",0-1,49,black,"Niemann, Hans Moke",Nd3+,1,Nd3+,19,18,19
172,49. Annual World Open,2021.07.03,4,"Sinha, Sahil","Niemann, Hans Moke",0-1,50,white,"Sinha, Sahil",Kd2,1,Kd2,20,20,20
172,49. Annual World Open,2021.07.03,4,"Sinha, Sahil","Niemann, Hans Moke",0-1,51,black,"Niemann, Hans Moke",Nxf2,1,Nxf2,20,19,20
172,49. Annual World Open,2021.07.03,4,"Sinha, Sahil","Niemann, Hans Moke",0-1,52,white,"Sinha, Sahil",Rc1,1,Rc1,18,17,18
172,49. Annual World Open,2021.07.03,4,"Sinha, Sahil","Niemann, Hans Moke",0-1,53,black,"Niemann, Hans Moke",Ne4+,4,Bd7,18,17,18
172,49. Annual World Open,2021.07.03,4,"Sinha, Sahil","Niemann, Hans Moke",0-1,54,white,"Sinha, Sahil",Ke3,1,Ke3,20,19,20
172,49. Annual World Open,2021.07.03,4,"Sinha, Sahil","Niemann, Hans Moke",0-1,55,black,"Niemann, Hans Moke",Bb5,1,Bb5,18,17,18
172,49. Annual World Open,2021.07.03,4,"Sinha, Sahil","Niemann, Hans Moke",0-1,56,white,"Sinha, Sahil",a4,1,a4,17,17,17
172,49. Annual World Open,2021.07.03,4,"Sinha, Sahil","Niemann, Hans Moke",0-1,57,black,"Niemann, Hans Moke",Bxe2,1,Bxe2,19,18,19
172,49. Annual World Open,2021.07.03,4,"Sinha, Sahil","Niemann, Hans Moke",0-1,58,white,"Sinha, Sahil",Kxe4,1,Kxe4,18,17,18
172,49. Annual World Open,2021.07.03,4,"Sinha, Sahil","Niemann, Hans Moke",0-1,59,black,"Niemann, Hans Moke",Rb8,1,Rb8,17,16,17
172,49. Annual World Open,2021.07.03,4,"Sinha, Sahil","Niemann, Hans Moke",0-1,60,white,"Sinha, Sahil",Kf5,4,Rxc7,17,16,17
172,49. Annual World Open,2021.07.03,4,"Sinha, Sahil","Niemann, Hans Moke",0-1,61,black,"Niemann, Hans Moke",Rxb3,1,Rxb3,19,19,19
172,49. Annual World Open,2021.07.03,4,"Sinha, Sahil","Niemann, Hans Moke",0-1,62,white,"Sinha, Sahil",Kxg5,9,Rxc7,18,17,18
172,49. Annual World Open,2021.07.03,4,"Sinha, Sahil","Niemann, Hans Moke",0-1,63,black,"Niemann, Hans Moke",Rb4,2,h3,20,20,20
172,49. Annual World Open,2021.07.03,4,"Sinha, Sahil","Niemann, Hans Moke",0-1,64,white,"Sinha, Sahil",Kxh4,1,Kxh4,19,18,19
172,49. Annual World Open,2021.07.03,4,"Sinha, Sahil","Niemann, Hans Moke",0-1,65,black,"Niemann, Hans Moke",Rxd4+,1,Rxd4+,21,20,21
172,49. Annual World Open,2021.07.03,4,"Sinha, Sahil","Niemann, Hans Moke",0-1,66,white,"Sinha, Sahil",Kg3,1,Kg3,22,21,22
172,49. Annual World Open,2021.07.03,4,"Sinha, Sahil","Niemann, Hans Moke",0-1,67,black,"Niemann, Hans Moke",Rc4,>10,Rxa4,19,18,19
172,49. Annual World Open,2021.07.03,4,"Sinha, Sahil","Niemann, Hans Moke",0-1,68,white,"Sinha, Sahil",Re1,3,Rxc4,15,15,15
172,49. Annual World Open,2021.07.03,4,"Sinha, Sahil","Niemann, Hans Moke",0-1,69,black,"Niemann, Hans Moke",Rc2,1,Rc2,19,18,19
172,49. Annual World Open,2021.07.03,4,"Sinha, Sahil","Niemann, Hans Moke",0-1,70,white,"Sinha, Sahil",h4,1,h4,18,17,18
172,49. Annual World Open,2021.07.03,4,"Sinha, Sahil","Niemann, Hans Moke",0-1,71,black,"Niemann, Hans Moke",c5,2,Kg7,18,18,18
172,49. Annual World Open,2021.07.03,4,"Sinha, Sahil","Niemann, Hans Moke",0-1,72,white,"Sinha, Sahil",a5,5,Ra1,18,17,18
172,49. Annual World Open,2021.07.03,4,"Sinha, Sahil","Niemann, Hans Moke",0-1,73,black,"Niemann, Hans Moke",Ra2,1,Ra2,19,18,19
172,49. Annual World Open,2021.07.03,4,"Sinha, Sahil","Niemann, Hans Moke",0-1,74,white,"Sinha, Sahil",Kf4,1,Kf4,18,17,18
172,49. Annual World Open,2021.07.03,4,"Sinha, Sahil","Niemann, Hans Moke",0-1,75,black,"Niemann, Hans Moke",Bd3,5,Ra4+,18,17,18
172,49. Annual World Open,2021.07.03,4,"Sinha, Sahil","Niemann, Hans Moke",0-1,76,white,"Sinha, Sahil",Re5,2,Re8+,17,16,17
172,49. Annual World Open,2021.07.03,4,"Sinha, Sahil","Niemann, Hans Moke",0-1,77,black,"Niemann, Hans Moke",Rxa5,1,Rxa5,18,17,18
172,49. Annual World Open,2021.07.03,4,"Sinha, Sahil","Niemann, Hans Moke",0-1,78,white,"Sinha, Sahil",Ke3,5,Rg5+,18,17,18
172,49. Annual World Open,2021.07.03,4,"Sinha, Sahil","Niemann, Hans Moke",0-1,79,black,"Niemann, Hans Moke",Bh7,2,Bc4,18,17,18
172,49. Annual World Open,2021.07.03,4,"Sinha, Sahil","Niemann, Hans Moke",0-1,80,white,"Sinha, Sahil",Rg5+,1,Rg5+,18,17,18
172,49. Annual World Open,2021.07.03,4,"Sinha, Sahil","Niemann, Hans Moke",0-1,81,black,"Niemann, Hans Moke",Kf8,1,Kf8,23,23,23
172,49. Annual World Open,2021.07.03,4,"Sinha, Sahil","Niemann, Hans Moke",0-1,82,white,"Sinha, Sahil",h5,10,Rh5,18,18,18
172,49. Annual World Open,2021.07.03,4,"Sinha, Sahil","Niemann, Hans Moke",0-1,83,black,"Niemann, Hans Moke",Ra3+,1,Ra3+,18,17,18
172,49. Annual World Open,2021.07.03,4,"Sinha, Sahil","Niemann, Hans Moke",0-1,84,white,"Sinha, Sahil",Ke2,2,Kf4,19,19,19
172,49. Annual World Open,2021.07.03,4,"Sinha, Sahil","Niemann, Hans Moke",0-1,85,black,"Niemann, Hans Moke",c4,1,c4,18,17,18
172,49. Annual World Open,2021.07.03,4,"Sinha, Sahil","Niemann, Hans Moke",0-1,86,white,"Sinha, Sahil",Rc5,1,Rc5,18,17,18
172,49. Annual World Open,2021.07.03,4,"Sinha, Sahil","Niemann, Hans Moke",0-1,87,black,"Niemann, Hans Moke",c3,1,c3,17,16,17
172,49. Annual World Open,2021.07.03,4,"Sinha, Sahil","Niemann, Hans Moke",0-1,88,white,"Sinha, Sahil",g4,1,g4,17,16,17
172,49. Annual World Open,2021.07.03,4,"Sinha, Sahil","Niemann, Hans Moke",0-1,89,black,"Niemann, Hans Moke",c2,2,Ra2+,17,16,17
172,49. Annual World Open,2021.07.03,4,"Sinha, Sahil","Niemann, Hans Moke",0-1,90,white,"Sinha, Sahil",g5,1,g5,19,19,19
172,49. Annual World Open,2021.07.03,4,"Sinha, Sahil","Niemann, Hans Moke",0-1,91,black,"Niemann, Hans Moke",Bd3+,2,Ra1,19,18,19
172,49. Annual World Open,2021.07.03,4,"Sinha, Sahil","Niemann, Hans Moke",0-1,92,white,"Sinha, Sahil",Kd2,3,Ke3,23,22,23
172,49. Annual World Open,2021.07.03,4,"Sinha, Sahil","Niemann, Hans Moke",0-1,93,black,"Niemann, Hans Moke",Ra1,1,Ra1,20,19,20
172,49. Annual World Open,2021.07.03,4,"Sinha, Sahil","Niemann, Hans Moke",0-1,94,white,"Sinha, Sahil",Rc8+,1,Rc8+,20,19,20
172,49. Annual World Open,2021.07.03,4,"Sinha, Sahil","Niemann, Hans Moke",0-1,95,black,"Niemann, Hans Moke",Kg7,1,Kg7,25,24,25
172,49. Annual World Open,2021.07.03,4,"Sinha, Sahil","Niemann, Hans Moke",0-1,96,white,"Sinha, Sahil",h6+,4,Rc6,23,22,23
172,49. Annual World Open,2021.07.03,4,"Sinha, Sahil","Niemann, Hans Moke",0-1,97,black,"Niemann, Hans Moke",Kh7,1,Kh7,27,27,27
172,49. Annual World Open,2021.07.03,4,"Sinha, Sahil","Niemann, Hans Moke",0-1,98,white,"Sinha, Sahil",Rc7,4,Kxd3,26,26,26
172,49. Annual World Open,2021.07.03,4,"Sinha, Sahil","Niemann, Hans Moke",0-1,99,black,"Niemann, Hans Moke",Rd1+,4,Rf1,19,18,19
173,49. Annual World Open,2021.07.03,5,"Niemann, Hans Moke","Liang, Jason",1-0,0,white,"Niemann, Hans Moke",d4,B,,,,
173,49. Annual World Open,2021.07.03,5,"Niemann, Hans Moke","Liang, Jason",1-0,1,black,"Liang, Jason",d5,B,,,,
173,49. Annual World Open,2021.07.03,5,"Niemann, Hans Moke","Liang, Jason",1-0,2,white,"Niemann, Hans Moke",c4,B,,,,
173,49. Annual World Open,2021.07.03,5,"Niemann, Hans Moke","Liang, Jason",1-0,3,black,"Liang, Jason",c6,B,,,,
173,49. Annual World Open,2021.07.03,5,"Niemann, Hans Moke","Liang, Jason",1-0,4,white,"Niemann, Hans Moke",Nf3,B,,,,
173,49. Annual World Open,2021.07.03,5,"Niemann, Hans Moke","Liang, Jason",1-0,5,black,"Liang, Jason",Nf6,B,,,,
173,49. Annual World Open,2021.07.03,5,"Niemann, Hans Moke","Liang, Jason",1-0,6,white,"Niemann, Hans Moke",Nc3,B,,,,
173,49. Annual World Open,2021.07.03,5,"Niemann, Hans Moke","Liang, Jason",1-0,7,black,"Liang, Jason",e6,B,,,,
173,49. Annual World Open,2021.07.03,5,"Niemann, Hans Moke","Liang, Jason",1-0,8,white,"Niemann, Hans Moke",Bg5,B,,,,
173,49. Annual World Open,2021.07.03,5,"Niemann, Hans Moke","Liang, Jason",1-0,9,black,"Liang, Jason",Nbd7,B,,,,
173,49. Annual World Open,2021.07.03,5,"Niemann, Hans Moke","Liang, Jason",1-0,10,white,"Niemann, Hans Moke",e3,B,,,,
173,49. Annual World Open,2021.07.03,5,"Niemann, Hans Moke","Liang, Jason",1-0,11,black,"Liang, Jason",Qa5,B,,,,
173,49. Annual World Open,2021.07.03,5,"Niemann, Hans Moke","Liang, Jason",1-0,12,white,"Niemann, Hans Moke",cxd5,B,,,,
173,49. Annual World Open,2021.07.03,5,"Niemann, Hans Moke","Liang, Jason",1-0,13,black,"Liang, Jason",Nxd5,B,,,,
173,49. Annual World Open,2021.07.03,5,"Niemann, Hans Moke","Liang, Jason",1-0,14,white,"Niemann, Hans Moke",Rc1,B,,,,
173,49. Annual World Open,2021.07.03,5,"Niemann, Hans Moke","Liang, Jason",1-0,15,black,"Liang, Jason",Nxc3,B,,,,
173,49. Annual World Open,2021.07.03,5,"Niemann, Hans Moke","Liang, Jason",1-0,16,white,"Niemann, Hans Moke",bxc3,B,,,,
173,49. Annual World Open,2021.07.03,5,"Niemann, Hans Moke","Liang, Jason",1-0,17,black,"Liang, Jason",Ba3,B,,,,
173,49. Annual World Open,2021.07.03,5,"Niemann, Hans Moke","Liang, Jason",1-0,18,white,"Niemann, Hans Moke",Rc2,B,,,,
173,49. Annual World Open,2021.07.03,5,"Niemann, Hans Moke","Liang, Jason",1-0,19,black,"Liang, Jason",b6,B,,,,
173,49. Annual World Open,2021.07.03,5,"Niemann, Hans Moke","Liang, Jason",1-0,20,white,"Niemann, Hans Moke",Bd3,2,h4,17,16,17
173,49. Annual World Open,2021.07.03,5,"Niemann, Hans Moke","Liang, Jason",1-0,21,black,"Liang, Jason",Ba6,1,Ba6,17,16,17
173,49. Annual World Open,2021.07.03,5,"Niemann, Hans Moke","Liang, Jason",1-0,22,white,"Niemann, Hans Moke",O-O,1,O-O,18,18,18
173,49. Annual World Open,2021.07.03,5,"Niemann, Hans Moke","Liang, Jason",1-0,23,black,"Liang, Jason",Bxd3,1,Bxd3,17,16,17
173,49. Annual World Open,2021.07.03,5,"Niemann, Hans Moke","Liang, Jason",1-0,24,white,"Niemann, Hans Moke",Qxd3,1,Qxd3,17,16,17
173,49. Annual World Open,2021.07.03,5,"Niemann, Hans Moke","Liang, Jason",1-0,25,black,"Liang, Jason",O-O,2,h6,17,16,17
173,49. Annual World Open,2021.07.03,5,"Niemann, Hans Moke","Liang, Jason",1-0,26,white,"Niemann, Hans Moke",c4,2,Bh4,16,15,16
173,49. Annual World Open,2021.07.03,5,"Niemann, Hans Moke","Liang, Jason",1-0,27,black,"Liang, Jason",Rfe8,2,h6,17,16,17
173,49. Annual World Open,2021.07.03,5,"Niemann, Hans Moke","Liang, Jason",1-0,28,white,"Niemann, Hans Moke",Bf4,4,Bh4,17,17,17
173,49. Annual World Open,2021.07.03,5,"Niemann, Hans Moke","Liang, Jason",1-0,29,black,"Liang, Jason",Bf8,2,Rad8,17,16,17
173,49. Annual World Open,2021.07.03,5,"Niemann, Hans Moke","Liang, Jason",1-0,30,white,"Niemann, Hans Moke",Rd1,1,Rd1,18,17,18
173,49. Annual World Open,2021.07.03,5,"Niemann, Hans Moke","Liang, Jason",1-0,31,black,"Liang, Jason",g6,>10,c5,17,16,17
173,49. Annual World Open,2021.07.03,5,"Niemann, Hans Moke","Liang, Jason",1-0,32,white,"Niemann, Hans Moke",Ne5,10,e4,16,15,16
173,49. Annual World Open,2021.07.03,5,"Niemann, Hans Moke","Liang, Jason",1-0,33,black,"Liang, Jason",Nxe5,1,Nxe5,18,17,18
173,49. Annual World Open,2021.07.03,5,"Niemann, Hans Moke","Liang, Jason",1-0,34,white,"Niemann, Hans Moke",Bxe5,1,Bxe5,18,17,18
173,49. Annual World Open,2021.07.03,5,"Niemann, Hans Moke","Liang, Jason",1-0,35,black,"Liang, Jason",c5,1,c5,17,16,17
173,49. Annual World Open,2021.07.03,5,"Niemann, Hans Moke","Liang, Jason",1-0,36,white,"Niemann, Hans Moke",d5,>10,g3,18,17,18
173,49. Annual World Open,2021.07.03,5,"Niemann, Hans Moke","Liang, Jason",1-0,37,black,"Liang, Jason",exd5,1,exd5,18,17,18
173,49. Annual World Open,2021.07.03,5,"Niemann, Hans Moke","Liang, Jason",1-0,38,white,"Niemann, Hans Moke",Bc3,1,Bc3,18,18,18
173,49. Annual World Open,2021.07.03,5,"Niemann, Hans Moke","Liang, Jason",1-0,39,black,"Liang, Jason",Qa4,1,Qa4,18,17,18
173,49. Annual World Open,2021.07.03,5,"Niemann, Hans Moke","Liang, Jason",1-0,40,white,"Niemann, Hans Moke",cxd5,1,cxd5,18,17,18
173,49. Annual World Open,2021.07.03,5,"Niemann, Hans Moke","Liang, Jason",1-0,41,black,"Liang, Jason",Rad8,4,Rac8,16,15,16
173,49. Annual World Open,2021.07.03,5,"Niemann, Hans Moke","Liang, Jason",1-0,42,white,"Niemann, Hans Moke",Rcd2,4,Re2,17,16,17
173,49. Annual World Open,2021.07.03,5,"Niemann, Hans Moke","Liang, Jason",1-0,43,black,"Liang, Jason",Qe4,>10,Bd6,16,15,16
173,49. Annual World Open,2021.07.03,5,"Niemann, Hans Moke","Liang, Jason",1-0,44,white,"Niemann, Hans Moke",Qb5,2,Qa6,17,16,17
173,49. Annual World Open,2021.07.03,5,"Niemann, Hans Moke","Liang, Jason",1-0,45,black,"Liang, Jason",Rd6,3,Bd6,17,16,17
173,49. Annual World Open,2021.07.03,5,"Niemann, Hans Moke","Liang, Jason",1-0,46,white,"Niemann, Hans Moke",Rd3,3,h3,18,17,18
173,49. Annual World Open,2021.07.03,5,"Niemann, Hans Moke","Liang, Jason",1-0,47,black,"Liang, Jason",Bg7,5,Rc8,18,17,18
173,49. Annual World Open,2021.07.03,5,"Niemann, Hans Moke","Liang, Jason",1-0,48,white,"Niemann, Hans Moke",f3,1,f3,18,17,18
173,49. Annual World Open,2021.07.03,5,"Niemann, Hans Moke","Liang, Jason",1-0,49,black,"Liang, Jason",Qe7,1,Qe7,16,15,16
173,49. Annual World Open,2021.07.03,5,"Niemann, Hans Moke","Liang, Jason",1-0,50,white,"Niemann, Hans Moke",e4,1,e4,18,17,18
173,49. Annual World Open,2021.07.03,5,"Niemann, Hans Moke","Liang, Jason",1-0,51,black,"Liang, Jason",Bxc3,2,g5,18,18,18
173,49. Annual World Open,2021.07.03,5,"Niemann, Hans Moke","Liang, Jason",1-0,52,white,"Niemann, Hans Moke",Rxc3,1,Rxc3,17,16,17
173,49. Annual World Open,2021.07.03,5,"Niemann, Hans Moke","Liang, Jason",1-0,53,black,"Liang, Jason",Qe5,4,Red8,17,17,17
173,49. Annual World Open,2021.07.03,5,"Niemann, Hans Moke","Liang, Jason",1-0,54,white,"Niemann, Hans Moke",Re3,3,a4,18,17,18
173,49. Annual World Open,2021.07.03,5,"Niemann, Hans Moke","Liang, Jason",1-0,55,black,"Liang, Jason",Red8,3,g5,18,17,18
173,49. Annual World Open,2021.07.03,5,"Niemann, Hans Moke","Liang, Jason",1-0,56,white,"Niemann, Hans Moke",Qe2,10,Qc4,19,19,19
173,49. Annual World Open,2021.07.03,5,"Niemann, Hans Moke","Liang, Jason",1-0,57,black,"Liang, Jason",g5,2,b5,17,16,17
173,49. Annual World Open,2021.07.03,5,"Niemann, Hans Moke","Liang, Jason",1-0,58,white,"Niemann, Hans Moke",g3,>10,Qf2,16,15,16
173,49. Annual World Open,2021.07.03,5,"Niemann, Hans Moke","Liang, Jason",1-0,59,black,"Liang, Jason",Kh8,6,b5,16,15,16
173,49. Annual World Open,2021.07.03,5,"Niemann, Hans Moke","Liang, Jason",1-0,60,white,"Niemann, Hans Moke",Kh1,6,a4,16,15,16
173,49. Annual World Open,2021.07.03,5,"Niemann, Hans Moke","Liang, Jason",1-0,61,black,"Liang, Jason",Rf6,2,b5,17,16,17
173,49. Annual World Open,2021.07.03,5,"Niemann, Hans Moke","Liang, Jason",1-0,62,white,"Niemann, Hans Moke",Rf1,>10,Kg2,17,16,17
173,49. Annual World Open,2021.07.03,5,"Niemann, Hans Moke","Liang, Jason",1-0,63,black,"Liang, Jason",Re8,3,b5,17,16,17
173,49. Annual World Open,2021.07.03,5,"Niemann, Hans Moke","Liang, Jason",1-0,64,white,"Niemann, Hans Moke",a4,3,Qf2,17,16,17
173,49. Annual World Open,2021.07.03,5,"Niemann, Hans Moke","Liang, Jason",1-0,65,black,"Liang, Jason",Re7,>10,h5,18,17,18
173,49. Annual World Open,2021.07.03,5,"Niemann, Hans Moke","Liang, Jason",1-0,66,white,"Niemann, Hans Moke",Qd2,5,Qd1,18,17,18
173,49. Annual World Open,2021.07.03,5,"Niemann, Hans Moke","Liang, Jason",1-0,67,black,"Liang, Jason",Rd6,3,Re8,17,17,17
173,49. Annual World Open,2021.07.03,5,"Niemann, Hans Moke","Liang, Jason",1-0,68,white,"Niemann, Hans Moke",Ree1,3,Rfe1,18,17,18
173,49. Annual World Open,2021.07.03,5,"Niemann, Hans Moke","Liang, Jason",1-0,69,black,"Liang, Jason",Rd8,1,Rd8,17,17,17
173,49. Annual World Open,2021.07.03,5,"Niemann, Hans Moke","Liang, Jason",1-0,70,white,"Niemann, Hans Moke",Qg2,10,Qf2,17,16,17
173,49. Annual World Open,2021.07.03,5,"Niemann, Hans Moke","Liang, Jason",1-0,71,black,"Liang, Jason",Qc3,2,Qd4,18,17,18
173,49. Annual World Open,2021.07.03,5,"Niemann, Hans Moke","Liang, Jason",1-0,72,white,"Niemann, Hans Moke",f4,>10,Rd1,17,16,17
173,49. Annual World Open,2021.07.03,5,"Niemann, Hans Moke","Liang, Jason",1-0,73,black,"Liang, Jason",gxf4,1,gxf4,17,16,17
173,49. Annual World Open,2021.07.03,5,"Niemann, Hans Moke","Liang, Jason",1-0,74,white,"Niemann, Hans Moke",gxf4,1,gxf4,18,17,18
173,49. Annual World Open,2021.07.03,5,"Niemann, Hans Moke","Liang, Jason",1-0,75,black,"Liang, Jason",Rg8,4,Qd4,17,17,17
173,49. Annual World Open,2021.07.03,5,"Niemann, Hans Moke","Liang, Jason",1-0,76,white,"Niemann, Hans Moke",Qf3,3,Qe2,18,17,18
173,49. Annual World Open,2021.07.03,5,"Niemann, Hans Moke","Liang, Jason",1-0,77,black,"Liang, Jason",Qxf3+,1,Qxf3+,16,15,16
173,49. Annual World Open,2021.07.03,5,"Niemann, Hans Moke","Liang, Jason",1-0,78,white,"Niemann, Hans Moke",Rxf3,1,Rxf3,26,26,26
173,49. Annual World Open,2021.07.03,5,"Niemann, Hans Moke","Liang, Jason",1-0,79,black,"Liang, Jason",Rd8,1,Rd8,17,17,17
173,49. Annual World Open,2021.07.03,5,"Niemann, Hans Moke","Liang, Jason",1-0,80,white,"Niemann, Hans Moke",Rd3,1,Rd3,18,17,18
173,49. Annual World Open,2021.07.03,5,"Niemann, Hans Moke","Liang, Jason",1-0,81,black,"Liang, Jason",c4,3,Red7,18,18,18
173,49. Annual World Open,2021.07.03,5,"Niemann, Hans Moke","Liang, Jason",1-0,82,white,"Niemann, Hans Moke",Rd4,1,Rd4,19,18,19
173,49. Annual World Open,2021.07.03,5,"Niemann, Hans Moke","Liang, Jason",1-0,83,black,"Liang, Jason",Rc7,1,Rc7,18,17,18
173,49. Annual World Open,2021.07.03,5,"Niemann, Hans Moke","Liang, Jason",1-0,84,white,"Niemann, Hans Moke",d6,2,e5,20,19,20
173,49. Annual World Open,2021.07.03,5,"Niemann, Hans Moke","Liang, Jason",1-0,85,black,"Liang, Jason",Rc5,1,Rc5,16,16,16
173,49. Annual World Open,2021.07.03,5,"Niemann, Hans Moke","Liang, Jason",1-0,86,white,"Niemann, Hans Moke",e5,1,e5,19,18,19
173,49. Annual World Open,2021.07.03,5,"Niemann, Hans Moke","Liang, Jason",1-0,87,black,"Liang, Jason",c3,1,c3,17,16,17
173,49. Annual World Open,2021.07.03,5,"Niemann, Hans Moke","Liang, Jason",1-0,88,white,"Niemann, Hans Moke",Kg2,1,Kg2,20,20,20
173,49. Annual World Open,2021.07.03,5,"Niemann, Hans Moke","Liang, Jason",1-0,89,black,"Liang, Jason",c2,1,c2,18,17,18
173,49. Annual World Open,2021.07.03,5,"Niemann, Hans Moke","Liang, Jason",1-0,90,white,"Niemann, Hans Moke",Rc1,1,Rc1,18,17,18
173,49. Annual World Open,2021.07.03,5,"Niemann, Hans Moke","Liang, Jason",1-0,91,black,"Liang, Jason",Kg7,1,Kg7,18,17,18
173,49. Annual World Open,2021.07.03,5,"Niemann, Hans Moke","Liang, Jason",1-0,92,white,"Niemann, Hans Moke",Kf3,1,Kf3,20,19,20
173,49. Annual World Open,2021.07.03,5,"Niemann, Hans Moke","Liang, Jason",1-0,93,black,"Liang, Jason",Kf8,>10,Rc3+,19,19,19
173,49. Annual World Open,2021.07.03,5,"Niemann, Hans Moke","Liang, Jason",1-0,94,white,"Niemann, Hans Moke",Ke4,1,Ke4,18,17,18
173,49. Annual World Open,2021.07.03,5,"Niemann, Hans Moke","Liang, Jason",1-0,95,black,"Liang, Jason",Re8,8,Kg7,16,15,16
173,49. Annual World Open,2021.07.03,5,"Niemann, Hans Moke","Liang, Jason",1-0,96,white,"Niemann, Hans Moke",Kf5,1,Kf5,18,17,18
173,49. Annual World Open,2021.07.03,5,"Niemann, Hans Moke","Liang, Jason",1-0,97,black,"Liang, Jason",a6,2,Rec8,16,16,16
173,49. Annual World Open,2021.07.03,5,"Niemann, Hans Moke","Liang, Jason",1-0,98,white,"Niemann, Hans Moke",Rd2,1,Rd2,19,18,19
173,49. Annual World Open,2021.07.03,5,"Niemann, Hans Moke","Liang, Jason",1-0,99,black,"Liang, Jason",Rec8,1,Rec8,16,15,16
173,49. Annual World Open,2021.07.03,5,"Niemann, Hans Moke","Liang, Jason",1-0,100,white,"Niemann, Hans Moke",Kf6,1,Kf6,19,18,19
173,49. Annual World Open,2021.07.03,5,"Niemann, Hans Moke","Liang, Jason",1-0,101,black,"Liang, Jason",Rc3,6,R8c6,16,15,16
173,49. Annual World Open,2021.07.03,5,"Niemann, Hans Moke","Liang, Jason",1-0,102,white,"Niemann, Hans Moke",f5,5,d7,18,17,18
173,49. Annual World Open,2021.07.03,5,"Niemann, Hans Moke","Liang, Jason",1-0,103,black,"Liang, Jason",R8c6,1,R8c6,16,15,16
173,49. Annual World Open,2021.07.03,5,"Niemann, Hans Moke","Liang, Jason",1-0,104,white,"Niemann, Hans Moke",Rg2,4,e6,17,16,17
173,49. Annual World Open,2021.07.03,5,"Niemann, Hans Moke","Liang, Jason",1-0,105,black,"Liang, Jason",b5,7,Ke8,16,16,16
173,49. Annual World Open,2021.07.03,5,"Niemann, Hans Moke","Liang, Jason",1-0,106,white,"Niemann, Hans Moke",axb5,2,Rg7,18,17,18
173,49. Annual World Open,2021.07.03,5,"Niemann, Hans Moke","Liang, Jason",1-0,107,black,"Liang, Jason",axb5,1,axb5,19,18,19
173,49. Annual World Open,2021.07.03,5,"Niemann, Hans Moke","Liang, Jason",1-0,108,white,"Niemann, Hans Moke",Rg7,1,Rg7,18,18,18
173,49. Annual World Open,2021.07.03,5,"Niemann, Hans Moke","Liang, Jason",1-0,109,black,"Liang, Jason",b4,>10,Rf3,24,23,24
173,49. Annual World Open,2021.07.03,5,"Niemann, Hans Moke","Liang, Jason",1-0,110,white,"Niemann, Hans Moke",Rxf7+,1,Rxf7+,19,18,19
173,49. Annual World Open,2021.07.03,5,"Niemann, Hans Moke","Liang, Jason",1-0,111,black,"Liang, Jason",Ke8,1,Ke8,245,245,245
173,49. Annual World Open,2021.07.03,5,"Niemann, Hans Moke","Liang, Jason",1-0,112,white,"Niemann, Hans Moke",Rg1,1,Rg1,19,19,19
174,49. Annual World Open,2021.07.04,7.1,"Niemann, Hans Moke","Gledura, Benjamin",1-0,0,white,"Niemann, Hans Moke",d4,B,,,,
174,49. Annual World Open,2021.07.04,7.1,"Niemann, Hans Moke","Gledura, Benjamin",1-0,1,black,"Gledura, Benjamin",Nf6,B,,,,
174,49. Annual World Open,2021.07.04,7.1,"Niemann, Hans Moke","Gledura, Benjamin",1-0,2,white,"Niemann, Hans Moke",c4,B,,,,
174,49. Annual World Open,2021.07.04,7.1,"Niemann, Hans Moke","Gledura, Benjamin",1-0,3,black,"Gledura, Benjamin",g6,B,,,,
174,49. Annual World Open,2021.07.04,7.1,"Niemann, Hans Moke","Gledura, Benjamin",1-0,4,white,"Niemann, Hans Moke",f3,B,,,,
174,49. Annual World Open,2021.07.04,7.1,"Niemann, Hans Moke","Gledura, Benjamin",1-0,5,black,"Gledura, Benjamin",d5,B,,,,
174,49. Annual World Open,2021.07.04,7.1,"Niemann, Hans Moke","Gledura, Benjamin",1-0,6,white,"Niemann, Hans Moke",cxd5,B,,,,
174,49. Annual World Open,2021.07.04,7.1,"Niemann, Hans Moke","Gledura, Benjamin",1-0,7,black,"Gledura, Benjamin",Nxd5,B,,,,
174,49. Annual World Open,2021.07.04,7.1,"Niemann, Hans Moke","Gledura, Benjamin",1-0,8,white,"Niemann, Hans Moke",e4,B,,,,
174,49. Annual World Open,2021.07.04,7.1,"Niemann, Hans Moke","Gledura, Benjamin",1-0,9,black,"Gledura, Benjamin",Nb6,B,,,,
174,49. Annual World Open,2021.07.04,7.1,"Niemann, Hans Moke","Gledura, Benjamin",1-0,10,white,"Niemann, Hans Moke",Nc3,B,,,,
174,49. Annual World Open,2021.07.04,7.1,"Niemann, Hans Moke","Gledura, Benjamin",1-0,11,black,"Gledura, Benjamin",Bg7,B,,,,
174,49. Annual World Open,2021.07.04,7.1,"Niemann, Hans Moke","Gledura, Benjamin",1-0,12,white,"Niemann, Hans Moke",Be3,B,,,,
174,49. Annual World Open,2021.07.04,7.1,"Niemann, Hans Moke","Gledura, Benjamin",1-0,13,black,"Gledura, Benjamin",O-O,B,,,,
174,49. Annual World Open,2021.07.04,7.1,"Niemann, Hans Moke","Gledura, Benjamin",1-0,14,white,"Niemann, Hans Moke",Qd2,B,,,,
174,49. Annual World Open,2021.07.04,7.1,"Niemann, Hans Moke","Gledura, Benjamin",1-0,15,black,"Gledura, Benjamin",Nc6,B,,,,
174,49. Annual World Open,2021.07.04,7.1,"Niemann, Hans Moke","Gledura, Benjamin",1-0,16,white,"Niemann, Hans Moke",O-O-O,B,,,,
174,49. Annual World Open,2021.07.04,7.1,"Niemann, Hans Moke","Gledura, Benjamin",1-0,17,black,"Gledura, Benjamin",f5,B,,,,
174,49. Annual World Open,2021.07.04,7.1,"Niemann, Hans Moke","Gledura, Benjamin",1-0,18,white,"Niemann, Hans Moke",e5,B,,,,
174,49. Annual World Open,2021.07.04,7.1,"Niemann, Hans Moke","Gledura, Benjamin",1-0,19,black,"Gledura, Benjamin",f4,2,Nb4,17,16,17
174,49. Annual World Open,2021.07.04,7.1,"Niemann, Hans Moke","Gledura, Benjamin",1-0,20,white,"Niemann, Hans Moke",Bxf4,1,Bxf4,17,16,17
174,49. Annual World Open,2021.07.04,7.1,"Niemann, Hans Moke","Gledura, Benjamin",1-0,21,black,"Gledura, Benjamin",Be6,2,Nb4,16,15,16
174,49. Annual World Open,2021.07.04,7.1,"Niemann, Hans Moke","Gledura, Benjamin",1-0,22,white,"Niemann, Hans Moke",Be3,4,Bg5,16,15,16
174,49. Annual World Open,2021.07.04,7.1,"Niemann, Hans Moke","Gledura, Benjamin",1-0,23,black,"Gledura, Benjamin",Nb4,1,Nb4,16,15,16
174,49. Annual World Open,2021.07.04,7.1,"Niemann, Hans Moke","Gledura, Benjamin",1-0,24,white,"Niemann, Hans Moke",a3,1,a3,16,15,16
174,49. Annual World Open,2021.07.04,7.1,"Niemann, Hans Moke","Gledura, Benjamin",1-0,25,black,"Gledura, Benjamin",Na2+,2,N4d5,16,15,16
174,49. Annual World Open,2021.07.04,7.1,"Niemann, Hans Moke","Gledura, Benjamin",1-0,26,white,"Niemann, Hans Moke",Nxa2,1,Nxa2,19,18,19
174,49. Annual World Open,2021.07.04,7.1,"Niemann, Hans Moke","Gledura, Benjamin",1-0,27,black,"Gledura, Benjamin",Bxa2,1,Bxa2,17,16,17
174,49. Annual World Open,2021.07.04,7.1,"Niemann, Hans Moke","Gledura, Benjamin",1-0,28,white,"Niemann, Hans Moke",Bd3,2,Ne2,16,16,16
174,49. Annual World Open,2021.07.04,7.1,"Niemann, Hans Moke","Gledura, Benjamin",1-0,29,black,"Gledura, Benjamin",c5,7,Rc8,16,16,16
174,49. Annual World Open,2021.07.04,7.1,"Niemann, Hans Moke","Gledura, Benjamin",1-0,30,white,"Niemann, Hans Moke",dxc5,1,dxc5,16,16,16
174,49. Annual World Open,2021.07.04,7.1,"Niemann, Hans Moke","Gledura, Benjamin",1-0,31,black,"Gledura, Benjamin",Bxe5,>10,Qd5,16,15,16
174,49. Annual World Open,2021.07.04,7.1,"Niemann, Hans Moke","Gledura, Benjamin",1-0,32,white,"Niemann, Hans Moke",cxb6,1,cxb6,16,15,16
174,49. Annual World Open,2021.07.04,7.1,"Niemann, Hans Moke","Gledura, Benjamin",1-0,33,black,"Gledura, Benjamin",Rc8+,5,Qd5,15,14,15
174,49. Annual World Open,2021.07.04,7.1,"Niemann, Hans Moke","Gledura, Benjamin",1-0,34,white,"Niemann, Hans Moke",Bc2,1,Bc2,19,18,19
174,49. Annual World Open,2021.07.04,7.1,"Niemann, Hans Moke","Gledura, Benjamin",1-0,35,black,"Gledura, Benjamin",Bb3,6,Qe8,17,16,17
174,49. Annual World Open,2021.07.04,7.1,"Niemann, Hans Moke","Gledura, Benjamin",1-0,36,white,"Niemann, Hans Moke",Ne2,1,Ne2,18,17,18
174,49. Annual World Open,2021.07.04,7.1,"Niemann, Hans Moke","Gledura, Benjamin",1-0,37,black,"Gledura, Benjamin",Qd6,4,axb6,18,17,18
174,49. Annual World Open,2021.07.04,7.1,"Niemann, Hans Moke","Gledura, Benjamin",1-0,38,white,"Niemann, Hans Moke",Nc3,1,Nc3,19,18,19
174,49. Annual World Open,2021.07.04,7.1,"Niemann, Hans Moke","Gledura, Benjamin",1-0,39,black,"Gledura, Benjamin",Rxc3,9,Qe6,17,16,17
174,49. Annual World Open,2021.07.04,7.1,"Niemann, Hans Moke","Gledura, Benjamin",1-0,40,white,"Niemann, Hans Moke",Qxc3,1,Qxc3,18,17,18
175,49. Annual World Open TB,2021.07.05,1,"Burke, John M","Niemann, Hans Moke",0-1,0,white,"Burke, John M",e4,B,,,,
175,49. Annual World Open TB,2021.07.05,1,"Burke, John M","Niemann, Hans Moke",0-1,1,black,"Niemann, Hans Moke",e5,B,,,,
175,49. Annual World Open TB,2021.07.05,1,"Burke, John M","Niemann, Hans Moke",0-1,2,white,"Burke, John M",Nf3,B,,,,
175,49. Annual World Open TB,2021.07.05,1,"Burke, John M","Niemann, Hans Moke",0-1,3,black,"Niemann, Hans Moke",Nc6,B,,,,
175,49. Annual World Open TB,2021.07.05,1,"Burke, John M","Niemann, Hans Moke",0-1,4,white,"Burke, John M",Bc4,B,,,,
175,49. Annual World Open TB,2021.07.05,1,"Burke, John M","Niemann, Hans Moke",0-1,5,black,"Niemann, Hans Moke",Nf6,B,,,,
175,49. Annual World Open TB,2021.07.05,1,"Burke, John M","Niemann, Hans Moke",0-1,6,white,"Burke, John M",d3,B,,,,
175,49. Annual World Open TB,2021.07.05,1,"Burke, John M","Niemann, Hans Moke",0-1,7,black,"Niemann, Hans Moke",h6,B,,,,
175,49. Annual World Open TB,2021.07.05,1,"Burke, John M","Niemann, Hans Moke",0-1,8,white,"Burke, John M",c3,B,,,,
175,49. Annual World Open TB,2021.07.05,1,"Burke, John M","Niemann, Hans Moke",0-1,9,black,"Niemann, Hans Moke",d6,B,,,,
175,49. Annual World Open TB,2021.07.05,1,"Burke, John M","Niemann, Hans Moke",0-1,10,white,"Burke, John M",Nbd2,B,,,,
175,49. Annual World Open TB,2021.07.05,1,"Burke, John M","Niemann, Hans Moke",0-1,11,black,"Niemann, Hans Moke",g6,B,,,,
175,49. Annual World Open TB,2021.07.05,1,"Burke, John M","Niemann, Hans Moke",0-1,12,white,"Burke, John M",O-O,B,,,,
175,49. Annual World Open TB,2021.07.05,1,"Burke, John M","Niemann, Hans Moke",0-1,13,black,"Niemann, Hans Moke",Bg7,B,,,,
175,49. Annual World Open TB,2021.07.05,1,"Burke, John M","Niemann, Hans Moke",0-1,14,white,"Burke, John M",h3,1,h3,18,17,18
175,49. Annual World Open TB,2021.07.05,1,"Burke, John M","Niemann, Hans Moke",0-1,15,black,"Niemann, Hans Moke",O-O,1,O-O,18,17,18
175,49. Annual World Open TB,2021.07.05,1,"Burke, John M","Niemann, Hans Moke",0-1,16,white,"Burke, John M",Bb3,2,a4,18,17,18
175,49. Annual World Open TB,2021.07.05,1,"Burke, John M","Niemann, Hans Moke",0-1,17,black,"Niemann, Hans Moke",d5,10,b6,18,17,18
175,49. Annual World Open TB,2021.07.05,1,"Burke, John M","Niemann, Hans Moke",0-1,18,white,"Burke, John M",Re1,1,Re1,17,16,17
175,49. Annual World Open TB,2021.07.05,1,"Burke, John M","Niemann, Hans Moke",0-1,19,black,"Niemann, Hans Moke",Re8,6,Rb8,18,17,18
175,49. Annual World Open TB,2021.07.05,1,"Burke, John M","Niemann, Hans Moke",0-1,20,white,"Burke, John M",Qe2,>10,exd5,17,16,17
175,49. Annual World Open TB,2021.07.05,1,"Burke, John M","Niemann, Hans Moke",0-1,21,black,"Niemann, Hans Moke",Be6,1,Be6,17,16,17
175,49. Annual World Open TB,2021.07.05,1,"Burke, John M","Niemann, Hans Moke",0-1,22,white,"Burke, John M",Nf1,1,Nf1,16,16,16
175,49. Annual World Open TB,2021.07.05,1,"Burke, John M","Niemann, Hans Moke",0-1,23,black,"Niemann, Hans Moke",a5,2,b5,16,15,16
175,49. Annual World Open TB,2021.07.05,1,"Burke, John M","Niemann, Hans Moke",0-1,24,white,"Burke, John M",Bc2,4,Ba4,18,17,18
175,49. Annual World Open TB,2021.07.05,1,"Burke, John M","Niemann, Hans Moke",0-1,25,black,"Niemann, Hans Moke",a4,1,a4,17,16,17
175,49. Annual World Open TB,2021.07.05,1,"Burke, John M","Niemann, Hans Moke",0-1,26,white,"Burke, John M",Ng3,4,Bd2,18,17,18
175,49. Annual World Open TB,2021.07.05,1,"Burke, John M","Niemann, Hans Moke",0-1,27,black,"Niemann, Hans Moke",Qd7,8,Qd6,17,16,17
175,49. Annual World Open TB,2021.07.05,1,"Burke, John M","Niemann, Hans Moke",0-1,28,white,"Burke, John M",Bd2,1,Bd2,17,16,17
175,49. Annual World Open TB,2021.07.05,1,"Burke, John M","Niemann, Hans Moke",0-1,29,black,"Niemann, Hans Moke",b5,1,b5,17,17,17
175,49. Annual World Open TB,2021.07.05,1,"Burke, John M","Niemann, Hans Moke",0-1,30,white,"Burke, John M",a3,>10,Qd1,17,16,17
175,49. Annual World Open TB,2021.07.05,1,"Burke, John M","Niemann, Hans Moke",0-1,31,black,"Niemann, Hans Moke",dxe4,1,dxe4,17,16,17
175,49. Annual World Open TB,2021.07.05,1,"Burke, John M","Niemann, Hans Moke",0-1,32,white,"Burke, John M",dxe4,2,Nxe4,19,18,19
175,49. Annual World Open TB,2021.07.05,1,"Burke, John M","Niemann, Hans Moke",0-1,33,black,"Niemann, Hans Moke",Bc4,1,Bc4,18,17,18
175,49. Annual World Open TB,2021.07.05,1,"Burke, John M","Niemann, Hans Moke",0-1,34,white,"Burke, John M",Qe3,1,Qe3,19,18,19
175,49. Annual World Open TB,2021.07.05,1,"Burke, John M","Niemann, Hans Moke",0-1,35,black,"Niemann, Hans Moke",Rad8,>10,Na5,17,16,17
175,49. Annual World Open TB,2021.07.05,1,"Burke, John M","Niemann, Hans Moke",0-1,36,white,"Burke, John M",Rad1,1,Rad1,18,17,18
175,49. Annual World Open TB,2021.07.05,1,"Burke, John M","Niemann, Hans Moke",0-1,37,black,"Niemann, Hans Moke",Bf8,10,Qc8,19,18,19
175,49. Annual World Open TB,2021.07.05,1,"Burke, John M","Niemann, Hans Moke",0-1,38,white,"Burke, John M",Nh2,3,Bc1,18,17,18
175,49. Annual World Open TB,2021.07.05,1,"Burke, John M","Niemann, Hans Moke",0-1,39,black,"Niemann, Hans Moke",Qe6,1,Qe6,18,17,18
175,49. Annual World Open TB,2021.07.05,1,"Burke, John M","Niemann, Hans Moke",0-1,40,white,"Burke, John M",h4,5,Qf3,18,18,18
175,49. Annual World Open TB,2021.07.05,1,"Burke, John M","Niemann, Hans Moke",0-1,41,black,"Niemann, Hans Moke",h5,2,Bb3,18,17,18
175,49. Annual World Open TB,2021.07.05,1,"Burke, John M","Niemann, Hans Moke",0-1,42,white,"Burke, John M",Qf3,2,Ngf1,18,17,18
175,49. Annual World Open TB,2021.07.05,1,"Burke, John M","Niemann, Hans Moke",0-1,43,black,"Niemann, Hans Moke",Be7,>10,Ba2,18,17,18
175,49. Annual World Open TB,2021.07.05,1,"Burke, John M","Niemann, Hans Moke",0-1,44,white,"Burke, John M",Bg5,3,Nf5,18,17,18
175,49. Annual World Open TB,2021.07.05,1,"Burke, John M","Niemann, Hans Moke",0-1,45,black,"Niemann, Hans Moke",Na5,2,Nh7,18,18,18
175,49. Annual World Open TB,2021.07.05,1,"Burke, John M","Niemann, Hans Moke",0-1,46,white,"Burke, John M",Ngf1,2,Rxd8,18,17,18
175,49. Annual World Open TB,2021.07.05,1,"Burke, John M","Niemann, Hans Moke",0-1,47,black,"Niemann, Hans Moke",Bb3,5,Nd7,19,18,19
175,49. Annual World Open TB,2021.07.05,1,"Burke, John M","Niemann, Hans Moke",0-1,48,white,"Burke, John M",Bxb3,1,Bxb3,18,17,18
175,49. Annual World Open TB,2021.07.05,1,"Burke, John M","Niemann, Hans Moke",0-1,49,black,"Niemann, Hans Moke",axb3,2,Nxb3,18,17,18
175,49. Annual World Open TB,2021.07.05,1,"Burke, John M","Niemann, Hans Moke",0-1,50,white,"Burke, John M",Ne3,1,Ne3,17,16,17
175,49. Annual World Open TB,2021.07.05,1,"Burke, John M","Niemann, Hans Moke",0-1,51,black,"Niemann, Hans Moke",c6,2,Kf8,18,17,18
175,49. Annual World Open TB,2021.07.05,1,"Burke, John M","Niemann, Hans Moke",0-1,52,white,"Burke, John M",Nhf1,2,Nf5,18,17,18
175,49. Annual World Open TB,2021.07.05,1,"Burke, John M","Niemann, Hans Moke",0-1,53,black,"Niemann, Hans Moke",Nb7,1,Nb7,18,17,18
175,49. Annual World Open TB,2021.07.05,1,"Burke, John M","Niemann, Hans Moke",0-1,54,white,"Burke, John M",Ng3,4,Nf5,18,17,18
175,49. Annual World Open TB,2021.07.05,1,"Burke, John M","Niemann, Hans Moke",0-1,55,black,"Niemann, Hans Moke",Nc5,1,Nc5,19,18,19
175,49. Annual World Open TB,2021.07.05,1,"Burke, John M","Niemann, Hans Moke",0-1,56,white,"Burke, John M",Ngf5,3,Nef5,19,19,19
175,49. Annual World Open TB,2021.07.05,1,"Burke, John M","Niemann, Hans Moke",0-1,57,black,"Niemann, Hans Moke",Rxd1,3,gxf5,19,18,19
175,49. Annual World Open TB,2021.07.05,1,"Burke, John M","Niemann, Hans Moke",0-1,58,white,"Burke, John M",Rxd1,2,Nxe7+,18,17,18
175,49. Annual World Open TB,2021.07.05,1,"Burke, John M","Niemann, Hans Moke",0-1,59,black,"Niemann, Hans Moke",Ncxe4,2,Bf8,19,18,19
175,49. Annual World Open TB,2021.07.05,1,"Burke, John M","Niemann, Hans Moke",0-1,60,white,"Burke, John M",Nxe7+,1,Nxe7+,17,16,17
175,49. Annual World Open TB,2021.07.05,1,"Burke, John M","Niemann, Hans Moke",0-1,61,black,"Niemann, Hans Moke",Rxe7,1,Rxe7,22,21,22
175,49. Annual World Open TB,2021.07.05,1,"Burke, John M","Niemann, Hans Moke",0-1,62,white,"Burke, John M",Rd8+,9,c4,18,17,18
175,49. Annual World Open TB,2021.07.05,1,"Burke, John M","Niemann, Hans Moke",0-1,63,black,"Niemann, Hans Moke",Kg7,1,Kg7,22,22,22
175,49. Annual World Open TB,2021.07.05,1,"Burke, John M","Niemann, Hans Moke",0-1,64,white,"Burke, John M",Qd1,10,Nf1,18,17,18
175,49. Annual World Open TB,2021.07.05,1,"Burke, John M","Niemann, Hans Moke",0-1,65,black,"Niemann, Hans Moke",Nxg5,6,Rd7,18,17,18
175,49. Annual World Open TB,2021.07.05,1,"Burke, John M","Niemann, Hans Moke",0-1,66,white,"Burke, John M",hxg5,1,hxg5,18,17,18
175,49. Annual World Open TB,2021.07.05,1,"Burke, John M","Niemann, Hans Moke",0-1,67,black,"Niemann, Hans Moke",Ne4,1,Ne4,18,17,18
175,49. Annual World Open TB,2021.07.05,1,"Burke, John M","Niemann, Hans Moke",0-1,68,white,"Burke, John M",f3,2,c4,18,18,18
175,49. Annual World Open TB,2021.07.05,1,"Burke, John M","Niemann, Hans Moke",0-1,69,black,"Niemann, Hans Moke",Nxg5,2,Nc5,18,17,18
175,49. Annual World Open TB,2021.07.05,1,"Burke, John M","Niemann, Hans Moke",0-1,70,white,"Burke, John M",Rd6,2,c4,17,16,17
175,49. Annual World Open TB,2021.07.05,1,"Burke, John M","Niemann, Hans Moke",0-1,71,black,"Niemann, Hans Moke",Qc8,1,Qc8,17,16,17
175,49. Annual World Open TB,2021.07.05,1,"Burke, John M","Niemann, Hans Moke",0-1,72,white,"Burke, John M",Qxb3,3,c4,17,17,17
175,49. Annual World Open TB,2021.07.05,1,"Burke, John M","Niemann, Hans Moke",0-1,73,black,"Niemann, Hans Moke",Qc7,1,Qc7,18,17,18
175,49. Annual World Open TB,2021.07.05,1,"Burke, John M","Niemann, Hans Moke",0-1,74,white,"Burke, John M",Qd1,1,Qd1,18,17,18
175,49. Annual World Open TB,2021.07.05,1,"Burke, John M","Niemann, Hans Moke",0-1,75,black,"Niemann, Hans Moke",Ne6,1,Ne6,18,17,18
175,49. Annual World Open TB,2021.07.05,1,"Burke, John M","Niemann, Hans Moke",0-1,76,white,"Burke, John M",Rd2,1,Rd2,16,16,16
175,49. Annual World Open TB,2021.07.05,1,"Burke, John M","Niemann, Hans Moke",0-1,77,black,"Niemann, Hans Moke",Qb6,4,e4,17,16,17
175,49. Annual World Open TB,2021.07.05,1,"Burke, John M","Niemann, Hans Moke",0-1,78,white,"Burke, John M",Qe1,1,Qe1,17,16,17
175,49. Annual World Open TB,2021.07.05,1,"Burke, John M","Niemann, Hans Moke",0-1,79,black,"Niemann, Hans Moke",e4,1,e4,17,16,17
175,49. Annual World Open TB,2021.07.05,1,"Burke, John M","Niemann, Hans Moke",0-1,80,white,"Burke, John M",fxe4,1,fxe4,18,17,18
175,49. Annual World Open TB,2021.07.05,1,"Burke, John M","Niemann, Hans Moke",0-1,81,black,"Niemann, Hans Moke",Ng5,1,Ng5,17,16,17
175,49. Annual World Open TB,2021.07.05,1,"Burke, John M","Niemann, Hans Moke",0-1,82,white,"Burke, John M",Kh1,5,Rd4,17,16,17
175,49. Annual World Open TB,2021.07.05,1,"Burke, John M","Niemann, Hans Moke",0-1,83,black,"Niemann, Hans Moke",Nxe4,1,Nxe4,18,18,18
175,49. Annual World Open TB,2021.07.05,1,"Burke, John M","Niemann, Hans Moke",0-1,84,white,"Burke, John M",Rd4,3,Rd3,17,16,17
175,49. Annual World Open TB,2021.07.05,1,"Burke, John M","Niemann, Hans Moke",0-1,85,black,"Niemann, Hans Moke",Qc7,2,Qc5,18,17,18
175,49. Annual World Open TB,2021.07.05,1,"Burke, John M","Niemann, Hans Moke",0-1,86,white,"Burke, John M",Kg1,2,Nf1,18,17,18
175,49. Annual World Open TB,2021.07.05,1,"Burke, John M","Niemann, Hans Moke",0-1,87,black,"Niemann, Hans Moke",Qe5,7,Re6,18,17,18
175,49. Annual World Open TB,2021.07.05,1,"Burke, John M","Niemann, Hans Moke",0-1,88,white,"Burke, John M",Nf1,1,Nf1,18,17,18
175,49. Annual World Open TB,2021.07.05,1,"Burke, John M","Niemann, Hans Moke",0-1,89,black,"Niemann, Hans Moke",c5,9,Qc5,18,17,18
175,49. Annual World Open TB,2021.07.05,1,"Burke, John M","Niemann, Hans Moke",0-1,90,white,"Burke, John M",Rd8,3,Rd3,18,17,18
175,49. Annual World Open TB,2021.07.05,1,"Burke, John M","Niemann, Hans Moke",0-1,91,black,"Niemann, Hans Moke",c4,3,Qc7,18,17,18
175,49. Annual World Open TB,2021.07.05,1,"Burke, John M","Niemann, Hans Moke",0-1,92,white,"Burke, John M",Ne3,>10,Rd4,18,17,18
175,49. Annual World Open TB,2021.07.05,1,"Burke, John M","Niemann, Hans Moke",0-1,93,black,"Niemann, Hans Moke",Nc5,3,Nf6,18,17,18
175,49. Annual World Open TB,2021.07.05,1,"Burke, John M","Niemann, Hans Moke",0-1,94,white,"Burke, John M",Rd5,>10,Qd2,18,18,18
175,49. Annual World Open TB,2021.07.05,1,"Burke, John M","Niemann, Hans Moke",0-1,95,black,"Niemann, Hans Moke",Qxd5,1,Qxd5,18,17,18
176,49. Annual World Open,2021.07.05,9.1,"Niemann, Hans Moke","Zhou, Jianchao",1/2-1/2,0,white,"Niemann, Hans Moke",d4,B,,,,
176,49. Annual World Open,2021.07.05,9.1,"Niemann, Hans Moke","Zhou, Jianchao",1/2-1/2,1,black,"Zhou, Jianchao",f5,B,,,,
176,49. Annual World Open,2021.07.05,9.1,"Niemann, Hans Moke","Zhou, Jianchao",1/2-1/2,2,white,"Niemann, Hans Moke",Nc3,B,,,,
176,49. Annual World Open,2021.07.05,9.1,"Niemann, Hans Moke","Zhou, Jianchao",1/2-1/2,3,black,"Zhou, Jianchao",Nf6,B,,,,
176,49. Annual World Open,2021.07.05,9.1,"Niemann, Hans Moke","Zhou, Jianchao",1/2-1/2,4,white,"Niemann, Hans Moke",Bg5,B,,,,
176,49. Annual World Open,2021.07.05,9.1,"Niemann, Hans Moke","Zhou, Jianchao",1/2-1/2,5,black,"Zhou, Jianchao",d5,B,,,,
176,49. Annual World Open,2021.07.05,9.1,"Niemann, Hans Moke","Zhou, Jianchao",1/2-1/2,6,white,"Niemann, Hans Moke",Nf3,B,,,,
176,49. Annual World Open,2021.07.05,9.1,"Niemann, Hans Moke","Zhou, Jianchao",1/2-1/2,7,black,"Zhou, Jianchao",e6,B,,,,
176,49. Annual World Open,2021.07.05,9.1,"Niemann, Hans Moke","Zhou, Jianchao",1/2-1/2,8,white,"Niemann, Hans Moke",e3,B,,,,
176,49. Annual World Open,2021.07.05,9.1,"Niemann, Hans Moke","Zhou, Jianchao",1/2-1/2,9,black,"Zhou, Jianchao",Be7,B,,,,
176,49. Annual World Open,2021.07.05,9.1,"Niemann, Hans Moke","Zhou, Jianchao",1/2-1/2,10,white,"Niemann, Hans Moke",Bd3,B,,,,
176,49. Annual World Open,2021.07.05,9.1,"Niemann, Hans Moke","Zhou, Jianchao",1/2-1/2,11,black,"Zhou, Jianchao",O-O,2,c5,17,16,17
176,49. Annual World Open,2021.07.05,9.1,"Niemann, Hans Moke","Zhou, Jianchao",1/2-1/2,12,white,"Niemann, Hans Moke",O-O,B,,,,
176,49. Annual World Open,2021.07.05,9.1,"Niemann, Hans Moke","Zhou, Jianchao",1/2-1/2,13,black,"Zhou, Jianchao",h6,2,Ne4,18,17,18
176,49. Annual World Open,2021.07.05,9.1,"Niemann, Hans Moke","Zhou, Jianchao",1/2-1/2,14,white,"Niemann, Hans Moke",Bh4,3,Bxf6,18,18,18
176,49. Annual World Open,2021.07.05,9.1,"Niemann, Hans Moke","Zhou, Jianchao",1/2-1/2,15,black,"Zhou, Jianchao",c5,1,c5,18,17,18
176,49. Annual World Open,2021.07.05,9.1,"Niemann, Hans Moke","Zhou, Jianchao",1/2-1/2,16,white,"Niemann, Hans Moke",dxc5,1,dxc5,18,17,18
176,49. Annual World Open,2021.07.05,9.1,"Niemann, Hans Moke","Zhou, Jianchao",1/2-1/2,17,black,"Zhou, Jianchao",Nc6,1,Nc6,17,16,17
176,49. Annual World Open,2021.07.05,9.1,"Niemann, Hans Moke","Zhou, Jianchao",1/2-1/2,18,white,"Niemann, Hans Moke",Bg3,3,Bxf6,17,16,17
176,49. Annual World Open,2021.07.05,9.1,"Niemann, Hans Moke","Zhou, Jianchao",1/2-1/2,19,black,"Zhou, Jianchao",Ne4,3,Bxc5,17,16,17
176,49. Annual World Open,2021.07.05,9.1,"Niemann, Hans Moke","Zhou, Jianchao",1/2-1/2,20,white,"Niemann, Hans Moke",Ne2,4,Nb5,17,16,17
176,49. Annual World Open,2021.07.05,9.1,"Niemann, Hans Moke","Zhou, Jianchao",1/2-1/2,21,black,"Zhou, Jianchao",Nxc5,1,Nxc5,17,17,17
176,49. Annual World Open,2021.07.05,9.1,"Niemann, Hans Moke","Zhou, Jianchao",1/2-1/2,22,white,"Niemann, Hans Moke",a3,2,Bb5,17,16,17
176,49. Annual World Open,2021.07.05,9.1,"Niemann, Hans Moke","Zhou, Jianchao",1/2-1/2,23,black,"Zhou, Jianchao",Bf6,1,Bf6,17,16,17
176,49. Annual World Open,2021.07.05,9.1,"Niemann, Hans Moke","Zhou, Jianchao",1/2-1/2,24,white,"Niemann, Hans Moke",Rb1,1,Rb1,17,16,17
176,49. Annual World Open,2021.07.05,9.1,"Niemann, Hans Moke","Zhou, Jianchao",1/2-1/2,25,black,"Zhou, Jianchao",e5,1,e5,17,17,17
176,49. Annual World Open,2021.07.05,9.1,"Niemann, Hans Moke","Zhou, Jianchao",1/2-1/2,26,white,"Niemann, Hans Moke",b4,2,Bb5,17,16,17
176,49. Annual World Open,2021.07.05,9.1,"Niemann, Hans Moke","Zhou, Jianchao",1/2-1/2,27,black,"Zhou, Jianchao",Ne4,1,Ne4,18,17,18
176,49. Annual World Open,2021.07.05,9.1,"Niemann, Hans Moke","Zhou, Jianchao",1/2-1/2,28,white,"Niemann, Hans Moke",Nd2,2,Bb5,17,16,17
176,49. Annual World Open,2021.07.05,9.1,"Niemann, Hans Moke","Zhou, Jianchao",1/2-1/2,29,black,"Zhou, Jianchao",Be6,1,Be6,16,16,16
176,49. Annual World Open,2021.07.05,9.1,"Niemann, Hans Moke","Zhou, Jianchao",1/2-1/2,30,white,"Niemann, Hans Moke",Nb3,1,Nb3,16,15,16
176,49. Annual World Open,2021.07.05,9.1,"Niemann, Hans Moke","Zhou, Jianchao",1/2-1/2,31,black,"Zhou, Jianchao",b6,>10,Bf7,16,15,16
176,49. Annual World Open,2021.07.05,9.1,"Niemann, Hans Moke","Zhou, Jianchao",1/2-1/2,32,white,"Niemann, Hans Moke",f4,1,f4,16,15,16
176,49. Annual World Open,2021.07.05,9.1,"Niemann, Hans Moke","Zhou, Jianchao",1/2-1/2,33,black,"Zhou, Jianchao",Nxg3,4,exf4,17,17,17
176,49. Annual World Open,2021.07.05,9.1,"Niemann, Hans Moke","Zhou, Jianchao",1/2-1/2,34,white,"Niemann, Hans Moke",hxg3,1,hxg3,18,17,18
176,49. Annual World Open,2021.07.05,9.1,"Niemann, Hans Moke","Zhou, Jianchao",1/2-1/2,35,black,"Zhou, Jianchao",e4,1,e4,17,16,17
176,49. Annual World Open,2021.07.05,9.1,"Niemann, Hans Moke","Zhou, Jianchao",1/2-1/2,36,white,"Niemann, Hans Moke",Bb5,2,Ba6,17,16,17
176,49. Annual World Open,2021.07.05,9.1,"Niemann, Hans Moke","Zhou, Jianchao",1/2-1/2,37,black,"Zhou, Jianchao",Ne7,3,Qc8,18,17,18
176,49. Annual World Open,2021.07.05,9.1,"Niemann, Hans Moke","Zhou, Jianchao",1/2-1/2,38,white,"Niemann, Hans Moke",Ned4,1,Ned4,17,16,17
176,49. Annual World Open,2021.07.05,9.1,"Niemann, Hans Moke","Zhou, Jianchao",1/2-1/2,39,black,"Zhou, Jianchao",Bd7,6,Qc8,18,17,18
176,49. Annual World Open,2021.07.05,9.1,"Niemann, Hans Moke","Zhou, Jianchao",1/2-1/2,40,white,"Niemann, Hans Moke",Ba6,2,c4,18,17,18
176,49. Annual World Open,2021.07.05,9.1,"Niemann, Hans Moke","Zhou, Jianchao",1/2-1/2,41,black,"Zhou, Jianchao",Rb8,8,Qe8,18,17,18
176,49. Annual World Open,2021.07.05,9.1,"Niemann, Hans Moke","Zhou, Jianchao",1/2-1/2,42,white,"Niemann, Hans Moke",c4,1,c4,18,18,18
176,49. Annual World Open,2021.07.05,9.1,"Niemann, Hans Moke","Zhou, Jianchao",1/2-1/2,43,black,"Zhou, Jianchao",dxc4,2,Kh7,17,16,17
176,49. Annual World Open,2021.07.05,9.1,"Niemann, Hans Moke","Zhou, Jianchao",1/2-1/2,44,white,"Niemann, Hans Moke",Bxc4+,1,Bxc4+,18,17,18
176,49. Annual World Open,2021.07.05,9.1,"Niemann, Hans Moke","Zhou, Jianchao",1/2-1/2,45,black,"Zhou, Jianchao",Kh8,1,Kh8,20,19,20
176,49. Annual World Open,2021.07.05,9.1,"Niemann, Hans Moke","Zhou, Jianchao",1/2-1/2,46,white,"Niemann, Hans Moke",Qe2,2,Qd2,18,17,18
176,49. Annual World Open,2021.07.05,9.1,"Niemann, Hans Moke","Zhou, Jianchao",1/2-1/2,47,black,"Zhou, Jianchao",Qe8,1,Qe8,18,17,18
176,49. Annual World Open,2021.07.05,9.1,"Niemann, Hans Moke","Zhou, Jianchao",1/2-1/2,48,white,"Niemann, Hans Moke",Rfd1,4,Rfc1,18,17,18
176,49. Annual World Open,2021.07.05,9.1,"Niemann, Hans Moke","Zhou, Jianchao",1/2-1/2,49,black,"Zhou, Jianchao",Qg6,1,Qg6,18,17,18
176,49. Annual World Open,2021.07.05,9.1,"Niemann, Hans Moke","Zhou, Jianchao",1/2-1/2,50,white,"Niemann, Hans Moke",Kf2,1,Kf2,17,16,17
176,49. Annual World Open,2021.07.05,9.1,"Niemann, Hans Moke","Zhou, Jianchao",1/2-1/2,51,black,"Zhou, Jianchao",Rfd8,2,Rfc8,18,17,18
176,49. Annual World Open,2021.07.05,9.1,"Niemann, Hans Moke","Zhou, Jianchao",1/2-1/2,52,white,"Niemann, Hans Moke",b5,1,b5,17,16,17
176,49. Annual World Open,2021.07.05,9.1,"Niemann, Hans Moke","Zhou, Jianchao",1/2-1/2,53,black,"Zhou, Jianchao",Qe8,7,Rbc8,18,17,18
176,49. Annual World Open,2021.07.05,9.1,"Niemann, Hans Moke","Zhou, Jianchao",1/2-1/2,54,white,"Niemann, Hans Moke",Rd2,>10,Rbc1,18,17,18
176,49. Annual World Open,2021.07.05,9.1,"Niemann, Hans Moke","Zhou, Jianchao",1/2-1/2,55,black,"Zhou, Jianchao",g6,7,Ng8,18,17,18
176,49. Annual World Open,2021.07.05,9.1,"Niemann, Hans Moke","Zhou, Jianchao",1/2-1/2,56,white,"Niemann, Hans Moke",Rbd1,1,Rbd1,20,19,20
176,49. Annual World Open,2021.07.05,9.1,"Niemann, Hans Moke","Zhou, Jianchao",1/2-1/2,57,black,"Zhou, Jianchao",h5,1,h5,17,16,17
176,49. Annual World Open,2021.07.05,9.1,"Niemann, Hans Moke","Zhou, Jianchao",1/2-1/2,58,white,"Niemann, Hans Moke",a4,7,Nc1,19,18,19
176,49. Annual World Open,2021.07.05,9.1,"Niemann, Hans Moke","Zhou, Jianchao",1/2-1/2,59,black,"Zhou, Jianchao",Rbc8,2,Ng8,18,17,18
176,49. Annual World Open,2021.07.05,9.1,"Niemann, Hans Moke","Zhou, Jianchao",1/2-1/2,60,white,"Niemann, Hans Moke",Be6,>10,Ne6,19,18,19
176,49. Annual World Open,2021.07.05,9.1,"Niemann, Hans Moke","Zhou, Jianchao",1/2-1/2,61,black,"Zhou, Jianchao",Bxe6,1,Bxe6,18,17,18
176,49. Annual World Open,2021.07.05,9.1,"Niemann, Hans Moke","Zhou, Jianchao",1/2-1/2,62,white,"Niemann, Hans Moke",Nxe6,1,Nxe6,17,17,17
176,49. Annual World Open,2021.07.05,9.1,"Niemann, Hans Moke","Zhou, Jianchao",1/2-1/2,63,black,"Zhou, Jianchao",Rxd2,1,Rxd2,18,17,18
176,49. Annual World Open,2021.07.05,9.1,"Niemann, Hans Moke","Zhou, Jianchao",1/2-1/2,64,white,"Niemann, Hans Moke",Qxd2,2,Rxd2,15,14,15
176,49. Annual World Open,2021.07.05,9.1,"Niemann, Hans Moke","Zhou, Jianchao",1/2-1/2,65,black,"Zhou, Jianchao",Ng8,2,Rc3,17,16,17
176,49. Annual World Open,2021.07.05,9.1,"Niemann, Hans Moke","Zhou, Jianchao",1/2-1/2,66,white,"Niemann, Hans Moke",Ned4,4,Nbd4,18,17,18
176,49. Annual World Open,2021.07.05,9.1,"Niemann, Hans Moke","Zhou, Jianchao",1/2-1/2,67,black,"Zhou, Jianchao",Qf7,1,Qf7,20,19,20
176,49. Annual World Open,2021.07.05,9.1,"Niemann, Hans Moke","Zhou, Jianchao",1/2-1/2,68,white,"Niemann, Hans Moke",Rc1,1,Rc1,18,18,18
176,49. Annual World Open,2021.07.05,9.1,"Niemann, Hans Moke","Zhou, Jianchao",1/2-1/2,69,black,"Zhou, Jianchao",Rc4,1,Rc4,18,17,18
176,49. Annual World Open,2021.07.05,9.1,"Niemann, Hans Moke","Zhou, Jianchao",1/2-1/2,70,white,"Niemann, Hans Moke",Qa2,>10,Rc2,17,16,17
176,49. Annual World Open,2021.07.05,9.1,"Niemann, Hans Moke","Zhou, Jianchao",1/2-1/2,71,black,"Zhou, Jianchao",Nh6,1,Nh6,19,18,19
176,49. Annual World Open,2021.07.05,9.1,"Niemann, Hans Moke","Zhou, Jianchao",1/2-1/2,72,white,"Niemann, Hans Moke",Ke2,1,Ke2,18,17,18
176,49. Annual World Open,2021.07.05,9.1,"Niemann, Hans Moke","Zhou, Jianchao",1/2-1/2,73,black,"Zhou, Jianchao",Qd5,3,Bxd4,18,17,18
176,49. Annual World Open,2021.07.05,9.1,"Niemann, Hans Moke","Zhou, Jianchao",1/2-1/2,74,white,"Niemann, Hans Moke",Qd2,5,Nd2,18,17,18
176,49. Annual World Open,2021.07.05,9.1,"Niemann, Hans Moke","Zhou, Jianchao",1/2-1/2,75,black,"Zhou, Jianchao",Ng4,1,Ng4,17,16,17
176,49. Annual World Open,2021.07.05,9.1,"Niemann, Hans Moke","Zhou, Jianchao",1/2-1/2,76,white,"Niemann, Hans Moke",Rc2,1,Rc2,18,17,18
176,49. Annual World Open,2021.07.05,9.1,"Niemann, Hans Moke","Zhou, Jianchao",1/2-1/2,77,black,"Zhou, Jianchao",Rxa4,3,Kh7,18,17,18
176,49. Annual World Open,2021.07.05,9.1,"Niemann, Hans Moke","Zhou, Jianchao",1/2-1/2,78,white,"Niemann, Hans Moke",Qc3,1,Qc3,17,16,17
176,49. Annual World Open,2021.07.05,9.1,"Niemann, Hans Moke","Zhou, Jianchao",1/2-1/2,79,black,"Zhou, Jianchao",Kh7,6,Qd8,18,17,18
176,49. Annual World Open,2021.07.05,9.1,"Niemann, Hans Moke","Zhou, Jianchao",1/2-1/2,80,white,"Niemann, Hans Moke",Qc6,1,Qc6,18,17,18
176,49. Annual World Open,2021.07.05,9.1,"Niemann, Hans Moke","Zhou, Jianchao",1/2-1/2,81,black,"Zhou, Jianchao",Qg8,2,Qd8,17,16,17
176,49. Annual World Open,2021.07.05,9.1,"Niemann, Hans Moke","Zhou, Jianchao",1/2-1/2,82,white,"Niemann, Hans Moke",Qb7+,1,Qb7+,18,17,18
176,49. Annual World Open,2021.07.05,9.1,"Niemann, Hans Moke","Zhou, Jianchao",1/2-1/2,83,black,"Zhou, Jianchao",Kh6,1,Kh6,19,18,19
176,49. Annual World Open,2021.07.05,9.1,"Niemann, Hans Moke","Zhou, Jianchao",1/2-1/2,84,white,"Niemann, Hans Moke",Rc8,1,Rc8,18,17,18
176,49. Annual World Open,2021.07.05,9.1,"Niemann, Hans Moke","Zhou, Jianchao",1/2-1/2,85,black,"Zhou, Jianchao",Ra2+,3,Qh7,15,15,15
176,49. Annual World Open,2021.07.05,9.1,"Niemann, Hans Moke","Zhou, Jianchao",1/2-1/2,86,white,"Niemann, Hans Moke",Ke1,1,Ke1,21,20,21
176,49. Annual World Open,2021.07.05,9.1,"Niemann, Hans Moke","Zhou, Jianchao",1/2-1/2,87,black,"Zhou, Jianchao",Qg7,1,Qg7,18,17,18
176,49. Annual World Open,2021.07.05,9.1,"Niemann, Hans Moke","Zhou, Jianchao",1/2-1/2,88,white,"Niemann, Hans Moke",Rc7,1,Rc7,16,15,16
176,49. Annual World Open,2021.07.05,9.1,"Niemann, Hans Moke","Zhou, Jianchao",1/2-1/2,89,black,"Zhou, Jianchao",Qh8,1,Qh8,17,16,17
176,49. Annual World Open,2021.07.05,9.1,"Niemann, Hans Moke","Zhou, Jianchao",1/2-1/2,90,white,"Niemann, Hans Moke",Rc8,1,Rc8,16,15,16
176,49. Annual World Open,2021.07.05,9.1,"Niemann, Hans Moke","Zhou, Jianchao",1/2-1/2,91,black,"Zhou, Jianchao",Qg7,1,Qg7,17,16,17
176,49. Annual World Open,2021.07.05,9.1,"Niemann, Hans Moke","Zhou, Jianchao",1/2-1/2,92,white,"Niemann, Hans Moke",Rc7,1,Rc7,17,16,17
176,49. Annual World Open,2021.07.05,9.1,"Niemann, Hans Moke","Zhou, Jianchao",1/2-1/2,93,black,"Zhou, Jianchao",Qh8,1,Qh8,17,17,17
176,49. Annual World Open,2021.07.05,9.1,"Niemann, Hans Moke","Zhou, Jianchao",1/2-1/2,94,white,"Niemann, Hans Moke",Rc8,1,Rc8,16,15,16
177,49. Annual World Open,2021.07.05,8,"Nyzhnyk, Illya","Niemann, Hans Moke",1/2-1/2,0,white,"Nyzhnyk, Illya",e4,B,,,,
177,49. Annual World Open,2021.07.05,8,"Nyzhnyk, Illya","Niemann, Hans Moke",1/2-1/2,1,black,"Niemann, Hans Moke",e5,B,,,,
177,49. Annual World Open,2021.07.05,8,"Nyzhnyk, Illya","Niemann, Hans Moke",1/2-1/2,2,white,"Nyzhnyk, Illya",Nf3,B,,,,
177,49. Annual World Open,2021.07.05,8,"Nyzhnyk, Illya","Niemann, Hans Moke",1/2-1/2,3,black,"Niemann, Hans Moke",Nc6,B,,,,
177,49. Annual World Open,2021.07.05,8,"Nyzhnyk, Illya","Niemann, Hans Moke",1/2-1/2,4,white,"Nyzhnyk, Illya",Bb5,B,,,,
177,49. Annual World Open,2021.07.05,8,"Nyzhnyk, Illya","Niemann, Hans Moke",1/2-1/2,5,black,"Niemann, Hans Moke",a6,B,,,,
177,49. Annual World Open,2021.07.05,8,"Nyzhnyk, Illya","Niemann, Hans Moke",1/2-1/2,6,white,"Nyzhnyk, Illya",Ba4,B,,,,
177,49. Annual World Open,2021.07.05,8,"Nyzhnyk, Illya","Niemann, Hans Moke",1/2-1/2,7,black,"Niemann, Hans Moke",Nf6,B,,,,
177,49. Annual World Open,2021.07.05,8,"Nyzhnyk, Illya","Niemann, Hans Moke",1/2-1/2,8,white,"Nyzhnyk, Illya",O-O,B,,,,
177,49. Annual World Open,2021.07.05,8,"Nyzhnyk, Illya","Niemann, Hans Moke",1/2-1/2,9,black,"Niemann, Hans Moke",Be7,B,,,,
177,49. Annual World Open,2021.07.05,8,"Nyzhnyk, Illya","Niemann, Hans Moke",1/2-1/2,10,white,"Nyzhnyk, Illya",Bxc6,B,,,,
177,49. Annual World Open,2021.07.05,8,"Nyzhnyk, Illya","Niemann, Hans Moke",1/2-1/2,11,black,"Niemann, Hans Moke",dxc6,B,,,,
177,49. Annual World Open,2021.07.05,8,"Nyzhnyk, Illya","Niemann, Hans Moke",1/2-1/2,12,white,"Nyzhnyk, Illya",d3,B,,,,
177,49. Annual World Open,2021.07.05,8,"Nyzhnyk, Illya","Niemann, Hans Moke",1/2-1/2,13,black,"Niemann, Hans Moke",Nd7,B,,,,
177,49. Annual World Open,2021.07.05,8,"Nyzhnyk, Illya","Niemann, Hans Moke",1/2-1/2,14,white,"Nyzhnyk, Illya",Nbd2,B,,,,
177,49. Annual World Open,2021.07.05,8,"Nyzhnyk, Illya","Niemann, Hans Moke",1/2-1/2,15,black,"Niemann, Hans Moke",O-O,B,,,,
177,49. Annual World Open,2021.07.05,8,"Nyzhnyk, Illya","Niemann, Hans Moke",1/2-1/2,16,white,"Nyzhnyk, Illya",Nc4,B,,,,
177,49. Annual World Open,2021.07.05,8,"Nyzhnyk, Illya","Niemann, Hans Moke",1/2-1/2,17,black,"Niemann, Hans Moke",f6,B,,,,
177,49. Annual World Open,2021.07.05,8,"Nyzhnyk, Illya","Niemann, Hans Moke",1/2-1/2,18,white,"Nyzhnyk, Illya",a4,B,,,,
177,49. Annual World Open,2021.07.05,8,"Nyzhnyk, Illya","Niemann, Hans Moke",1/2-1/2,19,black,"Niemann, Hans Moke",a5,3,Rf7,17,16,17
177,49. Annual World Open,2021.07.05,8,"Nyzhnyk, Illya","Niemann, Hans Moke",1/2-1/2,20,white,"Nyzhnyk, Illya",b3,3,Kh1,18,17,18
177,49. Annual World Open,2021.07.05,8,"Nyzhnyk, Illya","Niemann, Hans Moke",1/2-1/2,21,black,"Niemann, Hans Moke",Re8,1,Re8,17,16,17
177,49. Annual World Open,2021.07.05,8,"Nyzhnyk, Illya","Niemann, Hans Moke",1/2-1/2,22,white,"Nyzhnyk, Illya",Bd2,4,Kh1,18,17,18
177,49. Annual World Open,2021.07.05,8,"Nyzhnyk, Illya","Niemann, Hans Moke",1/2-1/2,23,black,"Niemann, Hans Moke",b6,1,b6,19,18,19
177,49. Annual World Open,2021.07.05,8,"Nyzhnyk, Illya","Niemann, Hans Moke",1/2-1/2,24,white,"Nyzhnyk, Illya",Ne1,>10,Kh1,18,18,18
177,49. Annual World Open,2021.07.05,8,"Nyzhnyk, Illya","Niemann, Hans Moke",1/2-1/2,25,black,"Niemann, Hans Moke",Nf8,2,Nc5,18,17,18
177,49. Annual World Open,2021.07.05,8,"Nyzhnyk, Illya","Niemann, Hans Moke",1/2-1/2,26,white,"Nyzhnyk, Illya",f4,3,Nf3,18,17,18
177,49. Annual World Open,2021.07.05,8,"Nyzhnyk, Illya","Niemann, Hans Moke",1/2-1/2,27,black,"Niemann, Hans Moke",exf4,1,exf4,17,16,17
177,49. Annual World Open,2021.07.05,8,"Nyzhnyk, Illya","Niemann, Hans Moke",1/2-1/2,28,white,"Nyzhnyk, Illya",Bxf4,1,Bxf4,16,16,16
177,49. Annual World Open,2021.07.05,8,"Nyzhnyk, Illya","Niemann, Hans Moke",1/2-1/2,29,black,"Niemann, Hans Moke",Ng6,5,Bc5+,17,16,17
177,49. Annual World Open,2021.07.05,8,"Nyzhnyk, Illya","Niemann, Hans Moke",1/2-1/2,30,white,"Nyzhnyk, Illya",Bg3,1,Bg3,17,16,17
177,49. Annual World Open,2021.07.05,8,"Nyzhnyk, Illya","Niemann, Hans Moke",1/2-1/2,31,black,"Niemann, Hans Moke",Be6,1,Be6,18,18,18
177,49. Annual World Open,2021.07.05,8,"Nyzhnyk, Illya","Niemann, Hans Moke",1/2-1/2,32,white,"Nyzhnyk, Illya",Kh1,1,Kh1,17,16,17
177,49. Annual World Open,2021.07.05,8,"Nyzhnyk, Illya","Niemann, Hans Moke",1/2-1/2,33,black,"Niemann, Hans Moke",Bc5,5,Rf8,19,18,19
177,49. Annual World Open,2021.07.05,8,"Nyzhnyk, Illya","Niemann, Hans Moke",1/2-1/2,34,white,"Nyzhnyk, Illya",Nf3,1,Nf3,18,17,18
177,49. Annual World Open,2021.07.05,8,"Nyzhnyk, Illya","Niemann, Hans Moke",1/2-1/2,35,black,"Niemann, Hans Moke",Qd7,3,Bxc4,18,17,18
177,49. Annual World Open,2021.07.05,8,"Nyzhnyk, Illya","Niemann, Hans Moke",1/2-1/2,36,white,"Nyzhnyk, Illya",Qe2,6,d4,18,17,18
177,49. Annual World Open,2021.07.05,8,"Nyzhnyk, Illya","Niemann, Hans Moke",1/2-1/2,37,black,"Niemann, Hans Moke",Bb4,5,Bxc4,17,16,17
177,49. Annual World Open,2021.07.05,8,"Nyzhnyk, Illya","Niemann, Hans Moke",1/2-1/2,38,white,"Nyzhnyk, Illya",Ne3,1,Ne3,18,17,18
177,49. Annual World Open,2021.07.05,8,"Nyzhnyk, Illya","Niemann, Hans Moke",1/2-1/2,39,black,"Niemann, Hans Moke",h6,3,Re7,17,16,17
177,49. Annual World Open,2021.07.05,8,"Nyzhnyk, Illya","Niemann, Hans Moke",1/2-1/2,40,white,"Nyzhnyk, Illya",h4,10,h3,17,16,17
177,49. Annual World Open,2021.07.05,8,"Nyzhnyk, Illya","Niemann, Hans Moke",1/2-1/2,41,black,"Niemann, Hans Moke",Rf8,9,Bc3,17,16,17
177,49. Annual World Open,2021.07.05,8,"Nyzhnyk, Illya","Niemann, Hans Moke",1/2-1/2,42,white,"Nyzhnyk, Illya",h5,1,h5,17,16,17
177,49. Annual World Open,2021.07.05,8,"Nyzhnyk, Illya","Niemann, Hans Moke",1/2-1/2,43,black,"Niemann, Hans Moke",Ne7,1,Ne7,19,18,19
177,49. Annual World Open,2021.07.05,8,"Nyzhnyk, Illya","Niemann, Hans Moke",1/2-1/2,44,white,"Nyzhnyk, Illya",Nh4,1,Nh4,17,16,17
177,49. Annual World Open,2021.07.05,8,"Nyzhnyk, Illya","Niemann, Hans Moke",1/2-1/2,45,black,"Niemann, Hans Moke",Rae8,3,Bc3,17,16,17
177,49. Annual World Open,2021.07.05,8,"Nyzhnyk, Illya","Niemann, Hans Moke",1/2-1/2,46,white,"Nyzhnyk, Illya",Qf3,3,Rad1,19,18,19
177,49. Annual World Open,2021.07.05,8,"Nyzhnyk, Illya","Niemann, Hans Moke",1/2-1/2,47,black,"Niemann, Hans Moke",Bc5,2,Bd2,18,17,18
177,49. Annual World Open,2021.07.05,8,"Nyzhnyk, Illya","Niemann, Hans Moke",1/2-1/2,48,white,"Nyzhnyk, Illya",Nef5,3,Rae1,19,18,19
177,49. Annual World Open,2021.07.05,8,"Nyzhnyk, Illya","Niemann, Hans Moke",1/2-1/2,49,black,"Niemann, Hans Moke",Nxf5,1,Nxf5,19,18,19
177,49. Annual World Open,2021.07.05,8,"Nyzhnyk, Illya","Niemann, Hans Moke",1/2-1/2,50,white,"Nyzhnyk, Illya",Nxf5,1,Nxf5,18,17,18
177,49. Annual World Open,2021.07.05,8,"Nyzhnyk, Illya","Niemann, Hans Moke",1/2-1/2,51,black,"Niemann, Hans Moke",Bxf5,10,Bb4,20,19,20
177,49. Annual World Open,2021.07.05,8,"Nyzhnyk, Illya","Niemann, Hans Moke",1/2-1/2,52,white,"Nyzhnyk, Illya",Qxf5,1,Qxf5,18,17,18
177,49. Annual World Open,2021.07.05,8,"Nyzhnyk, Illya","Niemann, Hans Moke",1/2-1/2,53,black,"Niemann, Hans Moke",Qxf5,7,Qd8,19,18,19
177,49. Annual World Open,2021.07.05,8,"Nyzhnyk, Illya","Niemann, Hans Moke",1/2-1/2,54,white,"Nyzhnyk, Illya",Rxf5,1,Rxf5,16,15,16
177,49. Annual World Open,2021.07.05,8,"Nyzhnyk, Illya","Niemann, Hans Moke",1/2-1/2,55,black,"Niemann, Hans Moke",Bd6,1,Bd6,19,18,19
177,49. Annual World Open,2021.07.05,8,"Nyzhnyk, Illya","Niemann, Hans Moke",1/2-1/2,56,white,"Nyzhnyk, Illya",Bf2,1,Bf2,20,19,20
177,49. Annual World Open,2021.07.05,8,"Nyzhnyk, Illya","Niemann, Hans Moke",1/2-1/2,57,black,"Niemann, Hans Moke",c5,8,Re5,19,18,19
177,49. Annual World Open,2021.07.05,8,"Nyzhnyk, Illya","Niemann, Hans Moke",1/2-1/2,58,white,"Nyzhnyk, Illya",g4,5,Be3,21,20,21
177,49. Annual World Open,2021.07.05,8,"Nyzhnyk, Illya","Niemann, Hans Moke",1/2-1/2,59,black,"Niemann, Hans Moke",Kf7,6,Re7,20,19,20
177,49. Annual World Open,2021.07.05,8,"Nyzhnyk, Illya","Niemann, Hans Moke",1/2-1/2,60,white,"Nyzhnyk, Illya",Kg2,7,Rf1,20,19,20
177,49. Annual World Open,2021.07.05,8,"Nyzhnyk, Illya","Niemann, Hans Moke",1/2-1/2,61,black,"Niemann, Hans Moke",Ke6,5,Rg8,17,17,17
177,49. Annual World Open,2021.07.05,8,"Nyzhnyk, Illya","Niemann, Hans Moke",1/2-1/2,62,white,"Nyzhnyk, Illya",c3,>10,Rc1,18,17,18
177,49. Annual World Open,2021.07.05,8,"Nyzhnyk, Illya","Niemann, Hans Moke",1/2-1/2,63,black,"Niemann, Hans Moke",Kd7,1,Kd7,19,18,19
177,49. Annual World Open,2021.07.05,8,"Nyzhnyk, Illya","Niemann, Hans Moke",1/2-1/2,64,white,"Nyzhnyk, Illya",Kf3,6,Ra2,22,21,22
177,49. Annual World Open,2021.07.05,8,"Nyzhnyk, Illya","Niemann, Hans Moke",1/2-1/2,65,black,"Niemann, Hans Moke",Re6,1,Re6,20,20,20
177,49. Annual World Open,2021.07.05,8,"Nyzhnyk, Illya","Niemann, Hans Moke",1/2-1/2,66,white,"Nyzhnyk, Illya",d4,>10,Rd1,22,21,22
177,49. Annual World Open,2021.07.05,8,"Nyzhnyk, Illya","Niemann, Hans Moke",1/2-1/2,67,black,"Niemann, Hans Moke",cxd4,1,cxd4,20,19,20
177,49. Annual World Open,2021.07.05,8,"Nyzhnyk, Illya","Niemann, Hans Moke",1/2-1/2,68,white,"Nyzhnyk, Illya",cxd4,1,cxd4,19,18,19
177,49. Annual World Open,2021.07.05,8,"Nyzhnyk, Illya","Niemann, Hans Moke",1/2-1/2,69,black,"Niemann, Hans Moke",Bb4,5,Rfe8,21,20,21
177,49. Annual World Open,2021.07.05,8,"Nyzhnyk, Illya","Niemann, Hans Moke",1/2-1/2,70,white,"Nyzhnyk, Illya",Rc1,1,Rc1,20,19,20
177,49. Annual World Open,2021.07.05,8,"Nyzhnyk, Illya","Niemann, Hans Moke",1/2-1/2,71,black,"Niemann, Hans Moke",Rfe8,2,Bd6,18,18,18
177,49. Annual World Open,2021.07.05,8,"Nyzhnyk, Illya","Niemann, Hans Moke",1/2-1/2,72,white,"Nyzhnyk, Illya",Bg3,3,e5,19,18,19
177,49. Annual World Open,2021.07.05,8,"Nyzhnyk, Illya","Niemann, Hans Moke",1/2-1/2,73,black,"Niemann, Hans Moke",c5,3,Bd6,19,19,19
177,49. Annual World Open,2021.07.05,8,"Nyzhnyk, Illya","Niemann, Hans Moke",1/2-1/2,74,white,"Nyzhnyk, Illya",Bf2,7,Rc4,19,18,19
177,49. Annual World Open,2021.07.05,8,"Nyzhnyk, Illya","Niemann, Hans Moke",1/2-1/2,75,black,"Niemann, Hans Moke",Rxe4,1,Rxe4,18,17,18
177,49. Annual World Open,2021.07.05,8,"Nyzhnyk, Illya","Niemann, Hans Moke",1/2-1/2,76,white,"Nyzhnyk, Illya",dxc5,2,Rd5+,22,21,22
177,49. Annual World Open,2021.07.05,8,"Nyzhnyk, Illya","Niemann, Hans Moke",1/2-1/2,77,black,"Niemann, Hans Moke",bxc5,1,bxc5,17,16,17
177,49. Annual World Open,2021.07.05,8,"Nyzhnyk, Illya","Niemann, Hans Moke",1/2-1/2,78,white,"Nyzhnyk, Illya",Bxc5,1,Bxc5,21,20,21
177,49. Annual World Open,2021.07.05,8,"Nyzhnyk, Illya","Niemann, Hans Moke",1/2-1/2,79,black,"Niemann, Hans Moke",Bxc5,1,Bxc5,18,17,18
177,49. Annual World Open,2021.07.05,8,"Nyzhnyk, Illya","Niemann, Hans Moke",1/2-1/2,80,white,"Nyzhnyk, Illya",Rfxc5,2,Rcxc5,18,18,18
177,49. Annual World Open,2021.07.05,8,"Nyzhnyk, Illya","Niemann, Hans Moke",1/2-1/2,81,black,"Niemann, Hans Moke",Re3+,1,Re3+,18,17,18
177,49. Annual World Open,2021.07.05,8,"Nyzhnyk, Illya","Niemann, Hans Moke",1/2-1/2,82,white,"Nyzhnyk, Illya",Kf4,1,Kf4,31,30,31
177,49. Annual World Open,2021.07.05,8,"Nyzhnyk, Illya","Niemann, Hans Moke",1/2-1/2,83,black,"Niemann, Hans Moke",Rxb3,3,R3e4+,18,17,18
177,49. Annual World Open,2021.07.05,8,"Nyzhnyk, Illya","Niemann, Hans Moke",1/2-1/2,84,white,"Nyzhnyk, Illya",Rd1+,3,Rxa5,21,20,21
177,49. Annual World Open,2021.07.05,8,"Nyzhnyk, Illya","Niemann, Hans Moke",1/2-1/2,85,black,"Niemann, Hans Moke",Ke6,1,Ke6,23,22,23
177,49. Annual World Open,2021.07.05,8,"Nyzhnyk, Illya","Niemann, Hans Moke",1/2-1/2,86,white,"Nyzhnyk, Illya",Rxa5,2,Re1+,23,22,23
177,49. Annual World Open,2021.07.05,8,"Nyzhnyk, Illya","Niemann, Hans Moke",1/2-1/2,87,black,"Niemann, Hans Moke",Rb4+,1,Rb4+,19,18,19
177,49. Annual World Open,2021.07.05,8,"Nyzhnyk, Illya","Niemann, Hans Moke",1/2-1/2,88,white,"Nyzhnyk, Illya",Kg3,2,Kf3,21,20,21
177,49. Annual World Open,2021.07.05,8,"Nyzhnyk, Illya","Niemann, Hans Moke",1/2-1/2,89,black,"Niemann, Hans Moke",Rb3+,2,Rc8,20,19,20
177,49. Annual World Open,2021.07.05,8,"Nyzhnyk, Illya","Niemann, Hans Moke",1/2-1/2,90,white,"Nyzhnyk, Illya",Kh4,4,Kf4,22,21,22
177,49. Annual World Open,2021.07.05,8,"Nyzhnyk, Illya","Niemann, Hans Moke",1/2-1/2,91,black,"Niemann, Hans Moke",Kf7,1,Kf7,21,20,21
177,49. Annual World Open,2021.07.05,8,"Nyzhnyk, Illya","Niemann, Hans Moke",1/2-1/2,92,white,"Nyzhnyk, Illya",Rb5,1,Rb5,23,23,23
177,49. Annual World Open,2021.07.05,8,"Nyzhnyk, Illya","Niemann, Hans Moke",1/2-1/2,93,black,"Niemann, Hans Moke",Ra3,1,Ra3,17,16,17
177,49. Annual World Open,2021.07.05,8,"Nyzhnyk, Illya","Niemann, Hans Moke",1/2-1/2,94,white,"Nyzhnyk, Illya",Rb7+,2,Rb4,23,22,23
177,49. Annual World Open,2021.07.05,8,"Nyzhnyk, Illya","Niemann, Hans Moke",1/2-1/2,95,black,"Niemann, Hans Moke",Kg8,1,Kg8,21,21,21
177,49. Annual World Open,2021.07.05,8,"Nyzhnyk, Illya","Niemann, Hans Moke",1/2-1/2,96,white,"Nyzhnyk, Illya",Rb4,1,Rb4,19,18,19
177,49. Annual World Open,2021.07.05,8,"Nyzhnyk, Illya","Niemann, Hans Moke",1/2-1/2,97,black,"Niemann, Hans Moke",Re2,3,Rc8,24,23,24
177,49. Annual World Open,2021.07.05,8,"Nyzhnyk, Illya","Niemann, Hans Moke",1/2-1/2,98,white,"Nyzhnyk, Illya",Rh1,1,Rh1,19,18,19
177,49. Annual World Open,2021.07.05,8,"Nyzhnyk, Illya","Niemann, Hans Moke",1/2-1/2,99,black,"Niemann, Hans Moke",Rea2,9,Ree3,28,28,28
177,49. Annual World Open,2021.07.05,8,"Nyzhnyk, Illya","Niemann, Hans Moke",1/2-1/2,100,white,"Nyzhnyk, Illya",Rc4,3,Rh3,22,21,22
177,49. Annual World Open,2021.07.05,8,"Nyzhnyk, Illya","Niemann, Hans Moke",1/2-1/2,101,black,"Niemann, Hans Moke",Kh7,2,Rf3,27,26,27
177,49. Annual World Open,2021.07.05,8,"Nyzhnyk, Illya","Niemann, Hans Moke",1/2-1/2,102,white,"Nyzhnyk, Illya",Rb4,3,Rh3,22,21,22
177,49. Annual World Open,2021.07.05,8,"Nyzhnyk, Illya","Niemann, Hans Moke",1/2-1/2,103,black,"Niemann, Hans Moke",g5+,>10,Rf3,29,29,29
177,49. Annual World Open,2021.07.05,8,"Nyzhnyk, Illya","Niemann, Hans Moke",1/2-1/2,104,white,"Nyzhnyk, Illya",hxg6+,1,hxg6+,32,32,32
177,49. Annual World Open,2021.07.05,8,"Nyzhnyk, Illya","Niemann, Hans Moke",1/2-1/2,105,black,"Niemann, Hans Moke",Kxg6,1,Kxg6,24,24,24
177,49. Annual World Open,2021.07.05,8,"Nyzhnyk, Illya","Niemann, Hans Moke",1/2-1/2,106,white,"Nyzhnyk, Illya",Rc4,5,Rf4,27,27,27
177,49. Annual World Open,2021.07.05,8,"Nyzhnyk, Illya","Niemann, Hans Moke",1/2-1/2,107,black,"Niemann, Hans Moke",Rxa4,10,Rf2,30,29,30
177,49. Annual World Open,2021.07.05,8,"Nyzhnyk, Illya","Niemann, Hans Moke",1/2-1/2,108,white,"Nyzhnyk, Illya",Rxa4,1,Rxa4,18,17,18
177,49. Annual World Open,2021.07.05,8,"Nyzhnyk, Illya","Niemann, Hans Moke",1/2-1/2,109,black,"Niemann, Hans Moke",Rxa4,1,Rxa4,18,17,18
177,49. Annual World Open,2021.07.05,8,"Nyzhnyk, Illya","Niemann, Hans Moke",1/2-1/2,110,white,"Nyzhnyk, Illya",Kg3,1,Kg3,27,26,27
177,49. Annual World Open,2021.07.05,8,"Nyzhnyk, Illya","Niemann, Hans Moke",1/2-1/2,111,black,"Niemann, Hans Moke",Ra3+,1,Ra3+,32,31,32
177,49. Annual World Open,2021.07.05,8,"Nyzhnyk, Illya","Niemann, Hans Moke",1/2-1/2,112,white,"Nyzhnyk, Illya",Kf4,2,Kh4,38,37,38
177,49. Annual World Open,2021.07.05,8,"Nyzhnyk, Illya","Niemann, Hans Moke",1/2-1/2,113,black,"Niemann, Hans Moke",Ra5,3,Ra2,36,35,36
177,49. Annual World Open,2021.07.05,8,"Nyzhnyk, Illya","Niemann, Hans Moke",1/2-1/2,114,white,"Nyzhnyk, Illya",Rh2,1,Rh2,35,34,35
177,49. Annual World Open,2021.07.05,8,"Nyzhnyk, Illya","Niemann, Hans Moke",1/2-1/2,115,black,"Niemann, Hans Moke",Ra1,2,Ra4+,37,36,37
177,49. Annual World Open,2021.07.05,8,"Nyzhnyk, Illya","Niemann, Hans Moke",1/2-1/2,116,white,"Nyzhnyk, Illya",Kf3,2,Rf2,36,36,36
177,49. Annual World Open,2021.07.05,8,"Nyzhnyk, Illya","Niemann, Hans Moke",1/2-1/2,117,black,"Niemann, Hans Moke",Ra4,3,Ra5,38,37,38
177,49. Annual World Open,2021.07.05,8,"Nyzhnyk, Illya","Niemann, Hans Moke",1/2-1/2,118,white,"Nyzhnyk, Illya",Rh1,6,Rh5,35,34,35
177,49. Annual World Open,2021.07.05,8,"Nyzhnyk, Illya","Niemann, Hans Moke",1/2-1/2,119,black,"Niemann, Hans Moke",Ra5,2,Ra3+,35,34,35
177,49. Annual World Open,2021.07.05,8,"Nyzhnyk, Illya","Niemann, Hans Moke",1/2-1/2,120,white,"Nyzhnyk, Illya",Kf4,4,Rh2,37,36,37
177,49. Annual World Open,2021.07.05,8,"Nyzhnyk, Illya","Niemann, Hans Moke",1/2-1/2,121,black,"Niemann, Hans Moke",f5,>10,Ra4+,38,37,38
177,49. Annual World Open,2021.07.05,8,"Nyzhnyk, Illya","Niemann, Hans Moke",1/2-1/2,122,white,"Nyzhnyk, Illya",gxf5+,1,gxf5+,32,32,32
177,49. Annual World Open,2021.07.05,8,"Nyzhnyk, Illya","Niemann, Hans Moke",1/2-1/2,123,black,"Niemann, Hans Moke",Rxf5+,1,Rxf5+,36,35,36
177,49. Annual World Open,2021.07.05,8,"Nyzhnyk, Illya","Niemann, Hans Moke",1/2-1/2,124,white,"Nyzhnyk, Illya",Kg3,2,Kg4,44,44,44
177,49. Annual World Open,2021.07.05,8,"Nyzhnyk, Illya","Niemann, Hans Moke",1/2-1/2,125,black,"Niemann, Hans Moke",Rg5+,1,Rg5+,41,41,41
177,49. Annual World Open,2021.07.05,8,"Nyzhnyk, Illya","Niemann, Hans Moke",1/2-1/2,126,white,"Nyzhnyk, Illya",Kh3,4,Kf4,32,31,32
177,49. Annual World Open,2021.07.05,8,"Nyzhnyk, Illya","Niemann, Hans Moke",1/2-1/2,127,black,"Niemann, Hans Moke",Rh5+,1,Rh5+,41,40,41
177,49. Annual World Open,2021.07.05,8,"Nyzhnyk, Illya","Niemann, Hans Moke",1/2-1/2,128,white,"Nyzhnyk, Illya",Kg2,1,Kg2,32,31,32
177,49. Annual World Open,2021.07.05,8,"Nyzhnyk, Illya","Niemann, Hans Moke",1/2-1/2,129,black,"Niemann, Hans Moke",Rxh1,1,Rxh1,29,28,29
177,49. Annual World Open,2021.07.05,8,"Nyzhnyk, Illya","Niemann, Hans Moke",1/2-1/2,130,white,"Nyzhnyk, Illya",Kxh1,1,Kxh1,31,30,31
214,USA Ch Junior 2021,2021.07.16,1.5,"Brodsky, David","Niemann, Hans Moke",1/2-1/2,0,white,"Brodsky, David",e4,B,,,,
214,USA Ch Junior 2021,2021.07.16,1.5,"Brodsky, David","Niemann, Hans Moke",1/2-1/2,1,black,"Niemann, Hans Moke",e5,B,,,,
214,USA Ch Junior 2021,2021.07.16,1.5,"Brodsky, David","Niemann, Hans Moke",1/2-1/2,2,white,"Brodsky, David",Nf3,B,,,,
214,USA Ch Junior 2021,2021.07.16,1.5,"Brodsky, David","Niemann, Hans Moke",1/2-1/2,3,black,"Niemann, Hans Moke",Nc6,B,,,,
214,USA Ch Junior 2021,2021.07.16,1.5,"Brodsky, David","Niemann, Hans Moke",1/2-1/2,4,white,"Brodsky, David",Bc4,B,,,,
214,USA Ch Junior 2021,2021.07.16,1.5,"Brodsky, David","Niemann, Hans Moke",1/2-1/2,5,black,"Niemann, Hans Moke",Nf6,B,,,,
214,USA Ch Junior 2021,2021.07.16,1.5,"Brodsky, David","Niemann, Hans Moke",1/2-1/2,6,white,"Brodsky, David",d3,B,,,,
214,USA Ch Junior 2021,2021.07.16,1.5,"Brodsky, David","Niemann, Hans Moke",1/2-1/2,7,black,"Niemann, Hans Moke",Be7,B,,,,
214,USA Ch Junior 2021,2021.07.16,1.5,"Brodsky, David","Niemann, Hans Moke",1/2-1/2,8,white,"Brodsky, David",O-O,B,,,,
214,USA Ch Junior 2021,2021.07.16,1.5,"Brodsky, David","Niemann, Hans Moke",1/2-1/2,9,black,"Niemann, Hans Moke",O-O,B,,,,
214,USA Ch Junior 2021,2021.07.16,1.5,"Brodsky, David","Niemann, Hans Moke",1/2-1/2,10,white,"Brodsky, David",a4,B,,,,
214,USA Ch Junior 2021,2021.07.16,1.5,"Brodsky, David","Niemann, Hans Moke",1/2-1/2,11,black,"Niemann, Hans Moke",d5,B,,,,
214,USA Ch Junior 2021,2021.07.16,1.5,"Brodsky, David","Niemann, Hans Moke",1/2-1/2,12,white,"Brodsky, David",exd5,B,,,,
214,USA Ch Junior 2021,2021.07.16,1.5,"Brodsky, David","Niemann, Hans Moke",1/2-1/2,13,black,"Niemann, Hans Moke",Nxd5,B,,,,
214,USA Ch Junior 2021,2021.07.16,1.5,"Brodsky, David","Niemann, Hans Moke",1/2-1/2,14,white,"Brodsky, David",Nbd2,5,h3,16,15,16
214,USA Ch Junior 2021,2021.07.16,1.5,"Brodsky, David","Niemann, Hans Moke",1/2-1/2,15,black,"Niemann, Hans Moke",Bg4,2,f6,17,16,17
214,USA Ch Junior 2021,2021.07.16,1.5,"Brodsky, David","Niemann, Hans Moke",1/2-1/2,16,white,"Brodsky, David",Re1,4,c3,16,15,16
214,USA Ch Junior 2021,2021.07.16,1.5,"Brodsky, David","Niemann, Hans Moke",1/2-1/2,17,black,"Niemann, Hans Moke",Kh8,2,f5,17,17,17
214,USA Ch Junior 2021,2021.07.16,1.5,"Brodsky, David","Niemann, Hans Moke",1/2-1/2,18,white,"Brodsky, David",h3,1,h3,17,16,17
214,USA Ch Junior 2021,2021.07.16,1.5,"Brodsky, David","Niemann, Hans Moke",1/2-1/2,19,black,"Niemann, Hans Moke",Bh5,1,Bh5,17,16,17
214,USA Ch Junior 2021,2021.07.16,1.5,"Brodsky, David","Niemann, Hans Moke",1/2-1/2,20,white,"Brodsky, David",Nf1,3,g4,17,16,17
214,USA Ch Junior 2021,2021.07.16,1.5,"Brodsky, David","Niemann, Hans Moke",1/2-1/2,21,black,"Niemann, Hans Moke",Ndb4,1,Ndb4,17,17,17
214,USA Ch Junior 2021,2021.07.16,1.5,"Brodsky, David","Niemann, Hans Moke",1/2-1/2,22,white,"Brodsky, David",Ne3,6,c3,17,16,17
214,USA Ch Junior 2021,2021.07.16,1.5,"Brodsky, David","Niemann, Hans Moke",1/2-1/2,23,black,"Niemann, Hans Moke",f5,1,f5,17,16,17
214,USA Ch Junior 2021,2021.07.16,1.5,"Brodsky, David","Niemann, Hans Moke",1/2-1/2,24,white,"Brodsky, David",c3,1,c3,16,15,16
214,USA Ch Junior 2021,2021.07.16,1.5,"Brodsky, David","Niemann, Hans Moke",1/2-1/2,25,black,"Niemann, Hans Moke",e4,2,Bd6,17,16,17
214,USA Ch Junior 2021,2021.07.16,1.5,"Brodsky, David","Niemann, Hans Moke",1/2-1/2,26,white,"Brodsky, David",dxe4,1,dxe4,17,16,17
214,USA Ch Junior 2021,2021.07.16,1.5,"Brodsky, David","Niemann, Hans Moke",1/2-1/2,27,black,"Niemann, Hans Moke",fxe4,1,fxe4,18,17,18
214,USA Ch Junior 2021,2021.07.16,1.5,"Brodsky, David","Niemann, Hans Moke",1/2-1/2,28,white,"Brodsky, David",cxb4,2,Qxd8,18,17,18
214,USA Ch Junior 2021,2021.07.16,1.5,"Brodsky, David","Niemann, Hans Moke",1/2-1/2,29,black,"Niemann, Hans Moke",Bxb4,3,Bd6,18,18,18
214,USA Ch Junior 2021,2021.07.16,1.5,"Brodsky, David","Niemann, Hans Moke",1/2-1/2,30,white,"Brodsky, David",Qxd8,1,Qxd8,18,17,18
214,USA Ch Junior 2021,2021.07.16,1.5,"Brodsky, David","Niemann, Hans Moke",1/2-1/2,31,black,"Niemann, Hans Moke",Raxd8,2,Rfxd8,17,16,17
214,USA Ch Junior 2021,2021.07.16,1.5,"Brodsky, David","Niemann, Hans Moke",1/2-1/2,32,white,"Brodsky, David",Nc2,1,Nc2,18,18,18
214,USA Ch Junior 2021,2021.07.16,1.5,"Brodsky, David","Niemann, Hans Moke",1/2-1/2,33,black,"Niemann, Hans Moke",exf3,1,exf3,17,16,17
214,USA Ch Junior 2021,2021.07.16,1.5,"Brodsky, David","Niemann, Hans Moke",1/2-1/2,34,white,"Brodsky, David",Nxb4,1,Nxb4,18,17,18
214,USA Ch Junior 2021,2021.07.16,1.5,"Brodsky, David","Niemann, Hans Moke",1/2-1/2,35,black,"Niemann, Hans Moke",Nxb4,1,Nxb4,18,17,18
214,USA Ch Junior 2021,2021.07.16,1.5,"Brodsky, David","Niemann, Hans Moke",1/2-1/2,36,white,"Brodsky, David",Bg5,1,Bg5,18,18,18
214,USA Ch Junior 2021,2021.07.16,1.5,"Brodsky, David","Niemann, Hans Moke",1/2-1/2,37,black,"Niemann, Hans Moke",Rc8,2,Rd4,18,17,18
214,USA Ch Junior 2021,2021.07.16,1.5,"Brodsky, David","Niemann, Hans Moke",1/2-1/2,38,white,"Brodsky, David",Be7,1,Be7,18,17,18
214,USA Ch Junior 2021,2021.07.16,1.5,"Brodsky, David","Niemann, Hans Moke",1/2-1/2,39,black,"Niemann, Hans Moke",Nc2,1,Nc2,18,17,18
214,USA Ch Junior 2021,2021.07.16,1.5,"Brodsky, David","Niemann, Hans Moke",1/2-1/2,40,white,"Brodsky, David",Bxf8,1,Bxf8,19,18,19
214,USA Ch Junior 2021,2021.07.16,1.5,"Brodsky, David","Niemann, Hans Moke",1/2-1/2,41,black,"Niemann, Hans Moke",Rxf8,1,Rxf8,18,17,18
214,USA Ch Junior 2021,2021.07.16,1.5,"Brodsky, David","Niemann, Hans Moke",1/2-1/2,42,white,"Brodsky, David",Re5,1,Re5,19,19,19
214,USA Ch Junior 2021,2021.07.16,1.5,"Brodsky, David","Niemann, Hans Moke",1/2-1/2,43,black,"Niemann, Hans Moke",Nxa1,1,Nxa1,18,17,18
214,USA Ch Junior 2021,2021.07.16,1.5,"Brodsky, David","Niemann, Hans Moke",1/2-1/2,44,white,"Brodsky, David",Rxh5,1,Rxh5,18,17,18
214,USA Ch Junior 2021,2021.07.16,1.5,"Brodsky, David","Niemann, Hans Moke",1/2-1/2,45,black,"Niemann, Hans Moke",fxg2,3,c6,18,17,18
214,USA Ch Junior 2021,2021.07.16,1.5,"Brodsky, David","Niemann, Hans Moke",1/2-1/2,46,white,"Brodsky, David",Re5,3,Rc5,20,19,20
214,USA Ch Junior 2021,2021.07.16,1.5,"Brodsky, David","Niemann, Hans Moke",1/2-1/2,47,black,"Niemann, Hans Moke",c6,1,c6,19,18,19
214,USA Ch Junior 2021,2021.07.16,1.5,"Brodsky, David","Niemann, Hans Moke",1/2-1/2,48,white,"Brodsky, David",Re7,1,Re7,21,20,21
214,USA Ch Junior 2021,2021.07.16,1.5,"Brodsky, David","Niemann, Hans Moke",1/2-1/2,49,black,"Niemann, Hans Moke",Rb8,1,Rb8,18,17,18
214,USA Ch Junior 2021,2021.07.16,1.5,"Brodsky, David","Niemann, Hans Moke",1/2-1/2,50,white,"Brodsky, David",Kxg2,2,a5,21,20,21
214,USA Ch Junior 2021,2021.07.16,1.5,"Brodsky, David","Niemann, Hans Moke",1/2-1/2,51,black,"Niemann, Hans Moke",Nc2,3,b5,18,17,18
214,USA Ch Junior 2021,2021.07.16,1.5,"Brodsky, David","Niemann, Hans Moke",1/2-1/2,52,white,"Brodsky, David",Kf3,5,a5,20,20,20
214,USA Ch Junior 2021,2021.07.16,1.5,"Brodsky, David","Niemann, Hans Moke",1/2-1/2,53,black,"Niemann, Hans Moke",a5,2,b5,19,18,19
214,USA Ch Junior 2021,2021.07.16,1.5,"Brodsky, David","Niemann, Hans Moke",1/2-1/2,54,white,"Brodsky, David",Ke4,1,Ke4,21,20,21
214,USA Ch Junior 2021,2021.07.16,1.5,"Brodsky, David","Niemann, Hans Moke",1/2-1/2,55,black,"Niemann, Hans Moke",Nb4,2,g6,19,18,19
214,USA Ch Junior 2021,2021.07.16,1.5,"Brodsky, David","Niemann, Hans Moke",1/2-1/2,56,white,"Brodsky, David",f4,3,Be6,22,22,22
214,USA Ch Junior 2021,2021.07.16,1.5,"Brodsky, David","Niemann, Hans Moke",1/2-1/2,57,black,"Niemann, Hans Moke",g6,1,g6,18,17,18
214,USA Ch Junior 2021,2021.07.16,1.5,"Brodsky, David","Niemann, Hans Moke",1/2-1/2,58,white,"Brodsky, David",Be6,5,f5,23,23,23
214,USA Ch Junior 2021,2021.07.16,1.5,"Brodsky, David","Niemann, Hans Moke",1/2-1/2,59,black,"Niemann, Hans Moke",b5,1,b5,19,18,19
214,USA Ch Junior 2021,2021.07.16,1.5,"Brodsky, David","Niemann, Hans Moke",1/2-1/2,60,white,"Brodsky, David",axb5,2,b3,21,20,21
214,USA Ch Junior 2021,2021.07.16,1.5,"Brodsky, David","Niemann, Hans Moke",1/2-1/2,61,black,"Niemann, Hans Moke",Rxb5,2,Nd5,19,18,19
214,USA Ch Junior 2021,2021.07.16,1.5,"Brodsky, David","Niemann, Hans Moke",1/2-1/2,62,white,"Brodsky, David",Rd7,1,Rd7,21,20,21
214,USA Ch Junior 2021,2021.07.16,1.5,"Brodsky, David","Niemann, Hans Moke",1/2-1/2,63,black,"Niemann, Hans Moke",Rh5,7,Nd5,23,22,23
214,USA Ch Junior 2021,2021.07.16,1.5,"Brodsky, David","Niemann, Hans Moke",1/2-1/2,64,white,"Brodsky, David",f5,5,Rd8+,24,23,24
214,USA Ch Junior 2021,2021.07.16,1.5,"Brodsky, David","Niemann, Hans Moke",1/2-1/2,65,black,"Niemann, Hans Moke",gxf5+,1,gxf5+,17,16,17
214,USA Ch Junior 2021,2021.07.16,1.5,"Brodsky, David","Niemann, Hans Moke",1/2-1/2,66,white,"Brodsky, David",Ke5,2,Bxf5,23,23,23
214,USA Ch Junior 2021,2021.07.16,1.5,"Brodsky, David","Niemann, Hans Moke",1/2-1/2,67,black,"Niemann, Hans Moke",Nd5,2,Rxh3,20,19,20
214,USA Ch Junior 2021,2021.07.16,1.5,"Brodsky, David","Niemann, Hans Moke",1/2-1/2,68,white,"Brodsky, David",Bxd5,1,Bxd5,21,20,21
214,USA Ch Junior 2021,2021.07.16,1.5,"Brodsky, David","Niemann, Hans Moke",1/2-1/2,69,black,"Niemann, Hans Moke",f4+,1,f4+,23,22,23
214,USA Ch Junior 2021,2021.07.16,1.5,"Brodsky, David","Niemann, Hans Moke",1/2-1/2,70,white,"Brodsky, David",Kxf4,1,Kxf4,19,19,19
214,USA Ch Junior 2021,2021.07.16,1.5,"Brodsky, David","Niemann, Hans Moke",1/2-1/2,71,black,"Niemann, Hans Moke",cxd5,1,cxd5,19,18,19
214,USA Ch Junior 2021,2021.07.16,1.5,"Brodsky, David","Niemann, Hans Moke",1/2-1/2,72,white,"Brodsky, David",Kg4,1,Kg4,23,22,23
214,USA Ch Junior 2021,2021.07.16,1.5,"Brodsky, David","Niemann, Hans Moke",1/2-1/2,73,black,"Niemann, Hans Moke",Re5,1,Re5,26,25,26
214,USA Ch Junior 2021,2021.07.16,1.5,"Brodsky, David","Niemann, Hans Moke",1/2-1/2,74,white,"Brodsky, David",Kf4,2,h4,26,25,26
214,USA Ch Junior 2021,2021.07.16,1.5,"Brodsky, David","Niemann, Hans Moke",1/2-1/2,75,black,"Niemann, Hans Moke",Re4+,5,Re8,27,26,27
214,USA Ch Junior 2021,2021.07.16,1.5,"Brodsky, David","Niemann, Hans Moke",1/2-1/2,76,white,"Brodsky, David",Kf5,2,Kg5,29,28,29
214,USA Ch Junior 2021,2021.07.16,1.5,"Brodsky, David","Niemann, Hans Moke",1/2-1/2,77,black,"Niemann, Hans Moke",Rd4,2,Rb4,28,27,28
214,USA Ch Junior 2021,2021.07.16,1.5,"Brodsky, David","Niemann, Hans Moke",1/2-1/2,78,white,"Brodsky, David",Kf6,4,Ra7,30,29,30
214,USA Ch Junior 2021,2021.07.16,1.5,"Brodsky, David","Niemann, Hans Moke",1/2-1/2,79,black,"Niemann, Hans Moke",Rf4+,1,Rf4+,39,39,39
214,USA Ch Junior 2021,2021.07.16,1.5,"Brodsky, David","Niemann, Hans Moke",1/2-1/2,80,white,"Brodsky, David",Kg5,1,Kg5,35,34,35
214,USA Ch Junior 2021,2021.07.16,1.5,"Brodsky, David","Niemann, Hans Moke",1/2-1/2,81,black,"Niemann, Hans Moke",Rd4,2,Rf8,30,29,30
214,USA Ch Junior 2021,2021.07.16,1.5,"Brodsky, David","Niemann, Hans Moke",1/2-1/2,82,white,"Brodsky, David",Kf6,1,Kf6,29,28,29
214,USA Ch Junior 2021,2021.07.16,1.5,"Brodsky, David","Niemann, Hans Moke",1/2-1/2,83,black,"Niemann, Hans Moke",Rf4+,1,Rf4+,38,38,38
215,USA Ch Junior 2021,2021.07.17,2.3,"Balakrishnan, Praveen","Niemann, Hans Moke",0-1,0,white,"Balakrishnan, Praveen",e4,B,,,,
215,USA Ch Junior 2021,2021.07.17,2.3,"Balakrishnan, Praveen","Niemann, Hans Moke",0-1,1,black,"Niemann, Hans Moke",e5,B,,,,
215,USA Ch Junior 2021,2021.07.17,2.3,"Balakrishnan, Praveen","Niemann, Hans Moke",0-1,2,white,"Balakrishnan, Praveen",Nf3,B,,,,
215,USA Ch Junior 2021,2021.07.17,2.3,"Balakrishnan, Praveen","Niemann, Hans Moke",0-1,3,black,"Niemann, Hans Moke",Nc6,B,,,,
215,USA Ch Junior 2021,2021.07.17,2.3,"Balakrishnan, Praveen","Niemann, Hans Moke",0-1,4,white,"Balakrishnan, Praveen",Bb5,B,,,,
215,USA Ch Junior 2021,2021.07.17,2.3,"Balakrishnan, Praveen","Niemann, Hans Moke",0-1,5,black,"Niemann, Hans Moke",a6,B,,,,
215,USA Ch Junior 2021,2021.07.17,2.3,"Balakrishnan, Praveen","Niemann, Hans Moke",0-1,6,white,"Balakrishnan, Praveen",Ba4,B,,,,
215,USA Ch Junior 2021,2021.07.17,2.3,"Balakrishnan, Praveen","Niemann, Hans Moke",0-1,7,black,"Niemann, Hans Moke",Nf6,B,,,,
215,USA Ch Junior 2021,2021.07.17,2.3,"Balakrishnan, Praveen","Niemann, Hans Moke",0-1,8,white,"Balakrishnan, Praveen",O-O,B,,,,
215,USA Ch Junior 2021,2021.07.17,2.3,"Balakrishnan, Praveen","Niemann, Hans Moke",0-1,9,black,"Niemann, Hans Moke",Be7,B,,,,
215,USA Ch Junior 2021,2021.07.17,2.3,"Balakrishnan, Praveen","Niemann, Hans Moke",0-1,10,white,"Balakrishnan, Praveen",Bxc6,B,,,,
215,USA Ch Junior 2021,2021.07.17,2.3,"Balakrishnan, Praveen","Niemann, Hans Moke",0-1,11,black,"Niemann, Hans Moke",dxc6,B,,,,
215,USA Ch Junior 2021,2021.07.17,2.3,"Balakrishnan, Praveen","Niemann, Hans Moke",0-1,12,white,"Balakrishnan, Praveen",d3,B,,,,
215,USA Ch Junior 2021,2021.07.17,2.3,"Balakrishnan, Praveen","Niemann, Hans Moke",0-1,13,black,"Niemann, Hans Moke",Nd7,B,,,,
215,USA Ch Junior 2021,2021.07.17,2.3,"Balakrishnan, Praveen","Niemann, Hans Moke",0-1,14,white,"Balakrishnan, Praveen",Nbd2,B,,,,
215,USA Ch Junior 2021,2021.07.17,2.3,"Balakrishnan, Praveen","Niemann, Hans Moke",0-1,15,black,"Niemann, Hans Moke",O-O,B,,,,
215,USA Ch Junior 2021,2021.07.17,2.3,"Balakrishnan, Praveen","Niemann, Hans Moke",0-1,16,white,"Balakrishnan, Praveen",Nc4,B,,,,
215,USA Ch Junior 2021,2021.07.17,2.3,"Balakrishnan, Praveen","Niemann, Hans Moke",0-1,17,black,"Niemann, Hans Moke",f6,B,,,,
215,USA Ch Junior 2021,2021.07.17,2.3,"Balakrishnan, Praveen","Niemann, Hans Moke",0-1,18,white,"Balakrishnan, Praveen",Nh4,B,,,,
215,USA Ch Junior 2021,2021.07.17,2.3,"Balakrishnan, Praveen","Niemann, Hans Moke",0-1,19,black,"Niemann, Hans Moke",g6,B,,,,
215,USA Ch Junior 2021,2021.07.17,2.3,"Balakrishnan, Praveen","Niemann, Hans Moke",0-1,20,white,"Balakrishnan, Praveen",Bh6,B,,,,
215,USA Ch Junior 2021,2021.07.17,2.3,"Balakrishnan, Praveen","Niemann, Hans Moke",0-1,21,black,"Niemann, Hans Moke",Rf7,B,,,,
215,USA Ch Junior 2021,2021.07.17,2.3,"Balakrishnan, Praveen","Niemann, Hans Moke",0-1,22,white,"Balakrishnan, Praveen",Qe2,9,Kh1,16,15,16
215,USA Ch Junior 2021,2021.07.17,2.3,"Balakrishnan, Praveen","Niemann, Hans Moke",0-1,23,black,"Niemann, Hans Moke",Nc5,10,Nf8,16,15,16
215,USA Ch Junior 2021,2021.07.17,2.3,"Balakrishnan, Praveen","Niemann, Hans Moke",0-1,24,white,"Balakrishnan, Praveen",f4,1,f4,17,16,17
215,USA Ch Junior 2021,2021.07.17,2.3,"Balakrishnan, Praveen","Niemann, Hans Moke",0-1,25,black,"Niemann, Hans Moke",exf4,1,exf4,16,15,16
215,USA Ch Junior 2021,2021.07.17,2.3,"Balakrishnan, Praveen","Niemann, Hans Moke",0-1,26,white,"Balakrishnan, Praveen",Rxf4,1,Rxf4,16,15,16
215,USA Ch Junior 2021,2021.07.17,2.3,"Balakrishnan, Praveen","Niemann, Hans Moke",0-1,27,black,"Niemann, Hans Moke",Be6,1,Be6,17,16,17
215,USA Ch Junior 2021,2021.07.17,2.3,"Balakrishnan, Praveen","Niemann, Hans Moke",0-1,28,white,"Balakrishnan, Praveen",Ne3,1,Ne3,16,15,16
215,USA Ch Junior 2021,2021.07.17,2.3,"Balakrishnan, Praveen","Niemann, Hans Moke",0-1,29,black,"Niemann, Hans Moke",Bd6,1,Bd6,17,16,17
215,USA Ch Junior 2021,2021.07.17,2.3,"Balakrishnan, Praveen","Niemann, Hans Moke",0-1,30,white,"Balakrishnan, Praveen",Rff1,1,Rff1,17,16,17
215,USA Ch Junior 2021,2021.07.17,2.3,"Balakrishnan, Praveen","Niemann, Hans Moke",0-1,31,black,"Niemann, Hans Moke",f5,1,f5,17,16,17
215,USA Ch Junior 2021,2021.07.17,2.3,"Balakrishnan, Praveen","Niemann, Hans Moke",0-1,32,white,"Balakrishnan, Praveen",Nf3,2,g3,17,16,17
215,USA Ch Junior 2021,2021.07.17,2.3,"Balakrishnan, Praveen","Niemann, Hans Moke",0-1,33,black,"Niemann, Hans Moke",fxe4,2,f4,17,16,17
215,USA Ch Junior 2021,2021.07.17,2.3,"Balakrishnan, Praveen","Niemann, Hans Moke",0-1,34,white,"Balakrishnan, Praveen",Ng5,1,Ng5,18,17,18
215,USA Ch Junior 2021,2021.07.17,2.3,"Balakrishnan, Praveen","Niemann, Hans Moke",0-1,35,black,"Niemann, Hans Moke",exd3,2,Rxf1+,17,16,17
215,USA Ch Junior 2021,2021.07.17,2.3,"Balakrishnan, Praveen","Niemann, Hans Moke",0-1,36,white,"Balakrishnan, Praveen",cxd3,1,cxd3,18,17,18
215,USA Ch Junior 2021,2021.07.17,2.3,"Balakrishnan, Praveen","Niemann, Hans Moke",0-1,37,black,"Niemann, Hans Moke",Rxf1+,1,Rxf1+,15,15,15
215,USA Ch Junior 2021,2021.07.17,2.3,"Balakrishnan, Praveen","Niemann, Hans Moke",0-1,38,white,"Balakrishnan, Praveen",Rxf1,1,Rxf1,19,18,19
215,USA Ch Junior 2021,2021.07.17,2.3,"Balakrishnan, Praveen","Niemann, Hans Moke",0-1,39,black,"Niemann, Hans Moke",Qe7,1,Qe7,18,18,18
215,USA Ch Junior 2021,2021.07.17,2.3,"Balakrishnan, Praveen","Niemann, Hans Moke",0-1,40,white,"Balakrishnan, Praveen",d4,1,d4,17,16,17
215,USA Ch Junior 2021,2021.07.17,2.3,"Balakrishnan, Praveen","Niemann, Hans Moke",0-1,41,black,"Niemann, Hans Moke",Nd7,1,Nd7,18,17,18
215,USA Ch Junior 2021,2021.07.17,2.3,"Balakrishnan, Praveen","Niemann, Hans Moke",0-1,42,white,"Balakrishnan, Praveen",b3,7,Qf3,17,16,17
215,USA Ch Junior 2021,2021.07.17,2.3,"Balakrishnan, Praveen","Niemann, Hans Moke",0-1,43,black,"Niemann, Hans Moke",Re8,2,Bd5,19,19,19
215,USA Ch Junior 2021,2021.07.17,2.3,"Balakrishnan, Praveen","Niemann, Hans Moke",0-1,44,white,"Balakrishnan, Praveen",Qf3,1,Qf3,18,17,18
215,USA Ch Junior 2021,2021.07.17,2.3,"Balakrishnan, Praveen","Niemann, Hans Moke",0-1,45,black,"Niemann, Hans Moke",Nb6,5,Bb4,18,17,18
215,USA Ch Junior 2021,2021.07.17,2.3,"Balakrishnan, Praveen","Niemann, Hans Moke",0-1,46,white,"Balakrishnan, Praveen",Ne4,1,Ne4,20,19,20
215,USA Ch Junior 2021,2021.07.17,2.3,"Balakrishnan, Praveen","Niemann, Hans Moke",0-1,47,black,"Niemann, Hans Moke",Nd7,1,Nd7,17,17,17
215,USA Ch Junior 2021,2021.07.17,2.3,"Balakrishnan, Praveen","Niemann, Hans Moke",0-1,48,white,"Balakrishnan, Praveen",Ng5,4,Bg5,19,19,19
215,USA Ch Junior 2021,2021.07.17,2.3,"Balakrishnan, Praveen","Niemann, Hans Moke",0-1,49,black,"Niemann, Hans Moke",a5,3,Bb4,18,17,18
215,USA Ch Junior 2021,2021.07.17,2.3,"Balakrishnan, Praveen","Niemann, Hans Moke",0-1,50,white,"Balakrishnan, Praveen",h4,4,Kh1,18,17,18
215,USA Ch Junior 2021,2021.07.17,2.3,"Balakrishnan, Praveen","Niemann, Hans Moke",0-1,51,black,"Niemann, Hans Moke",a4,2,Bb4,18,17,18
215,USA Ch Junior 2021,2021.07.17,2.3,"Balakrishnan, Praveen","Niemann, Hans Moke",0-1,52,white,"Balakrishnan, Praveen",h5,4,Kh1,18,18,18
215,USA Ch Junior 2021,2021.07.17,2.3,"Balakrishnan, Praveen","Niemann, Hans Moke",0-1,53,black,"Niemann, Hans Moke",Bxb3,1,Bxb3,17,16,17
215,USA Ch Junior 2021,2021.07.17,2.3,"Balakrishnan, Praveen","Niemann, Hans Moke",0-1,54,white,"Balakrishnan, Praveen",hxg6,1,hxg6,17,16,17
215,USA Ch Junior 2021,2021.07.17,2.3,"Balakrishnan, Praveen","Niemann, Hans Moke",0-1,55,black,"Niemann, Hans Moke",hxg6,1,hxg6,15,15,15
215,USA Ch Junior 2021,2021.07.17,2.3,"Balakrishnan, Praveen","Niemann, Hans Moke",0-1,56,white,"Balakrishnan, Praveen",Nf5,1,Nf5,18,17,18
215,USA Ch Junior 2021,2021.07.17,2.3,"Balakrishnan, Praveen","Niemann, Hans Moke",0-1,57,black,"Niemann, Hans Moke",Qf6,2,gxf5,17,17,17
215,USA Ch Junior 2021,2021.07.17,2.3,"Balakrishnan, Praveen","Niemann, Hans Moke",0-1,58,white,"Balakrishnan, Praveen",Nxd6,1,Nxd6,17,16,17
215,USA Ch Junior 2021,2021.07.17,2.3,"Balakrishnan, Praveen","Niemann, Hans Moke",0-1,59,black,"Niemann, Hans Moke",Qxd4+,1,Qxd4+,18,17,18
215,USA Ch Junior 2021,2021.07.17,2.3,"Balakrishnan, Praveen","Niemann, Hans Moke",0-1,60,white,"Balakrishnan, Praveen",Kh1,1,Kh1,19,18,19
215,USA Ch Junior 2021,2021.07.17,2.3,"Balakrishnan, Praveen","Niemann, Hans Moke",0-1,61,black,"Niemann, Hans Moke",Qh4+,1,Qh4+,17,16,17
215,USA Ch Junior 2021,2021.07.17,2.3,"Balakrishnan, Praveen","Niemann, Hans Moke",0-1,62,white,"Balakrishnan, Praveen",Kg1,1,Kg1,23,23,23
215,USA Ch Junior 2021,2021.07.17,2.3,"Balakrishnan, Praveen","Niemann, Hans Moke",0-1,63,black,"Niemann, Hans Moke",Qd4+,1,Qd4+,18,17,18
215,USA Ch Junior 2021,2021.07.17,2.3,"Balakrishnan, Praveen","Niemann, Hans Moke",0-1,64,white,"Balakrishnan, Praveen",Kh1,1,Kh1,20,19,20
215,USA Ch Junior 2021,2021.07.17,2.3,"Balakrishnan, Praveen","Niemann, Hans Moke",0-1,65,black,"Niemann, Hans Moke",Qh4+,1,Qh4+,18,17,18
215,USA Ch Junior 2021,2021.07.17,2.3,"Balakrishnan, Praveen","Niemann, Hans Moke",0-1,66,white,"Balakrishnan, Praveen",Nh3,3,Kg1,24,24,24
215,USA Ch Junior 2021,2021.07.17,2.3,"Balakrishnan, Praveen","Niemann, Hans Moke",0-1,67,black,"Niemann, Hans Moke",Bd5,1,Bd5,17,16,17
215,USA Ch Junior 2021,2021.07.17,2.3,"Balakrishnan, Praveen","Niemann, Hans Moke",0-1,68,white,"Balakrishnan, Praveen",Qd3,2,Bg5,17,16,17
215,USA Ch Junior 2021,2021.07.17,2.3,"Balakrishnan, Praveen","Niemann, Hans Moke",0-1,69,black,"Niemann, Hans Moke",Re6,3,Ne5,17,16,17
215,USA Ch Junior 2021,2021.07.17,2.3,"Balakrishnan, Praveen","Niemann, Hans Moke",0-1,70,white,"Balakrishnan, Praveen",Bg5,2,Nf7,16,16,16
215,USA Ch Junior 2021,2021.07.17,2.3,"Balakrishnan, Praveen","Niemann, Hans Moke",0-1,71,black,"Niemann, Hans Moke",Qg4,1,Qg4,18,17,18
215,USA Ch Junior 2021,2021.07.17,2.3,"Balakrishnan, Praveen","Niemann, Hans Moke",0-1,72,white,"Balakrishnan, Praveen",Nf4,3,Rf2,17,16,17
215,USA Ch Junior 2021,2021.07.17,2.3,"Balakrishnan, Praveen","Niemann, Hans Moke",0-1,73,black,"Niemann, Hans Moke",Qxg5,2,Rxd6,17,17,17
215,USA Ch Junior 2021,2021.07.17,2.3,"Balakrishnan, Praveen","Niemann, Hans Moke",0-1,74,white,"Balakrishnan, Praveen",Nxb7,6,Nf7,17,16,17
215,USA Ch Junior 2021,2021.07.17,2.3,"Balakrishnan, Praveen","Niemann, Hans Moke",0-1,75,black,"Niemann, Hans Moke",Rf6,2,Ne5,17,16,17
215,USA Ch Junior 2021,2021.07.17,2.3,"Balakrishnan, Praveen","Niemann, Hans Moke",0-1,76,white,"Balakrishnan, Praveen",Nxd5,1,Nxd5,15,14,15
215,USA Ch Junior 2021,2021.07.17,2.3,"Balakrishnan, Praveen","Niemann, Hans Moke",0-1,77,black,"Niemann, Hans Moke",Qxd5,3,cxd5,18,17,18
215,USA Ch Junior 2021,2021.07.17,2.3,"Balakrishnan, Praveen","Niemann, Hans Moke",0-1,78,white,"Balakrishnan, Praveen",Rd1,6,Qxd5+,16,16,16
215,USA Ch Junior 2021,2021.07.17,2.3,"Balakrishnan, Praveen","Niemann, Hans Moke",0-1,79,black,"Niemann, Hans Moke",Qh5+,1,Qh5+,17,17,17
215,USA Ch Junior 2021,2021.07.17,2.3,"Balakrishnan, Praveen","Niemann, Hans Moke",0-1,80,white,"Balakrishnan, Praveen",Kg1,1,Kg1,19,18,19
215,USA Ch Junior 2021,2021.07.17,2.3,"Balakrishnan, Praveen","Niemann, Hans Moke",0-1,81,black,"Niemann, Hans Moke",Ne5,1,Ne5,18,17,18
215,USA Ch Junior 2021,2021.07.17,2.3,"Balakrishnan, Praveen","Niemann, Hans Moke",0-1,82,white,"Balakrishnan, Praveen",Qd2,4,Qc2,15,15,15
215,USA Ch Junior 2021,2021.07.17,2.3,"Balakrishnan, Praveen","Niemann, Hans Moke",0-1,83,black,"Niemann, Hans Moke",Ng4,1,Ng4,17,17,17
215,USA Ch Junior 2021,2021.07.17,2.3,"Balakrishnan, Praveen","Niemann, Hans Moke",0-1,84,white,"Balakrishnan, Praveen",g3,1,g3,18,17,18
215,USA Ch Junior 2021,2021.07.17,2.3,"Balakrishnan, Praveen","Niemann, Hans Moke",0-1,85,black,"Niemann, Hans Moke",Nf2,4,Ne5,16,15,16
215,USA Ch Junior 2021,2021.07.17,2.3,"Balakrishnan, Praveen","Niemann, Hans Moke",0-1,86,white,"Balakrishnan, Praveen",Qd8+,1,Qd8+,19,19,19
215,USA Ch Junior 2021,2021.07.17,2.3,"Balakrishnan, Praveen","Niemann, Hans Moke",0-1,87,black,"Niemann, Hans Moke",Rf8,1,Rf8,19,19,19
215,USA Ch Junior 2021,2021.07.17,2.3,"Balakrishnan, Praveen","Niemann, Hans Moke",0-1,88,white,"Balakrishnan, Praveen",Qxf8+,1,Qxf8+,18,18,18
215,USA Ch Junior 2021,2021.07.17,2.3,"Balakrishnan, Praveen","Niemann, Hans Moke",0-1,89,black,"Niemann, Hans Moke",Kxf8,1,Kxf8,21,21,21
215,USA Ch Junior 2021,2021.07.17,2.3,"Balakrishnan, Praveen","Niemann, Hans Moke",0-1,90,white,"Balakrishnan, Praveen",Rd8+,2,Rf1,15,14,15
215,USA Ch Junior 2021,2021.07.17,2.3,"Balakrishnan, Praveen","Niemann, Hans Moke",0-1,91,black,"Niemann, Hans Moke",Ke7,2,Kg7,18,17,18
215,USA Ch Junior 2021,2021.07.17,2.3,"Balakrishnan, Praveen","Niemann, Hans Moke",0-1,92,white,"Balakrishnan, Praveen",Kxf2,1,Kxf2,15,14,15
215,USA Ch Junior 2021,2021.07.17,2.3,"Balakrishnan, Praveen","Niemann, Hans Moke",0-1,93,black,"Niemann, Hans Moke",Qh2+,1,Qh2+,15,14,15
215,USA Ch Junior 2021,2021.07.17,2.3,"Balakrishnan, Praveen","Niemann, Hans Moke",0-1,94,white,"Balakrishnan, Praveen",Kf3,1,Kf3,17,16,17
215,USA Ch Junior 2021,2021.07.17,2.3,"Balakrishnan, Praveen","Niemann, Hans Moke",0-1,95,black,"Niemann, Hans Moke",Qxa2,1,Qxa2,16,16,16
215,USA Ch Junior 2021,2021.07.17,2.3,"Balakrishnan, Praveen","Niemann, Hans Moke",0-1,96,white,"Balakrishnan, Praveen",Rd3,1,Rd3,15,14,15
215,USA Ch Junior 2021,2021.07.17,2.3,"Balakrishnan, Praveen","Niemann, Hans Moke",0-1,97,black,"Niemann, Hans Moke",a3,2,Qb1,15,14,15
215,USA Ch Junior 2021,2021.07.17,2.3,"Balakrishnan, Praveen","Niemann, Hans Moke",0-1,98,white,"Balakrishnan, Praveen",Re3+,3,Na5,15,14,15
215,USA Ch Junior 2021,2021.07.17,2.3,"Balakrishnan, Praveen","Niemann, Hans Moke",0-1,99,black,"Niemann, Hans Moke",Kf8,2,Kf7,17,16,17
216,USA Ch Junior 2021,2021.07.18,3.4,"Niemann, Hans Moke","Checa, Nicolas",1-0,0,white,"Niemann, Hans Moke",e4,B,,,,
216,USA Ch Junior 2021,2021.07.18,3.4,"Niemann, Hans Moke","Checa, Nicolas",1-0,1,black,"Checa, Nicolas",e6,B,,,,
216,USA Ch Junior 2021,2021.07.18,3.4,"Niemann, Hans Moke","Checa, Nicolas",1-0,2,white,"Niemann, Hans Moke",d4,B,,,,
216,USA Ch Junior 2021,2021.07.18,3.4,"Niemann, Hans Moke","Checa, Nicolas",1-0,3,black,"Checa, Nicolas",d5,B,,,,
216,USA Ch Junior 2021,2021.07.18,3.4,"Niemann, Hans Moke","Checa, Nicolas",1-0,4,white,"Niemann, Hans Moke",Nc3,B,,,,
216,USA Ch Junior 2021,2021.07.18,3.4,"Niemann, Hans Moke","Checa, Nicolas",1-0,5,black,"Checa, Nicolas",Nf6,B,,,,
216,USA Ch Junior 2021,2021.07.18,3.4,"Niemann, Hans Moke","Checa, Nicolas",1-0,6,white,"Niemann, Hans Moke",Bg5,B,,,,
216,USA Ch Junior 2021,2021.07.18,3.4,"Niemann, Hans Moke","Checa, Nicolas",1-0,7,black,"Checa, Nicolas",dxe4,B,,,,
216,USA Ch Junior 2021,2021.07.18,3.4,"Niemann, Hans Moke","Checa, Nicolas",1-0,8,white,"Niemann, Hans Moke",Nxe4,B,,,,
216,USA Ch Junior 2021,2021.07.18,3.4,"Niemann, Hans Moke","Checa, Nicolas",1-0,9,black,"Checa, Nicolas",Nbd7,B,,,,
216,USA Ch Junior 2021,2021.07.18,3.4,"Niemann, Hans Moke","Checa, Nicolas",1-0,10,white,"Niemann, Hans Moke",Nf3,B,,,,
216,USA Ch Junior 2021,2021.07.18,3.4,"Niemann, Hans Moke","Checa, Nicolas",1-0,11,black,"Checa, Nicolas",Be7,B,,,,
216,USA Ch Junior 2021,2021.07.18,3.4,"Niemann, Hans Moke","Checa, Nicolas",1-0,12,white,"Niemann, Hans Moke",Nxf6+,B,,,,
216,USA Ch Junior 2021,2021.07.18,3.4,"Niemann, Hans Moke","Checa, Nicolas",1-0,13,black,"Checa, Nicolas",Nxf6,B,,,,
216,USA Ch Junior 2021,2021.07.18,3.4,"Niemann, Hans Moke","Checa, Nicolas",1-0,14,white,"Niemann, Hans Moke",Bd3,B,,,,
216,USA Ch Junior 2021,2021.07.18,3.4,"Niemann, Hans Moke","Checa, Nicolas",1-0,15,black,"Checa, Nicolas",c5,B,,,,
216,USA Ch Junior 2021,2021.07.18,3.4,"Niemann, Hans Moke","Checa, Nicolas",1-0,16,white,"Niemann, Hans Moke",dxc5,B,,,,
216,USA Ch Junior 2021,2021.07.18,3.4,"Niemann, Hans Moke","Checa, Nicolas",1-0,17,black,"Checa, Nicolas",Qa5+,B,,,,
216,USA Ch Junior 2021,2021.07.18,3.4,"Niemann, Hans Moke","Checa, Nicolas",1-0,18,white,"Niemann, Hans Moke",c3,B,,,,
216,USA Ch Junior 2021,2021.07.18,3.4,"Niemann, Hans Moke","Checa, Nicolas",1-0,19,black,"Checa, Nicolas",Qxc5,B,,,,
216,USA Ch Junior 2021,2021.07.18,3.4,"Niemann, Hans Moke","Checa, Nicolas",1-0,20,white,"Niemann, Hans Moke",Qe2,B,,,,
216,USA Ch Junior 2021,2021.07.18,3.4,"Niemann, Hans Moke","Checa, Nicolas",1-0,21,black,"Checa, Nicolas",O-O,2,Bd7,16,16,16
216,USA Ch Junior 2021,2021.07.18,3.4,"Niemann, Hans Moke","Checa, Nicolas",1-0,22,white,"Niemann, Hans Moke",O-O-O,B,,,,
216,USA Ch Junior 2021,2021.07.18,3.4,"Niemann, Hans Moke","Checa, Nicolas",1-0,23,black,"Checa, Nicolas",Ng4,>10,h6,16,15,16
216,USA Ch Junior 2021,2021.07.18,3.4,"Niemann, Hans Moke","Checa, Nicolas",1-0,24,white,"Niemann, Hans Moke",Bxe7,1,Bxe7,18,17,18
216,USA Ch Junior 2021,2021.07.18,3.4,"Niemann, Hans Moke","Checa, Nicolas",1-0,25,black,"Checa, Nicolas",Qxe7,1,Qxe7,17,16,17
216,USA Ch Junior 2021,2021.07.18,3.4,"Niemann, Hans Moke","Checa, Nicolas",1-0,26,white,"Niemann, Hans Moke",Qe4,1,Qe4,17,16,17
216,USA Ch Junior 2021,2021.07.18,3.4,"Niemann, Hans Moke","Checa, Nicolas",1-0,27,black,"Checa, Nicolas",Nf6,2,f5,17,16,17
216,USA Ch Junior 2021,2021.07.18,3.4,"Niemann, Hans Moke","Checa, Nicolas",1-0,28,white,"Niemann, Hans Moke",Qh4,1,Qh4,18,17,18
216,USA Ch Junior 2021,2021.07.18,3.4,"Niemann, Hans Moke","Checa, Nicolas",1-0,29,black,"Checa, Nicolas",Re8,3,Qc7,17,16,17
216,USA Ch Junior 2021,2021.07.18,3.4,"Niemann, Hans Moke","Checa, Nicolas",1-0,30,white,"Niemann, Hans Moke",g4,1,g4,16,15,16
216,USA Ch Junior 2021,2021.07.18,3.4,"Niemann, Hans Moke","Checa, Nicolas",1-0,31,black,"Checa, Nicolas",g6,1,g6,17,16,17
216,USA Ch Junior 2021,2021.07.18,3.4,"Niemann, Hans Moke","Checa, Nicolas",1-0,32,white,"Niemann, Hans Moke",g5,1,g5,16,16,16
216,USA Ch Junior 2021,2021.07.18,3.4,"Niemann, Hans Moke","Checa, Nicolas",1-0,33,black,"Checa, Nicolas",Nd5,1,Nd5,17,16,17
216,USA Ch Junior 2021,2021.07.18,3.4,"Niemann, Hans Moke","Checa, Nicolas",1-0,34,white,"Niemann, Hans Moke",Ne5,4,Rhe1,16,15,16
216,USA Ch Junior 2021,2021.07.18,3.4,"Niemann, Hans Moke","Checa, Nicolas",1-0,35,black,"Checa, Nicolas",f6,10,Bd7,15,15,15
216,USA Ch Junior 2021,2021.07.18,3.4,"Niemann, Hans Moke","Checa, Nicolas",1-0,36,white,"Niemann, Hans Moke",Nxg6,1,Nxg6,17,17,17
216,USA Ch Junior 2021,2021.07.18,3.4,"Niemann, Hans Moke","Checa, Nicolas",1-0,37,black,"Checa, Nicolas",hxg6,1,hxg6,16,15,16
216,USA Ch Junior 2021,2021.07.18,3.4,"Niemann, Hans Moke","Checa, Nicolas",1-0,38,white,"Niemann, Hans Moke",Bxg6,1,Bxg6,16,15,16
216,USA Ch Junior 2021,2021.07.18,3.4,"Niemann, Hans Moke","Checa, Nicolas",1-0,39,black,"Checa, Nicolas",fxg5,1,fxg5,17,16,17
216,USA Ch Junior 2021,2021.07.18,3.4,"Niemann, Hans Moke","Checa, Nicolas",1-0,40,white,"Niemann, Hans Moke",Qh6,1,Qh6,17,16,17
216,USA Ch Junior 2021,2021.07.18,3.4,"Niemann, Hans Moke","Checa, Nicolas",1-0,41,black,"Checa, Nicolas",Bd7,1,Bd7,17,16,17
216,USA Ch Junior 2021,2021.07.18,3.4,"Niemann, Hans Moke","Checa, Nicolas",1-0,42,white,"Niemann, Hans Moke",Bxe8,2,Rhg1,16,15,16
216,USA Ch Junior 2021,2021.07.18,3.4,"Niemann, Hans Moke","Checa, Nicolas",1-0,43,black,"Checa, Nicolas",Qxe8,2,Rxe8,16,16,16
216,USA Ch Junior 2021,2021.07.18,3.4,"Niemann, Hans Moke","Checa, Nicolas",1-0,44,white,"Niemann, Hans Moke",Rhg1,1,Rhg1,17,16,17
216,USA Ch Junior 2021,2021.07.18,3.4,"Niemann, Hans Moke","Checa, Nicolas",1-0,45,black,"Checa, Nicolas",Kf7,1,Kf7,18,17,18
216,USA Ch Junior 2021,2021.07.18,3.4,"Niemann, Hans Moke","Checa, Nicolas",1-0,46,white,"Niemann, Hans Moke",Rxg5,3,Qh7+,17,16,17
216,USA Ch Junior 2021,2021.07.18,3.4,"Niemann, Hans Moke","Checa, Nicolas",1-0,47,black,"Checa, Nicolas",Qh8,1,Qh8,18,17,18
216,USA Ch Junior 2021,2021.07.18,3.4,"Niemann, Hans Moke","Checa, Nicolas",1-0,48,white,"Niemann, Hans Moke",Qg6+,1,Qg6+,17,16,17
216,USA Ch Junior 2021,2021.07.18,3.4,"Niemann, Hans Moke","Checa, Nicolas",1-0,49,black,"Checa, Nicolas",Ke7,1,Ke7,23,23,23
216,USA Ch Junior 2021,2021.07.18,3.4,"Niemann, Hans Moke","Checa, Nicolas",1-0,50,white,"Niemann, Hans Moke",Rh5,1,Rh5,17,16,17
216,USA Ch Junior 2021,2021.07.18,3.4,"Niemann, Hans Moke","Checa, Nicolas",1-0,51,black,"Checa, Nicolas",Qf8,1,Qf8,15,14,15
216,USA Ch Junior 2021,2021.07.18,3.4,"Niemann, Hans Moke","Checa, Nicolas",1-0,52,white,"Niemann, Hans Moke",Rh7+,2,Qg5+,17,16,17
216,USA Ch Junior 2021,2021.07.18,3.4,"Niemann, Hans Moke","Checa, Nicolas",1-0,53,black,"Checa, Nicolas",Kd8,1,Kd8,23,23,23
216,USA Ch Junior 2021,2021.07.18,3.4,"Niemann, Hans Moke","Checa, Nicolas",1-0,54,white,"Niemann, Hans Moke",Rf7,1,Rf7,17,16,17
216,USA Ch Junior 2021,2021.07.18,3.4,"Niemann, Hans Moke","Checa, Nicolas",1-0,55,black,"Checa, Nicolas",Qh8,3,Qc5,16,15,16
216,USA Ch Junior 2021,2021.07.18,3.4,"Niemann, Hans Moke","Checa, Nicolas",1-0,56,white,"Niemann, Hans Moke",Rxd5,3,Rg7,17,16,17
216,USA Ch Junior 2021,2021.07.18,3.4,"Niemann, Hans Moke","Checa, Nicolas",1-0,57,black,"Checa, Nicolas",exd5,1,exd5,22,22,22
216,USA Ch Junior 2021,2021.07.18,3.4,"Niemann, Hans Moke","Checa, Nicolas",1-0,58,white,"Niemann, Hans Moke",Qd6,1,Qd6,19,18,19
217,USA Ch Junior 2021,2021.07.19,4.3,"Hong, Andrew","Niemann, Hans Moke",0-1,0,white,"Hong, Andrew",e4,B,,,,
217,USA Ch Junior 2021,2021.07.19,4.3,"Hong, Andrew","Niemann, Hans Moke",0-1,1,black,"Niemann, Hans Moke",c6,B,,,,
217,USA Ch Junior 2021,2021.07.19,4.3,"Hong, Andrew","Niemann, Hans Moke",0-1,2,white,"Hong, Andrew",d4,B,,,,
217,USA Ch Junior 2021,2021.07.19,4.3,"Hong, Andrew","Niemann, Hans Moke",0-1,3,black,"Niemann, Hans Moke",d5,B,,,,
217,USA Ch Junior 2021,2021.07.19,4.3,"Hong, Andrew","Niemann, Hans Moke",0-1,4,white,"Hong, Andrew",e5,B,,,,
217,USA Ch Junior 2021,2021.07.19,4.3,"Hong, Andrew","Niemann, Hans Moke",0-1,5,black,"Niemann, Hans Moke",c5,B,,,,
217,USA Ch Junior 2021,2021.07.19,4.3,"Hong, Andrew","Niemann, Hans Moke",0-1,6,white,"Hong, Andrew",Nf3,B,,,,
217,USA Ch Junior 2021,2021.07.19,4.3,"Hong, Andrew","Niemann, Hans Moke",0-1,7,black,"Niemann, Hans Moke",cxd4,B,,,,
217,USA Ch Junior 2021,2021.07.19,4.3,"Hong, Andrew","Niemann, Hans Moke",0-1,8,white,"Hong, Andrew",Qxd4,B,,,,
217,USA Ch Junior 2021,2021.07.19,4.3,"Hong, Andrew","Niemann, Hans Moke",0-1,9,black,"Niemann, Hans Moke",Nc6,2,e6,17,16,17
217,USA Ch Junior 2021,2021.07.19,4.3,"Hong, Andrew","Niemann, Hans Moke",0-1,10,white,"Hong, Andrew",Qf4,B,,,,
217,USA Ch Junior 2021,2021.07.19,4.3,"Hong, Andrew","Niemann, Hans Moke",0-1,11,black,"Niemann, Hans Moke",g6,5,e6,17,16,17
217,USA Ch Junior 2021,2021.07.19,4.3,"Hong, Andrew","Niemann, Hans Moke",0-1,12,white,"Hong, Andrew",Nc3,1,Nc3,16,15,16
217,USA Ch Junior 2021,2021.07.19,4.3,"Hong, Andrew","Niemann, Hans Moke",0-1,13,black,"Niemann, Hans Moke",d4,2,a6,16,15,16
217,USA Ch Junior 2021,2021.07.19,4.3,"Hong, Andrew","Niemann, Hans Moke",0-1,14,white,"Hong, Andrew",Ne4,3,Bc4,17,16,17
217,USA Ch Junior 2021,2021.07.19,4.3,"Hong, Andrew","Niemann, Hans Moke",0-1,15,black,"Niemann, Hans Moke",Bh6,8,Qd5,17,16,17
217,USA Ch Junior 2021,2021.07.19,4.3,"Hong, Andrew","Niemann, Hans Moke",0-1,16,white,"Hong, Andrew",Neg5,2,Qh4,17,16,17
217,USA Ch Junior 2021,2021.07.19,4.3,"Hong, Andrew","Niemann, Hans Moke",0-1,17,black,"Niemann, Hans Moke",f6,2,Bxg5,17,16,17
217,USA Ch Junior 2021,2021.07.19,4.3,"Hong, Andrew","Niemann, Hans Moke",0-1,18,white,"Hong, Andrew",exf6,1,exf6,17,17,17
217,USA Ch Junior 2021,2021.07.19,4.3,"Hong, Andrew","Niemann, Hans Moke",0-1,19,black,"Niemann, Hans Moke",exf6,1,exf6,17,16,17
217,USA Ch Junior 2021,2021.07.19,4.3,"Hong, Andrew","Niemann, Hans Moke",0-1,20,white,"Hong, Andrew",Qe4+,1,Qe4+,17,16,17
217,USA Ch Junior 2021,2021.07.19,4.3,"Hong, Andrew","Niemann, Hans Moke",0-1,21,black,"Niemann, Hans Moke",Kf8,1,Kf8,19,18,19
217,USA Ch Junior 2021,2021.07.19,4.3,"Hong, Andrew","Niemann, Hans Moke",0-1,22,white,"Hong, Andrew",Ne6+,1,Ne6+,17,16,17
217,USA Ch Junior 2021,2021.07.19,4.3,"Hong, Andrew","Niemann, Hans Moke",0-1,23,black,"Niemann, Hans Moke",Bxe6,1,Bxe6,20,19,20
217,USA Ch Junior 2021,2021.07.19,4.3,"Hong, Andrew","Niemann, Hans Moke",0-1,24,white,"Hong, Andrew",Bxh6+,1,Bxh6+,16,15,16
217,USA Ch Junior 2021,2021.07.19,4.3,"Hong, Andrew","Niemann, Hans Moke",0-1,25,black,"Niemann, Hans Moke",Kf7,1,Kf7,21,20,21
217,USA Ch Junior 2021,2021.07.19,4.3,"Hong, Andrew","Niemann, Hans Moke",0-1,26,white,"Hong, Andrew",Bd2,1,Bd2,17,16,17
217,USA Ch Junior 2021,2021.07.19,4.3,"Hong, Andrew","Niemann, Hans Moke",0-1,27,black,"Niemann, Hans Moke",Bd5,1,Bd5,17,16,17
217,USA Ch Junior 2021,2021.07.19,4.3,"Hong, Andrew","Niemann, Hans Moke",0-1,28,white,"Hong, Andrew",Qe2,2,Qf4,17,16,17
217,USA Ch Junior 2021,2021.07.19,4.3,"Hong, Andrew","Niemann, Hans Moke",0-1,29,black,"Niemann, Hans Moke",Nge7,3,Rc8,17,16,17
217,USA Ch Junior 2021,2021.07.19,4.3,"Hong, Andrew","Niemann, Hans Moke",0-1,30,white,"Hong, Andrew",O-O-O,3,Qd3,16,15,16
217,USA Ch Junior 2021,2021.07.19,4.3,"Hong, Andrew","Niemann, Hans Moke",0-1,31,black,"Niemann, Hans Moke",Re8,4,Rc8,16,15,16
217,USA Ch Junior 2021,2021.07.19,4.3,"Hong, Andrew","Niemann, Hans Moke",0-1,32,white,"Hong, Andrew",Qd3,2,Qb5,16,15,16
217,USA Ch Junior 2021,2021.07.19,4.3,"Hong, Andrew","Niemann, Hans Moke",0-1,33,black,"Niemann, Hans Moke",Qb6,1,Qb6,16,15,16
217,USA Ch Junior 2021,2021.07.19,4.3,"Hong, Andrew","Niemann, Hans Moke",0-1,34,white,"Hong, Andrew",Qb5,5,h4,17,16,17
217,USA Ch Junior 2021,2021.07.19,4.3,"Hong, Andrew","Niemann, Hans Moke",0-1,35,black,"Niemann, Hans Moke",Qxb5,1,Qxb5,17,16,17
217,USA Ch Junior 2021,2021.07.19,4.3,"Hong, Andrew","Niemann, Hans Moke",0-1,36,white,"Hong, Andrew",Bxb5,1,Bxb5,16,15,16
217,USA Ch Junior 2021,2021.07.19,4.3,"Hong, Andrew","Niemann, Hans Moke",0-1,37,black,"Niemann, Hans Moke",a6,1,a6,17,16,17
217,USA Ch Junior 2021,2021.07.19,4.3,"Hong, Andrew","Niemann, Hans Moke",0-1,38,white,"Hong, Andrew",Bd3,2,Be2,17,16,17
217,USA Ch Junior 2021,2021.07.19,4.3,"Hong, Andrew","Niemann, Hans Moke",0-1,39,black,"Niemann, Hans Moke",Bxf3,>10,Rac8,17,16,17
217,USA Ch Junior 2021,2021.07.19,4.3,"Hong, Andrew","Niemann, Hans Moke",0-1,40,white,"Hong, Andrew",gxf3,1,gxf3,17,16,17
217,USA Ch Junior 2021,2021.07.19,4.3,"Hong, Andrew","Niemann, Hans Moke",0-1,41,black,"Niemann, Hans Moke",Ne5,3,b5,17,16,17
217,USA Ch Junior 2021,2021.07.19,4.3,"Hong, Andrew","Niemann, Hans Moke",0-1,42,white,"Hong, Andrew",Be4,1,Be4,18,17,18
217,USA Ch Junior 2021,2021.07.19,4.3,"Hong, Andrew","Niemann, Hans Moke",0-1,43,black,"Niemann, Hans Moke",f5,2,Rac8,18,17,18
217,USA Ch Junior 2021,2021.07.19,4.3,"Hong, Andrew","Niemann, Hans Moke",0-1,44,white,"Hong, Andrew",Bf4,2,Bxb7,18,17,18
217,USA Ch Junior 2021,2021.07.19,4.3,"Hong, Andrew","Niemann, Hans Moke",0-1,45,black,"Niemann, Hans Moke",N5c6,2,fxe4,19,18,19
217,USA Ch Junior 2021,2021.07.19,4.3,"Hong, Andrew","Niemann, Hans Moke",0-1,46,white,"Hong, Andrew",Bd3,1,Bd3,18,17,18
217,USA Ch Junior 2021,2021.07.19,4.3,"Hong, Andrew","Niemann, Hans Moke",0-1,47,black,"Niemann, Hans Moke",b5,1,b5,19,18,19
217,USA Ch Junior 2021,2021.07.19,4.3,"Hong, Andrew","Niemann, Hans Moke",0-1,48,white,"Hong, Andrew",Bd6,>10,c4,18,17,18
217,USA Ch Junior 2021,2021.07.19,4.3,"Hong, Andrew","Niemann, Hans Moke",0-1,49,black,"Niemann, Hans Moke",Nd5,2,Rad8,17,16,17
217,USA Ch Junior 2021,2021.07.19,4.3,"Hong, Andrew","Niemann, Hans Moke",0-1,50,white,"Hong, Andrew",a4,4,h4,17,16,17
217,USA Ch Junior 2021,2021.07.19,4.3,"Hong, Andrew","Niemann, Hans Moke",0-1,51,black,"Niemann, Hans Moke",Red8,1,Red8,18,18,18
217,USA Ch Junior 2021,2021.07.19,4.3,"Hong, Andrew","Niemann, Hans Moke",0-1,52,white,"Hong, Andrew",Bc5,2,Bg3,17,17,17
217,USA Ch Junior 2021,2021.07.19,4.3,"Hong, Andrew","Niemann, Hans Moke",0-1,53,black,"Niemann, Hans Moke",Rab8,3,Ne5,18,17,18
217,USA Ch Junior 2021,2021.07.19,4.3,"Hong, Andrew","Niemann, Hans Moke",0-1,54,white,"Hong, Andrew",axb5,2,Kd2,18,18,18
217,USA Ch Junior 2021,2021.07.19,4.3,"Hong, Andrew","Niemann, Hans Moke",0-1,55,black,"Niemann, Hans Moke",axb5,1,axb5,18,17,18
217,USA Ch Junior 2021,2021.07.19,4.3,"Hong, Andrew","Niemann, Hans Moke",0-1,56,white,"Hong, Andrew",Rhe1,3,Kd2,18,17,18
217,USA Ch Junior 2021,2021.07.19,4.3,"Hong, Andrew","Niemann, Hans Moke",0-1,57,black,"Niemann, Hans Moke",Nf4,1,Nf4,18,17,18
217,USA Ch Junior 2021,2021.07.19,4.3,"Hong, Andrew","Niemann, Hans Moke",0-1,58,white,"Hong, Andrew",b3,4,Kd2,18,17,18
217,USA Ch Junior 2021,2021.07.19,4.3,"Hong, Andrew","Niemann, Hans Moke",0-1,59,black,"Niemann, Hans Moke",Rd5,1,Rd5,17,16,17
217,USA Ch Junior 2021,2021.07.19,4.3,"Hong, Andrew","Niemann, Hans Moke",0-1,60,white,"Hong, Andrew",Ba3,2,b4,17,16,17
217,USA Ch Junior 2021,2021.07.19,4.3,"Hong, Andrew","Niemann, Hans Moke",0-1,61,black,"Niemann, Hans Moke",Nxd3+,1,Nxd3+,18,18,18
217,USA Ch Junior 2021,2021.07.19,4.3,"Hong, Andrew","Niemann, Hans Moke",0-1,62,white,"Hong, Andrew",Rxd3,1,Rxd3,21,20,21
217,USA Ch Junior 2021,2021.07.19,4.3,"Hong, Andrew","Niemann, Hans Moke",0-1,63,black,"Niemann, Hans Moke",Ne5,1,Ne5,18,17,18
217,USA Ch Junior 2021,2021.07.19,4.3,"Hong, Andrew","Niemann, Hans Moke",0-1,64,white,"Hong, Andrew",Rxe5,1,Rxe5,18,17,18
217,USA Ch Junior 2021,2021.07.19,4.3,"Hong, Andrew","Niemann, Hans Moke",0-1,65,black,"Niemann, Hans Moke",Rxe5,1,Rxe5,15,14,15
217,USA Ch Junior 2021,2021.07.19,4.3,"Hong, Andrew","Niemann, Hans Moke",0-1,66,white,"Hong, Andrew",Rxd4,1,Rxd4,18,17,18
217,USA Ch Junior 2021,2021.07.19,4.3,"Hong, Andrew","Niemann, Hans Moke",0-1,67,black,"Niemann, Hans Moke",Re1+,3,Ra8,17,16,17
217,USA Ch Junior 2021,2021.07.19,4.3,"Hong, Andrew","Niemann, Hans Moke",0-1,68,white,"Hong, Andrew",Kb2,2,Kd2,22,21,22
217,USA Ch Junior 2021,2021.07.19,4.3,"Hong, Andrew","Niemann, Hans Moke",0-1,69,black,"Niemann, Hans Moke",Rb7,6,Rf1,17,16,17
217,USA Ch Junior 2021,2021.07.19,4.3,"Hong, Andrew","Niemann, Hans Moke",0-1,70,white,"Hong, Andrew",Rd2,>10,Bc5,18,17,18
217,USA Ch Junior 2021,2021.07.19,4.3,"Hong, Andrew","Niemann, Hans Moke",0-1,71,black,"Niemann, Hans Moke",b4,1,b4,17,16,17
217,USA Ch Junior 2021,2021.07.19,4.3,"Hong, Andrew","Niemann, Hans Moke",0-1,72,white,"Hong, Andrew",Bxb4,1,Bxb4,17,16,17
217,USA Ch Junior 2021,2021.07.19,4.3,"Hong, Andrew","Niemann, Hans Moke",0-1,73,black,"Niemann, Hans Moke",Rxb4,1,Rxb4,18,18,18
217,USA Ch Junior 2021,2021.07.19,4.3,"Hong, Andrew","Niemann, Hans Moke",0-1,74,white,"Hong, Andrew",Rd7+,3,c4,17,17,17
217,USA Ch Junior 2021,2021.07.19,4.3,"Hong, Andrew","Niemann, Hans Moke",0-1,75,black,"Niemann, Hans Moke",Re7,1,Re7,19,19,19
217,USA Ch Junior 2021,2021.07.19,4.3,"Hong, Andrew","Niemann, Hans Moke",0-1,76,white,"Hong, Andrew",Rd2,1,Rd2,17,16,17
217,USA Ch Junior 2021,2021.07.19,4.3,"Hong, Andrew","Niemann, Hans Moke",0-1,77,black,"Niemann, Hans Moke",Ke6,>10,Rf4,17,17,17
217,USA Ch Junior 2021,2021.07.19,4.3,"Hong, Andrew","Niemann, Hans Moke",0-1,78,white,"Hong, Andrew",c3,1,c3,17,16,17
217,USA Ch Junior 2021,2021.07.19,4.3,"Hong, Andrew","Niemann, Hans Moke",0-1,79,black,"Niemann, Hans Moke",Rh4,6,Rb6,19,19,19
217,USA Ch Junior 2021,2021.07.19,4.3,"Hong, Andrew","Niemann, Hans Moke",0-1,80,white,"Hong, Andrew",c4,4,b4,17,16,17
217,USA Ch Junior 2021,2021.07.19,4.3,"Hong, Andrew","Niemann, Hans Moke",0-1,81,black,"Niemann, Hans Moke",Rd7,2,Rc7,17,16,17
217,USA Ch Junior 2021,2021.07.19,4.3,"Hong, Andrew","Niemann, Hans Moke",0-1,82,white,"Hong, Andrew",Re2+,1,Re2+,16,15,16
217,USA Ch Junior 2021,2021.07.19,4.3,"Hong, Andrew","Niemann, Hans Moke",0-1,83,black,"Niemann, Hans Moke",Kd6,1,Kd6,20,19,20
217,USA Ch Junior 2021,2021.07.19,4.3,"Hong, Andrew","Niemann, Hans Moke",0-1,84,white,"Hong, Andrew",Kc3,8,Re3,16,15,16
217,USA Ch Junior 2021,2021.07.19,4.3,"Hong, Andrew","Niemann, Hans Moke",0-1,85,black,"Niemann, Hans Moke",Kc7,4,Rh3,17,16,17
217,USA Ch Junior 2021,2021.07.19,4.3,"Hong, Andrew","Niemann, Hans Moke",0-1,86,white,"Hong, Andrew",b4,>10,Kb4,17,16,17
217,USA Ch Junior 2021,2021.07.19,4.3,"Hong, Andrew","Niemann, Hans Moke",0-1,87,black,"Niemann, Hans Moke",Rdd4,1,Rdd4,17,16,17
218,USA Ch Junior 2021,2021.07.20,5.4,"Niemann, Hans Moke","Burke, John M",1/2-1/2,0,white,"Niemann, Hans Moke",Nf3,B,,,,
218,USA Ch Junior 2021,2021.07.20,5.4,"Niemann, Hans Moke","Burke, John M",1/2-1/2,1,black,"Burke, John M",Nf6,B,,,,
218,USA Ch Junior 2021,2021.07.20,5.4,"Niemann, Hans Moke","Burke, John M",1/2-1/2,2,white,"Niemann, Hans Moke",c4,B,,,,
218,USA Ch Junior 2021,2021.07.20,5.4,"Niemann, Hans Moke","Burke, John M",1/2-1/2,3,black,"Burke, John M",g6,B,,,,
218,USA Ch Junior 2021,2021.07.20,5.4,"Niemann, Hans Moke","Burke, John M",1/2-1/2,4,white,"Niemann, Hans Moke",Nc3,B,,,,
218,USA Ch Junior 2021,2021.07.20,5.4,"Niemann, Hans Moke","Burke, John M",1/2-1/2,5,black,"Burke, John M",d5,B,,,,
218,USA Ch Junior 2021,2021.07.20,5.4,"Niemann, Hans Moke","Burke, John M",1/2-1/2,6,white,"Niemann, Hans Moke",cxd5,B,,,,
218,USA Ch Junior 2021,2021.07.20,5.4,"Niemann, Hans Moke","Burke, John M",1/2-1/2,7,black,"Burke, John M",Nxd5,B,,,,
218,USA Ch Junior 2021,2021.07.20,5.4,"Niemann, Hans Moke","Burke, John M",1/2-1/2,8,white,"Niemann, Hans Moke",h4,B,,,,
218,USA Ch Junior 2021,2021.07.20,5.4,"Niemann, Hans Moke","Burke, John M",1/2-1/2,9,black,"Burke, John M",Nxc3,1,Nxc3,17,16,17
218,USA Ch Junior 2021,2021.07.20,5.4,"Niemann, Hans Moke","Burke, John M",1/2-1/2,10,white,"Niemann, Hans Moke",dxc3,2,bxc3,15,15,15
218,USA Ch Junior 2021,2021.07.20,5.4,"Niemann, Hans Moke","Burke, John M",1/2-1/2,11,black,"Burke, John M",Qxd1+,1,Qxd1+,17,16,17
218,USA Ch Junior 2021,2021.07.20,5.4,"Niemann, Hans Moke","Burke, John M",1/2-1/2,12,white,"Niemann, Hans Moke",Kxd1,1,Kxd1,25,25,25
218,USA Ch Junior 2021,2021.07.20,5.4,"Niemann, Hans Moke","Burke, John M",1/2-1/2,13,black,"Burke, John M",h5,1,h5,17,16,17
218,USA Ch Junior 2021,2021.07.20,5.4,"Niemann, Hans Moke","Burke, John M",1/2-1/2,14,white,"Niemann, Hans Moke",Bf4,1,Bf4,19,19,19
218,USA Ch Junior 2021,2021.07.20,5.4,"Niemann, Hans Moke","Burke, John M",1/2-1/2,15,black,"Burke, John M",f6,1,f6,17,16,17
218,USA Ch Junior 2021,2021.07.20,5.4,"Niemann, Hans Moke","Burke, John M",1/2-1/2,16,white,"Niemann, Hans Moke",Bxc7,1,Bxc7,18,17,18
218,USA Ch Junior 2021,2021.07.20,5.4,"Niemann, Hans Moke","Burke, John M",1/2-1/2,17,black,"Burke, John M",Na6,1,Na6,17,16,17
218,USA Ch Junior 2021,2021.07.20,5.4,"Niemann, Hans Moke","Burke, John M",1/2-1/2,18,white,"Niemann, Hans Moke",Bf4,1,Bf4,18,17,18
218,USA Ch Junior 2021,2021.07.20,5.4,"Niemann, Hans Moke","Burke, John M",1/2-1/2,19,black,"Burke, John M",e5,1,e5,18,17,18
218,USA Ch Junior 2021,2021.07.20,5.4,"Niemann, Hans Moke","Burke, John M",1/2-1/2,20,white,"Niemann, Hans Moke",Be3,3,Bc1,17,16,17
218,USA Ch Junior 2021,2021.07.20,5.4,"Niemann, Hans Moke","Burke, John M",1/2-1/2,21,black,"Burke, John M",Bc5,1,Bc5,17,16,17
218,USA Ch Junior 2021,2021.07.20,5.4,"Niemann, Hans Moke","Burke, John M",1/2-1/2,22,white,"Niemann, Hans Moke",Bxc5,1,Bxc5,18,17,18
218,USA Ch Junior 2021,2021.07.20,5.4,"Niemann, Hans Moke","Burke, John M",1/2-1/2,23,black,"Burke, John M",Nxc5,1,Nxc5,19,18,19
218,USA Ch Junior 2021,2021.07.20,5.4,"Niemann, Hans Moke","Burke, John M",1/2-1/2,24,white,"Niemann, Hans Moke",Nd2,2,g3,18,17,18
218,USA Ch Junior 2021,2021.07.20,5.4,"Niemann, Hans Moke","Burke, John M",1/2-1/2,25,black,"Burke, John M",Be6,1,Be6,18,17,18
218,USA Ch Junior 2021,2021.07.20,5.4,"Niemann, Hans Moke","Burke, John M",1/2-1/2,26,white,"Niemann, Hans Moke",f3,7,Kc2,18,17,18
218,USA Ch Junior 2021,2021.07.20,5.4,"Niemann, Hans Moke","Burke, John M",1/2-1/2,27,black,"Burke, John M",O-O-O,2,Rh7,18,17,18
218,USA Ch Junior 2021,2021.07.20,5.4,"Niemann, Hans Moke","Burke, John M",1/2-1/2,28,white,"Niemann, Hans Moke",Kc2,4,Ke1,18,18,18
218,USA Ch Junior 2021,2021.07.20,5.4,"Niemann, Hans Moke","Burke, John M",1/2-1/2,29,black,"Burke, John M",Rd6,1,Rd6,17,16,17
218,USA Ch Junior 2021,2021.07.20,5.4,"Niemann, Hans Moke","Burke, John M",1/2-1/2,30,white,"Niemann, Hans Moke",b3,4,Rd1,18,17,18
218,USA Ch Junior 2021,2021.07.20,5.4,"Niemann, Hans Moke","Burke, John M",1/2-1/2,31,black,"Burke, John M",Rhd8,1,Rhd8,20,20,20
218,USA Ch Junior 2021,2021.07.20,5.4,"Niemann, Hans Moke","Burke, John M",1/2-1/2,32,white,"Niemann, Hans Moke",Rd1,1,Rd1,18,17,18
218,USA Ch Junior 2021,2021.07.20,5.4,"Niemann, Hans Moke","Burke, John M",1/2-1/2,33,black,"Burke, John M",e4,1,e4,20,19,20
218,USA Ch Junior 2021,2021.07.20,5.4,"Niemann, Hans Moke","Burke, John M",1/2-1/2,34,white,"Niemann, Hans Moke",e3,1,e3,17,17,17
218,USA Ch Junior 2021,2021.07.20,5.4,"Niemann, Hans Moke","Burke, John M",1/2-1/2,35,black,"Burke, John M",Bf5,1,Bf5,18,17,18
218,USA Ch Junior 2021,2021.07.20,5.4,"Niemann, Hans Moke","Burke, John M",1/2-1/2,36,white,"Niemann, Hans Moke",Kc1,1,Kc1,19,18,19
218,USA Ch Junior 2021,2021.07.20,5.4,"Niemann, Hans Moke","Burke, John M",1/2-1/2,37,black,"Burke, John M",Nd3+,2,Kc7,19,18,19
218,USA Ch Junior 2021,2021.07.20,5.4,"Niemann, Hans Moke","Burke, John M",1/2-1/2,38,white,"Niemann, Hans Moke",Bxd3,1,Bxd3,25,24,25
218,USA Ch Junior 2021,2021.07.20,5.4,"Niemann, Hans Moke","Burke, John M",1/2-1/2,39,black,"Burke, John M",Rxd3,1,Rxd3,17,16,17
218,USA Ch Junior 2021,2021.07.20,5.4,"Niemann, Hans Moke","Burke, John M",1/2-1/2,40,white,"Niemann, Hans Moke",fxe4,1,fxe4,19,18,19
218,USA Ch Junior 2021,2021.07.20,5.4,"Niemann, Hans Moke","Burke, John M",1/2-1/2,41,black,"Burke, John M",Bg4,1,Bg4,18,17,18
218,USA Ch Junior 2021,2021.07.20,5.4,"Niemann, Hans Moke","Burke, John M",1/2-1/2,42,white,"Niemann, Hans Moke",Nf3,1,Nf3,20,19,20
218,USA Ch Junior 2021,2021.07.20,5.4,"Niemann, Hans Moke","Burke, John M",1/2-1/2,43,black,"Burke, John M",Rxc3+,1,Rxc3+,19,18,19
218,USA Ch Junior 2021,2021.07.20,5.4,"Niemann, Hans Moke","Burke, John M",1/2-1/2,44,white,"Niemann, Hans Moke",Kb2,1,Kb2,26,25,26
218,USA Ch Junior 2021,2021.07.20,5.4,"Niemann, Hans Moke","Burke, John M",1/2-1/2,45,black,"Burke, John M",Rxd1,2,Rxe3,18,17,18
218,USA Ch Junior 2021,2021.07.20,5.4,"Niemann, Hans Moke","Burke, John M",1/2-1/2,46,white,"Niemann, Hans Moke",Rxd1,1,Rxd1,17,16,17
218,USA Ch Junior 2021,2021.07.20,5.4,"Niemann, Hans Moke","Burke, John M",1/2-1/2,47,black,"Burke, John M",Bxf3,3,Rxe3,18,17,18
218,USA Ch Junior 2021,2021.07.20,5.4,"Niemann, Hans Moke","Burke, John M",1/2-1/2,48,white,"Niemann, Hans Moke",gxf3,2,Re1,19,18,19
218,USA Ch Junior 2021,2021.07.20,5.4,"Niemann, Hans Moke","Burke, John M",1/2-1/2,49,black,"Burke, John M",Rxe3,1,Rxe3,15,14,15
218,USA Ch Junior 2021,2021.07.20,5.4,"Niemann, Hans Moke","Burke, John M",1/2-1/2,50,white,"Niemann, Hans Moke",Rg1,1,Rg1,23,22,23
218,USA Ch Junior 2021,2021.07.20,5.4,"Niemann, Hans Moke","Burke, John M",1/2-1/2,51,black,"Burke, John M",Rxf3,1,Rxf3,24,23,24
218,USA Ch Junior 2021,2021.07.20,5.4,"Niemann, Hans Moke","Burke, John M",1/2-1/2,52,white,"Niemann, Hans Moke",Rxg6,1,Rxg6,23,22,23
218,USA Ch Junior 2021,2021.07.20,5.4,"Niemann, Hans Moke","Burke, John M",1/2-1/2,53,black,"Burke, John M",Rf4,1,Rf4,26,25,26
218,USA Ch Junior 2021,2021.07.20,5.4,"Niemann, Hans Moke","Burke, John M",1/2-1/2,54,white,"Niemann, Hans Moke",Rg8+,3,Kc3,25,24,25
218,USA Ch Junior 2021,2021.07.20,5.4,"Niemann, Hans Moke","Burke, John M",1/2-1/2,55,black,"Burke, John M",Kd7,2,Kc7,38,37,38
218,USA Ch Junior 2021,2021.07.20,5.4,"Niemann, Hans Moke","Burke, John M",1/2-1/2,56,white,"Niemann, Hans Moke",Rg7+,1,Rg7+,21,20,21
218,USA Ch Junior 2021,2021.07.20,5.4,"Niemann, Hans Moke","Burke, John M",1/2-1/2,57,black,"Burke, John M",Kc6,2,Kc8,26,25,26
218,USA Ch Junior 2021,2021.07.20,5.4,"Niemann, Hans Moke","Burke, John M",1/2-1/2,58,white,"Niemann, Hans Moke",Rg6,2,Rf7,22,21,22
218,USA Ch Junior 2021,2021.07.20,5.4,"Niemann, Hans Moke","Burke, John M",1/2-1/2,59,black,"Burke, John M",Kc5,1,Kc5,25,25,25
218,USA Ch Junior 2021,2021.07.20,5.4,"Niemann, Hans Moke","Burke, John M",1/2-1/2,60,white,"Niemann, Hans Moke",Rh6,1,Rh6,19,18,19
218,USA Ch Junior 2021,2021.07.20,5.4,"Niemann, Hans Moke","Burke, John M",1/2-1/2,61,black,"Burke, John M",Rxh4,5,b6,22,21,22
218,USA Ch Junior 2021,2021.07.20,5.4,"Niemann, Hans Moke","Burke, John M",1/2-1/2,62,white,"Niemann, Hans Moke",Rxf6,1,Rxf6,18,17,18
218,USA Ch Junior 2021,2021.07.20,5.4,"Niemann, Hans Moke","Burke, John M",1/2-1/2,63,black,"Burke, John M",Rxe4,2,b6,23,22,23
219,USA Ch Junior 2021,2021.07.22,6.3,"Li, Ben","Niemann, Hans Moke",0-1,0,white,"Li, Ben",d4,B,,,,
219,USA Ch Junior 2021,2021.07.22,6.3,"Li, Ben","Niemann, Hans Moke",0-1,1,black,"Niemann, Hans Moke",Nf6,B,,,,
219,USA Ch Junior 2021,2021.07.22,6.3,"Li, Ben","Niemann, Hans Moke",0-1,2,white,"Li, Ben",c4,B,,,,
219,USA Ch Junior 2021,2021.07.22,6.3,"Li, Ben","Niemann, Hans Moke",0-1,3,black,"Niemann, Hans Moke",e6,B,,,,
219,USA Ch Junior 2021,2021.07.22,6.3,"Li, Ben","Niemann, Hans Moke",0-1,4,white,"Li, Ben",Nf3,B,,,,
219,USA Ch Junior 2021,2021.07.22,6.3,"Li, Ben","Niemann, Hans Moke",0-1,5,black,"Niemann, Hans Moke",b6,B,,,,
219,USA Ch Junior 2021,2021.07.22,6.3,"Li, Ben","Niemann, Hans Moke",0-1,6,white,"Li, Ben",a3,B,,,,
219,USA Ch Junior 2021,2021.07.22,6.3,"Li, Ben","Niemann, Hans Moke",0-1,7,black,"Niemann, Hans Moke",Ba6,B,,,,
219,USA Ch Junior 2021,2021.07.22,6.3,"Li, Ben","Niemann, Hans Moke",0-1,8,white,"Li, Ben",Qc2,B,,,,
219,USA Ch Junior 2021,2021.07.22,6.3,"Li, Ben","Niemann, Hans Moke",0-1,9,black,"Niemann, Hans Moke",Bb7,B,,,,
219,USA Ch Junior 2021,2021.07.22,6.3,"Li, Ben","Niemann, Hans Moke",0-1,10,white,"Li, Ben",Nc3,B,,,,
219,USA Ch Junior 2021,2021.07.22,6.3,"Li, Ben","Niemann, Hans Moke",0-1,11,black,"Niemann, Hans Moke",c5,B,,,,
219,USA Ch Junior 2021,2021.07.22,6.3,"Li, Ben","Niemann, Hans Moke",0-1,12,white,"Li, Ben",e4,B,,,,
219,USA Ch Junior 2021,2021.07.22,6.3,"Li, Ben","Niemann, Hans Moke",0-1,13,black,"Niemann, Hans Moke",cxd4,B,,,,
219,USA Ch Junior 2021,2021.07.22,6.3,"Li, Ben","Niemann, Hans Moke",0-1,14,white,"Li, Ben",Nxd4,B,,,,
219,USA Ch Junior 2021,2021.07.22,6.3,"Li, Ben","Niemann, Hans Moke",0-1,15,black,"Niemann, Hans Moke",Bc5,B,,,,
219,USA Ch Junior 2021,2021.07.22,6.3,"Li, Ben","Niemann, Hans Moke",0-1,16,white,"Li, Ben",Nb3,B,,,,
219,USA Ch Junior 2021,2021.07.22,6.3,"Li, Ben","Niemann, Hans Moke",0-1,17,black,"Niemann, Hans Moke",Nc6,B,,,,
219,USA Ch Junior 2021,2021.07.22,6.3,"Li, Ben","Niemann, Hans Moke",0-1,18,white,"Li, Ben",Bf4,B,,,,
219,USA Ch Junior 2021,2021.07.22,6.3,"Li, Ben","Niemann, Hans Moke",0-1,19,black,"Niemann, Hans Moke",O-O,B,,,,
219,USA Ch Junior 2021,2021.07.22,6.3,"Li, Ben","Niemann, Hans Moke",0-1,20,white,"Li, Ben",Rd1,B,,,,
219,USA Ch Junior 2021,2021.07.22,6.3,"Li, Ben","Niemann, Hans Moke",0-1,21,black,"Niemann, Hans Moke",e5,B,,,,
219,USA Ch Junior 2021,2021.07.22,6.3,"Li, Ben","Niemann, Hans Moke",0-1,22,white,"Li, Ben",Bg5,B,,,,
219,USA Ch Junior 2021,2021.07.22,6.3,"Li, Ben","Niemann, Hans Moke",0-1,23,black,"Niemann, Hans Moke",h6,1,h6,16,15,16
219,USA Ch Junior 2021,2021.07.22,6.3,"Li, Ben","Niemann, Hans Moke",0-1,24,white,"Li, Ben",Bh4,4,Bxf6,17,16,17
219,USA Ch Junior 2021,2021.07.22,6.3,"Li, Ben","Niemann, Hans Moke",0-1,25,black,"Niemann, Hans Moke",Nd4,1,Nd4,17,16,17
219,USA Ch Junior 2021,2021.07.22,6.3,"Li, Ben","Niemann, Hans Moke",0-1,26,white,"Li, Ben",Nxd4,1,Nxd4,18,17,18
219,USA Ch Junior 2021,2021.07.22,6.3,"Li, Ben","Niemann, Hans Moke",0-1,27,black,"Niemann, Hans Moke",exd4,1,exd4,17,16,17
219,USA Ch Junior 2021,2021.07.22,6.3,"Li, Ben","Niemann, Hans Moke",0-1,28,white,"Li, Ben",Nd5,2,Bxf6,18,17,18
219,USA Ch Junior 2021,2021.07.22,6.3,"Li, Ben","Niemann, Hans Moke",0-1,29,black,"Niemann, Hans Moke",g5,1,g5,17,16,17
219,USA Ch Junior 2021,2021.07.22,6.3,"Li, Ben","Niemann, Hans Moke",0-1,30,white,"Li, Ben",Bg3,1,Bg3,17,16,17
219,USA Ch Junior 2021,2021.07.22,6.3,"Li, Ben","Niemann, Hans Moke",0-1,31,black,"Niemann, Hans Moke",Nxe4,1,Nxe4,17,16,17
219,USA Ch Junior 2021,2021.07.22,6.3,"Li, Ben","Niemann, Hans Moke",0-1,32,white,"Li, Ben",Bd3,1,Bd3,18,17,18
219,USA Ch Junior 2021,2021.07.22,6.3,"Li, Ben","Niemann, Hans Moke",0-1,33,black,"Niemann, Hans Moke",Bxd5,2,Nxg3,17,17,17
219,USA Ch Junior 2021,2021.07.22,6.3,"Li, Ben","Niemann, Hans Moke",0-1,34,white,"Li, Ben",cxd5,1,cxd5,18,17,18
219,USA Ch Junior 2021,2021.07.22,6.3,"Li, Ben","Niemann, Hans Moke",0-1,35,black,"Niemann, Hans Moke",Nxg3,1,Nxg3,18,17,18
219,USA Ch Junior 2021,2021.07.22,6.3,"Li, Ben","Niemann, Hans Moke",0-1,36,white,"Li, Ben",hxg3,1,hxg3,17,16,17
219,USA Ch Junior 2021,2021.07.22,6.3,"Li, Ben","Niemann, Hans Moke",0-1,37,black,"Niemann, Hans Moke",Re8+,1,Re8+,17,16,17
219,USA Ch Junior 2021,2021.07.22,6.3,"Li, Ben","Niemann, Hans Moke",0-1,38,white,"Li, Ben",Kf1,2,Be2,19,18,19
219,USA Ch Junior 2021,2021.07.22,6.3,"Li, Ben","Niemann, Hans Moke",0-1,39,black,"Niemann, Hans Moke",Qf6,1,Qf6,16,16,16
219,USA Ch Junior 2021,2021.07.22,6.3,"Li, Ben","Niemann, Hans Moke",0-1,40,white,"Li, Ben",Bf5,9,Rh3,18,17,18
219,USA Ch Junior 2021,2021.07.22,6.3,"Li, Ben","Niemann, Hans Moke",0-1,41,black,"Niemann, Hans Moke",d3,1,d3,18,17,18
219,USA Ch Junior 2021,2021.07.22,6.3,"Li, Ben","Niemann, Hans Moke",0-1,42,white,"Li, Ben",Qxd3,1,Qxd3,17,16,17
219,USA Ch Junior 2021,2021.07.22,6.3,"Li, Ben","Niemann, Hans Moke",0-1,43,black,"Niemann, Hans Moke",Qxb2,1,Qxb2,18,17,18
219,USA Ch Junior 2021,2021.07.22,6.3,"Li, Ben","Niemann, Hans Moke",0-1,44,white,"Li, Ben",Qf3,3,Qd2,17,16,17
219,USA Ch Junior 2021,2021.07.22,6.3,"Li, Ben","Niemann, Hans Moke",0-1,45,black,"Niemann, Hans Moke",Kg7,1,Kg7,18,18,18
219,USA Ch Junior 2021,2021.07.22,6.3,"Li, Ben","Niemann, Hans Moke",0-1,46,white,"Li, Ben",Bxd7,3,g4,17,16,17
219,USA Ch Junior 2021,2021.07.22,6.3,"Li, Ben","Niemann, Hans Moke",0-1,47,black,"Niemann, Hans Moke",Re7,2,Re4,18,17,18
219,USA Ch Junior 2021,2021.07.22,6.3,"Li, Ben","Niemann, Hans Moke",0-1,48,white,"Li, Ben",Bc6,5,Bf5,17,16,17
219,USA Ch Junior 2021,2021.07.22,6.3,"Li, Ben","Niemann, Hans Moke",0-1,49,black,"Niemann, Hans Moke",Rd8,1,Rd8,19,18,19
219,USA Ch Junior 2021,2021.07.22,6.3,"Li, Ben","Niemann, Hans Moke",0-1,50,white,"Li, Ben",a4,>10,Kg1,17,16,17
219,USA Ch Junior 2021,2021.07.22,6.3,"Li, Ben","Niemann, Hans Moke",0-1,51,black,"Niemann, Hans Moke",Rd6,1,Rd6,20,20,20
219,USA Ch Junior 2021,2021.07.22,6.3,"Li, Ben","Niemann, Hans Moke",0-1,52,white,"Li, Ben",Kg1,2,Bd7,18,17,18
219,USA Ch Junior 2021,2021.07.22,6.3,"Li, Ben","Niemann, Hans Moke",0-1,53,black,"Niemann, Hans Moke",Rf6,1,Rf6,19,19,19
219,USA Ch Junior 2021,2021.07.22,6.3,"Li, Ben","Niemann, Hans Moke",0-1,54,white,"Li, Ben",Qg4,10,Kh2,16,16,16
219,USA Ch Junior 2021,2021.07.22,6.3,"Li, Ben","Niemann, Hans Moke",0-1,55,black,"Niemann, Hans Moke",Rxf2,1,Rxf2,17,17,17
219,USA Ch Junior 2021,2021.07.22,6.3,"Li, Ben","Niemann, Hans Moke",0-1,56,white,"Li, Ben",Kh2,2,Rh5,36,36,36
219,USA Ch Junior 2021,2021.07.22,6.3,"Li, Ben","Niemann, Hans Moke",0-1,57,black,"Niemann, Hans Moke",Rxg2+,1,Rxg2+,19,18,19
219,USA Ch Junior 2021,2021.07.22,6.3,"Li, Ben","Niemann, Hans Moke",0-1,58,white,"Li, Ben",Kh3,1,Kh3,55,55,55
219,USA Ch Junior 2021,2021.07.22,6.3,"Li, Ben","Niemann, Hans Moke",0-1,59,black,"Niemann, Hans Moke",Ree2,1,Ree2,18,17,18
219,USA Ch Junior 2021,2021.07.22,6.3,"Li, Ben","Niemann, Hans Moke",0-1,60,white,"Li, Ben",Qf3,2,Rd2,46,45,46
219,USA Ch Junior 2021,2021.07.22,6.3,"Li, Ben","Niemann, Hans Moke",0-1,61,black,"Niemann, Hans Moke",h5,2,f5,21,20,21
219,USA Ch Junior 2021,2021.07.22,6.3,"Li, Ben","Niemann, Hans Moke",0-1,62,white,"Li, Ben",Qxg2,6,Qxh5,62,61,62
219,USA Ch Junior 2021,2021.07.22,6.3,"Li, Ben","Niemann, Hans Moke",0-1,63,black,"Niemann, Hans Moke",g4+,1,g4+,18,17,18
219,USA Ch Junior 2021,2021.07.22,6.3,"Li, Ben","Niemann, Hans Moke",0-1,64,white,"Li, Ben",Kh4,1,Kh4,245,245,245
219,USA Ch Junior 2021,2021.07.22,6.3,"Li, Ben","Niemann, Hans Moke",0-1,65,black,"Niemann, Hans Moke",Qf6+,1,Qf6+,44,43,44
219,USA Ch Junior 2021,2021.07.22,6.3,"Li, Ben","Niemann, Hans Moke",0-1,66,white,"Li, Ben",Kxh5,1,Kxh5,245,245,245
219,USA Ch Junior 2021,2021.07.22,6.3,"Li, Ben","Niemann, Hans Moke",0-1,67,black,"Niemann, Hans Moke",Qg6+,2,Qf5+,21,21,21
220,USA Ch Junior 2021,2021.07.23,7.3,"Niemann, Hans Moke","Wang, Justin",1/2-1/2,0,white,"Niemann, Hans Moke",Nf3,B,,,,
220,USA Ch Junior 2021,2021.07.23,7.3,"Niemann, Hans Moke","Wang, Justin",1/2-1/2,1,black,"Wang, Justin",Nf6,B,,,,
220,USA Ch Junior 2021,2021.07.23,7.3,"Niemann, Hans Moke","Wang, Justin",1/2-1/2,2,white,"Niemann, Hans Moke",c4,B,,,,
220,USA Ch Junior 2021,2021.07.23,7.3,"Niemann, Hans Moke","Wang, Justin",1/2-1/2,3,black,"Wang, Justin",e6,B,,,,
220,USA Ch Junior 2021,2021.07.23,7.3,"Niemann, Hans Moke","Wang, Justin",1/2-1/2,4,white,"Niemann, Hans Moke",g3,B,,,,
220,USA Ch Junior 2021,2021.07.23,7.3,"Niemann, Hans Moke","Wang, Justin",1/2-1/2,5,black,"Wang, Justin",d5,B,,,,
220,USA Ch Junior 2021,2021.07.23,7.3,"Niemann, Hans Moke","Wang, Justin",1/2-1/2,6,white,"Niemann, Hans Moke",Bg2,B,,,,
220,USA Ch Junior 2021,2021.07.23,7.3,"Niemann, Hans Moke","Wang, Justin",1/2-1/2,7,black,"Wang, Justin",dxc4,B,,,,
220,USA Ch Junior 2021,2021.07.23,7.3,"Niemann, Hans Moke","Wang, Justin",1/2-1/2,8,white,"Niemann, Hans Moke",Qa4+,B,,,,
220,USA Ch Junior 2021,2021.07.23,7.3,"Niemann, Hans Moke","Wang, Justin",1/2-1/2,9,black,"Wang, Justin",Nbd7,B,,,,
220,USA Ch Junior 2021,2021.07.23,7.3,"Niemann, Hans Moke","Wang, Justin",1/2-1/2,10,white,"Niemann, Hans Moke",Qxc4,B,,,,
220,USA Ch Junior 2021,2021.07.23,7.3,"Niemann, Hans Moke","Wang, Justin",1/2-1/2,11,black,"Wang, Justin",c5,B,,,,
220,USA Ch Junior 2021,2021.07.23,7.3,"Niemann, Hans Moke","Wang, Justin",1/2-1/2,12,white,"Niemann, Hans Moke",O-O,B,,,,
220,USA Ch Junior 2021,2021.07.23,7.3,"Niemann, Hans Moke","Wang, Justin",1/2-1/2,13,black,"Wang, Justin",b6,B,,,,
220,USA Ch Junior 2021,2021.07.23,7.3,"Niemann, Hans Moke","Wang, Justin",1/2-1/2,14,white,"Niemann, Hans Moke",Nc3,1,Nc3,17,16,17
220,USA Ch Junior 2021,2021.07.23,7.3,"Niemann, Hans Moke","Wang, Justin",1/2-1/2,15,black,"Wang, Justin",Bb7,B,,,,
220,USA Ch Junior 2021,2021.07.23,7.3,"Niemann, Hans Moke","Wang, Justin",1/2-1/2,16,white,"Niemann, Hans Moke",e4,B,,,,
220,USA Ch Junior 2021,2021.07.23,7.3,"Niemann, Hans Moke","Wang, Justin",1/2-1/2,17,black,"Wang, Justin",Rc8,4,Be7,17,16,17
220,USA Ch Junior 2021,2021.07.23,7.3,"Niemann, Hans Moke","Wang, Justin",1/2-1/2,18,white,"Niemann, Hans Moke",Qe2,2,Rd1,17,16,17
220,USA Ch Junior 2021,2021.07.23,7.3,"Niemann, Hans Moke","Wang, Justin",1/2-1/2,19,black,"Wang, Justin",c4,1,c4,17,16,17
220,USA Ch Junior 2021,2021.07.23,7.3,"Niemann, Hans Moke","Wang, Justin",1/2-1/2,20,white,"Niemann, Hans Moke",b3,2,e5,18,18,18
220,USA Ch Junior 2021,2021.07.23,7.3,"Niemann, Hans Moke","Wang, Justin",1/2-1/2,21,black,"Wang, Justin",cxb3,3,Bb4,18,17,18
220,USA Ch Junior 2021,2021.07.23,7.3,"Niemann, Hans Moke","Wang, Justin",1/2-1/2,22,white,"Niemann, Hans Moke",axb3,1,axb3,17,16,17
220,USA Ch Junior 2021,2021.07.23,7.3,"Niemann, Hans Moke","Wang, Justin",1/2-1/2,23,black,"Wang, Justin",a5,1,a5,17,16,17
220,USA Ch Junior 2021,2021.07.23,7.3,"Niemann, Hans Moke","Wang, Justin",1/2-1/2,24,white,"Niemann, Hans Moke",e5,1,e5,17,16,17
220,USA Ch Junior 2021,2021.07.23,7.3,"Niemann, Hans Moke","Wang, Justin",1/2-1/2,25,black,"Wang, Justin",Nd5,1,Nd5,18,18,18
220,USA Ch Junior 2021,2021.07.23,7.3,"Niemann, Hans Moke","Wang, Justin",1/2-1/2,26,white,"Niemann, Hans Moke",Nd4,1,Nd4,16,15,16
220,USA Ch Junior 2021,2021.07.23,7.3,"Niemann, Hans Moke","Wang, Justin",1/2-1/2,27,black,"Wang, Justin",Nxc3,1,Nxc3,17,16,17
220,USA Ch Junior 2021,2021.07.23,7.3,"Niemann, Hans Moke","Wang, Justin",1/2-1/2,28,white,"Niemann, Hans Moke",dxc3,1,dxc3,18,17,18
220,USA Ch Junior 2021,2021.07.23,7.3,"Niemann, Hans Moke","Wang, Justin",1/2-1/2,29,black,"Wang, Justin",Bxg2,1,Bxg2,17,16,17
220,USA Ch Junior 2021,2021.07.23,7.3,"Niemann, Hans Moke","Wang, Justin",1/2-1/2,30,white,"Niemann, Hans Moke",Kxg2,1,Kxg2,18,17,18
220,USA Ch Junior 2021,2021.07.23,7.3,"Niemann, Hans Moke","Wang, Justin",1/2-1/2,31,black,"Wang, Justin",Rc5,5,Rxc3,17,17,17
220,USA Ch Junior 2021,2021.07.23,7.3,"Niemann, Hans Moke","Wang, Justin",1/2-1/2,32,white,"Niemann, Hans Moke",f4,1,f4,16,15,16
220,USA Ch Junior 2021,2021.07.23,7.3,"Niemann, Hans Moke","Wang, Justin",1/2-1/2,33,black,"Wang, Justin",Rxc3,1,Rxc3,16,15,16
220,USA Ch Junior 2021,2021.07.23,7.3,"Niemann, Hans Moke","Wang, Justin",1/2-1/2,34,white,"Niemann, Hans Moke",f5,2,Bb2,16,15,16
220,USA Ch Junior 2021,2021.07.23,7.3,"Niemann, Hans Moke","Wang, Justin",1/2-1/2,35,black,"Wang, Justin",Nc5,1,Nc5,16,16,16
220,USA Ch Junior 2021,2021.07.23,7.3,"Niemann, Hans Moke","Wang, Justin",1/2-1/2,36,white,"Niemann, Hans Moke",Bb2,1,Bb2,17,16,17
220,USA Ch Junior 2021,2021.07.23,7.3,"Niemann, Hans Moke","Wang, Justin",1/2-1/2,37,black,"Wang, Justin",Qxd4,1,Qxd4,17,16,17
220,USA Ch Junior 2021,2021.07.23,7.3,"Niemann, Hans Moke","Wang, Justin",1/2-1/2,38,white,"Niemann, Hans Moke",Bxc3,2,Rf3,18,17,18
220,USA Ch Junior 2021,2021.07.23,7.3,"Niemann, Hans Moke","Wang, Justin",1/2-1/2,39,black,"Wang, Justin",Qxc3,1,Qxc3,16,15,16
220,USA Ch Junior 2021,2021.07.23,7.3,"Niemann, Hans Moke","Wang, Justin",1/2-1/2,40,white,"Niemann, Hans Moke",Qb5+,3,Rad1,17,16,17
220,USA Ch Junior 2021,2021.07.23,7.3,"Niemann, Hans Moke","Wang, Justin",1/2-1/2,41,black,"Wang, Justin",Nd7,1,Nd7,22,21,22
220,USA Ch Junior 2021,2021.07.23,7.3,"Niemann, Hans Moke","Wang, Justin",1/2-1/2,42,white,"Niemann, Hans Moke",Rad1,1,Rad1,17,16,17
220,USA Ch Junior 2021,2021.07.23,7.3,"Niemann, Hans Moke","Wang, Justin",1/2-1/2,43,black,"Wang, Justin",Qc7,1,Qc7,19,18,19
220,USA Ch Junior 2021,2021.07.23,7.3,"Niemann, Hans Moke","Wang, Justin",1/2-1/2,44,white,"Niemann, Hans Moke",Rd3,2,Kh3,18,17,18
220,USA Ch Junior 2021,2021.07.23,7.3,"Niemann, Hans Moke","Wang, Justin",1/2-1/2,45,black,"Wang, Justin",Bb4,3,Bc5,17,16,17
220,USA Ch Junior 2021,2021.07.23,7.3,"Niemann, Hans Moke","Wang, Justin",1/2-1/2,46,white,"Niemann, Hans Moke",f6,2,Kh3,19,18,19
220,USA Ch Junior 2021,2021.07.23,7.3,"Niemann, Hans Moke","Wang, Justin",1/2-1/2,47,black,"Wang, Justin",g5,1,g5,17,16,17
220,USA Ch Junior 2021,2021.07.23,7.3,"Niemann, Hans Moke","Wang, Justin",1/2-1/2,48,white,"Niemann, Hans Moke",Kh3,6,h4,18,18,18
220,USA Ch Junior 2021,2021.07.23,7.3,"Niemann, Hans Moke","Wang, Justin",1/2-1/2,49,black,"Wang, Justin",Bc5,1,Bc5,18,17,18
220,USA Ch Junior 2021,2021.07.23,7.3,"Niemann, Hans Moke","Wang, Justin",1/2-1/2,50,white,"Niemann, Hans Moke",Rfd1,5,Re1,20,19,20
220,USA Ch Junior 2021,2021.07.23,7.3,"Niemann, Hans Moke","Wang, Justin",1/2-1/2,51,black,"Wang, Justin",O-O,1,O-O,14,13,14
220,USA Ch Junior 2021,2021.07.23,7.3,"Niemann, Hans Moke","Wang, Justin",1/2-1/2,52,white,"Niemann, Hans Moke",Rxd7,1,Rxd7,17,16,17
220,USA Ch Junior 2021,2021.07.23,7.3,"Niemann, Hans Moke","Wang, Justin",1/2-1/2,53,black,"Wang, Justin",Qxe5,1,Qxe5,15,15,15
220,USA Ch Junior 2021,2021.07.23,7.3,"Niemann, Hans Moke","Wang, Justin",1/2-1/2,54,white,"Niemann, Hans Moke",Qf1,1,Qf1,18,17,18
220,USA Ch Junior 2021,2021.07.23,7.3,"Niemann, Hans Moke","Wang, Justin",1/2-1/2,55,black,"Wang, Justin",h5,1,h5,19,18,19
220,USA Ch Junior 2021,2021.07.23,7.3,"Niemann, Hans Moke","Wang, Justin",1/2-1/2,56,white,"Niemann, Hans Moke",Re1,1,Re1,18,17,18
220,USA Ch Junior 2021,2021.07.23,7.3,"Niemann, Hans Moke","Wang, Justin",1/2-1/2,57,black,"Wang, Justin",g4+,3,Qc3,19,18,19
220,USA Ch Junior 2021,2021.07.23,7.3,"Niemann, Hans Moke","Wang, Justin",1/2-1/2,58,white,"Niemann, Hans Moke",Kh4,1,Kh4,28,27,28
220,USA Ch Junior 2021,2021.07.23,7.3,"Niemann, Hans Moke","Wang, Justin",1/2-1/2,59,black,"Wang, Justin",Be3,1,Be3,16,15,16
220,USA Ch Junior 2021,2021.07.23,7.3,"Niemann, Hans Moke","Wang, Justin",1/2-1/2,60,white,"Niemann, Hans Moke",Rxe3,1,Rxe3,21,20,21
220,USA Ch Junior 2021,2021.07.23,7.3,"Niemann, Hans Moke","Wang, Justin",1/2-1/2,61,black,"Wang, Justin",Qxe3,1,Qxe3,33,33,33
220,USA Ch Junior 2021,2021.07.23,7.3,"Niemann, Hans Moke","Wang, Justin",1/2-1/2,62,white,"Niemann, Hans Moke",Qb5,1,Qb5,19,18,19
220,USA Ch Junior 2021,2021.07.23,7.3,"Niemann, Hans Moke","Wang, Justin",1/2-1/2,63,black,"Wang, Justin",Qh6,2,e5,20,19,20
220,USA Ch Junior 2021,2021.07.23,7.3,"Niemann, Hans Moke","Wang, Justin",1/2-1/2,64,white,"Niemann, Hans Moke",Qg5+,2,Qe5,20,19,20
220,USA Ch Junior 2021,2021.07.23,7.3,"Niemann, Hans Moke","Wang, Justin",1/2-1/2,65,black,"Wang, Justin",Qxg5+,1,Qxg5+,24,23,24
220,USA Ch Junior 2021,2021.07.23,7.3,"Niemann, Hans Moke","Wang, Justin",1/2-1/2,66,white,"Niemann, Hans Moke",Kxg5,1,Kxg5,37,37,37
220,USA Ch Junior 2021,2021.07.23,7.3,"Niemann, Hans Moke","Wang, Justin",1/2-1/2,67,black,"Wang, Justin",Re8,5,h4,25,25,25
220,USA Ch Junior 2021,2021.07.23,7.3,"Niemann, Hans Moke","Wang, Justin",1/2-1/2,68,white,"Niemann, Hans Moke",Kxh5,1,Kxh5,19,18,19
220,USA Ch Junior 2021,2021.07.23,7.3,"Niemann, Hans Moke","Wang, Justin",1/2-1/2,69,black,"Wang, Justin",e5,1,e5,19,18,19
220,USA Ch Junior 2021,2021.07.23,7.3,"Niemann, Hans Moke","Wang, Justin",1/2-1/2,70,white,"Niemann, Hans Moke",Kxg4,1,Kxg4,17,16,17
220,USA Ch Junior 2021,2021.07.23,7.3,"Niemann, Hans Moke","Wang, Justin",1/2-1/2,71,black,"Wang, Justin",e4,3,Re6,17,16,17
220,USA Ch Junior 2021,2021.07.23,7.3,"Niemann, Hans Moke","Wang, Justin",1/2-1/2,72,white,"Niemann, Hans Moke",Re7,1,Re7,17,16,17
220,USA Ch Junior 2021,2021.07.23,7.3,"Niemann, Hans Moke","Wang, Justin",1/2-1/2,73,black,"Wang, Justin",Rc8,2,Rd8,19,18,19
220,USA Ch Junior 2021,2021.07.23,7.3,"Niemann, Hans Moke","Wang, Justin",1/2-1/2,74,white,"Niemann, Hans Moke",Rxe4,3,Kg5,21,20,21
220,USA Ch Junior 2021,2021.07.23,7.3,"Niemann, Hans Moke","Wang, Justin",1/2-1/2,75,black,"Wang, Justin",Kh7,1,Kh7,18,17,18
220,USA Ch Junior 2021,2021.07.23,7.3,"Niemann, Hans Moke","Wang, Justin",1/2-1/2,76,white,"Niemann, Hans Moke",h4,5,Re7,26,25,26
220,USA Ch Junior 2021,2021.07.23,7.3,"Niemann, Hans Moke","Wang, Justin",1/2-1/2,77,black,"Wang, Justin",Kg6,1,Kg6,19,18,19
220,USA Ch Junior 2021,2021.07.23,7.3,"Niemann, Hans Moke","Wang, Justin",1/2-1/2,78,white,"Niemann, Hans Moke",Rf4,7,Rd4,27,26,27
220,USA Ch Junior 2021,2021.07.23,7.3,"Niemann, Hans Moke","Wang, Justin",1/2-1/2,79,black,"Wang, Justin",Rc5,1,Rc5,23,22,23
220,USA Ch Junior 2021,2021.07.23,7.3,"Niemann, Hans Moke","Wang, Justin",1/2-1/2,80,white,"Niemann, Hans Moke",b4,6,Rf1,26,26,26
220,USA Ch Junior 2021,2021.07.23,7.3,"Niemann, Hans Moke","Wang, Justin",1/2-1/2,81,black,"Wang, Justin",Rb5,1,Rb5,30,29,30
220,USA Ch Junior 2021,2021.07.23,7.3,"Niemann, Hans Moke","Wang, Justin",1/2-1/2,82,white,"Niemann, Hans Moke",bxa5,1,bxa5,17,16,17
220,USA Ch Junior 2021,2021.07.23,7.3,"Niemann, Hans Moke","Wang, Justin",1/2-1/2,83,black,"Wang, Justin",bxa5,1,bxa5,21,20,21
220,USA Ch Junior 2021,2021.07.23,7.3,"Niemann, Hans Moke","Wang, Justin",1/2-1/2,84,white,"Niemann, Hans Moke",Kf3,1,Kf3,22,21,22
220,USA Ch Junior 2021,2021.07.23,7.3,"Niemann, Hans Moke","Wang, Justin",1/2-1/2,85,black,"Wang, Justin",Rf5,1,Rf5,30,29,30
220,USA Ch Junior 2021,2021.07.23,7.3,"Niemann, Hans Moke","Wang, Justin",1/2-1/2,86,white,"Niemann, Hans Moke",Rxf5,1,Rxf5,20,19,20
220,USA Ch Junior 2021,2021.07.23,7.3,"Niemann, Hans Moke","Wang, Justin",1/2-1/2,87,black,"Wang, Justin",Kxf5,1,Kxf5,38,38,38
220,USA Ch Junior 2021,2021.07.23,7.3,"Niemann, Hans Moke","Wang, Justin",1/2-1/2,88,white,"Niemann, Hans Moke",Ke3,3,g4+,21,20,21
220,USA Ch Junior 2021,2021.07.23,7.3,"Niemann, Hans Moke","Wang, Justin",1/2-1/2,89,black,"Wang, Justin",Kxf6,1,Kxf6,41,41,41
220,USA Ch Junior 2021,2021.07.23,7.3,"Niemann, Hans Moke","Wang, Justin",1/2-1/2,90,white,"Niemann, Hans Moke",Kd4,1,Kd4,20,19,20
220,USA Ch Junior 2021,2021.07.23,7.3,"Niemann, Hans Moke","Wang, Justin",1/2-1/2,91,black,"Wang, Justin",Kf5,2,a4,42,42,42
220,USA Ch Junior 2021,2021.07.23,7.3,"Niemann, Hans Moke","Wang, Justin",1/2-1/2,92,white,"Niemann, Hans Moke",h5,6,Kc4,29,29,29
220,USA Ch Junior 2021,2021.07.23,7.3,"Niemann, Hans Moke","Wang, Justin",1/2-1/2,93,black,"Wang, Justin",Kg5,3,Kf6,27,27,27
220,USA Ch Junior 2021,2021.07.23,7.3,"Niemann, Hans Moke","Wang, Justin",1/2-1/2,94,white,"Niemann, Hans Moke",g4,1,g4,28,27,28
220,USA Ch Junior 2021,2021.07.23,7.3,"Niemann, Hans Moke","Wang, Justin",1/2-1/2,95,black,"Wang, Justin",a4,4,f5,27,26,27
220,USA Ch Junior 2021,2021.07.23,7.3,"Niemann, Hans Moke","Wang, Justin",1/2-1/2,96,white,"Niemann, Hans Moke",Kc3,1,Kc3,28,27,28
220,USA Ch Junior 2021,2021.07.23,7.3,"Niemann, Hans Moke","Wang, Justin",1/2-1/2,97,black,"Wang, Justin",f5,3,Kh6,25,24,25
220,USA Ch Junior 2021,2021.07.23,7.3,"Niemann, Hans Moke","Wang, Justin",1/2-1/2,98,white,"Niemann, Hans Moke",gxf5,1,gxf5,30,29,30
220,USA Ch Junior 2021,2021.07.23,7.3,"Niemann, Hans Moke","Wang, Justin",1/2-1/2,99,black,"Wang, Justin",Kxf5,1,Kxf5,26,25,26
220,USA Ch Junior 2021,2021.07.23,7.3,"Niemann, Hans Moke","Wang, Justin",1/2-1/2,100,white,"Niemann, Hans Moke",Kb4,1,Kb4,40,40,40
220,USA Ch Junior 2021,2021.07.23,7.3,"Niemann, Hans Moke","Wang, Justin",1/2-1/2,101,black,"Wang, Justin",Kg5,1,Kg5,29,28,29
220,USA Ch Junior 2021,2021.07.23,7.3,"Niemann, Hans Moke","Wang, Justin",1/2-1/2,102,white,"Niemann, Hans Moke",Kxa4,1,Kxa4,30,29,30
220,USA Ch Junior 2021,2021.07.23,7.3,"Niemann, Hans Moke","Wang, Justin",1/2-1/2,103,black,"Wang, Justin",Kxh5,1,Kxh5,31,31,31
221,USA Ch Junior 2021,2021.07.24,8.4,"Yoo, Christopher Woojin","Niemann, Hans Moke",1-0,0,white,"Yoo, Christopher Woojin",d4,B,,,,
221,USA Ch Junior 2021,2021.07.24,8.4,"Yoo, Christopher Woojin","Niemann, Hans Moke",1-0,1,black,"Niemann, Hans Moke",Nf6,B,,,,
221,USA Ch Junior 2021,2021.07.24,8.4,"Yoo, Christopher Woojin","Niemann, Hans Moke",1-0,2,white,"Yoo, Christopher Woojin",c4,B,,,,
221,USA Ch Junior 2021,2021.07.24,8.4,"Yoo, Christopher Woojin","Niemann, Hans Moke",1-0,3,black,"Niemann, Hans Moke",g6,B,,,,
221,USA Ch Junior 2021,2021.07.24,8.4,"Yoo, Christopher Woojin","Niemann, Hans Moke",1-0,4,white,"Yoo, Christopher Woojin",Nc3,B,,,,
221,USA Ch Junior 2021,2021.07.24,8.4,"Yoo, Christopher Woojin","Niemann, Hans Moke",1-0,5,black,"Niemann, Hans Moke",d5,B,,,,
221,USA Ch Junior 2021,2021.07.24,8.4,"Yoo, Christopher Woojin","Niemann, Hans Moke",1-0,6,white,"Yoo, Christopher Woojin",Nf3,B,,,,
221,USA Ch Junior 2021,2021.07.24,8.4,"Yoo, Christopher Woojin","Niemann, Hans Moke",1-0,7,black,"Niemann, Hans Moke",Bg7,B,,,,
221,USA Ch Junior 2021,2021.07.24,8.4,"Yoo, Christopher Woojin","Niemann, Hans Moke",1-0,8,white,"Yoo, Christopher Woojin",h4,B,,,,
221,USA Ch Junior 2021,2021.07.24,8.4,"Yoo, Christopher Woojin","Niemann, Hans Moke",1-0,9,black,"Niemann, Hans Moke",c6,B,,,,
221,USA Ch Junior 2021,2021.07.24,8.4,"Yoo, Christopher Woojin","Niemann, Hans Moke",1-0,10,white,"Yoo, Christopher Woojin",cxd5,B,,,,
221,USA Ch Junior 2021,2021.07.24,8.4,"Yoo, Christopher Woojin","Niemann, Hans Moke",1-0,11,black,"Niemann, Hans Moke",cxd5,B,,,,
221,USA Ch Junior 2021,2021.07.24,8.4,"Yoo, Christopher Woojin","Niemann, Hans Moke",1-0,12,white,"Yoo, Christopher Woojin",Bf4,B,,,,
221,USA Ch Junior 2021,2021.07.24,8.4,"Yoo, Christopher Woojin","Niemann, Hans Moke",1-0,13,black,"Niemann, Hans Moke",O-O,1,O-O,19,19,19
221,USA Ch Junior 2021,2021.07.24,8.4,"Yoo, Christopher Woojin","Niemann, Hans Moke",1-0,14,white,"Yoo, Christopher Woojin",e3,2,Qb3,18,17,18
221,USA Ch Junior 2021,2021.07.24,8.4,"Yoo, Christopher Woojin","Niemann, Hans Moke",1-0,15,black,"Niemann, Hans Moke",Nc6,1,Nc6,18,17,18
221,USA Ch Junior 2021,2021.07.24,8.4,"Yoo, Christopher Woojin","Niemann, Hans Moke",1-0,16,white,"Yoo, Christopher Woojin",Be2,2,Qb3,19,18,19
221,USA Ch Junior 2021,2021.07.24,8.4,"Yoo, Christopher Woojin","Niemann, Hans Moke",1-0,17,black,"Niemann, Hans Moke",Bf5,5,Bg4,18,17,18
221,USA Ch Junior 2021,2021.07.24,8.4,"Yoo, Christopher Woojin","Niemann, Hans Moke",1-0,18,white,"Yoo, Christopher Woojin",Qb3,1,Qb3,18,17,18
221,USA Ch Junior 2021,2021.07.24,8.4,"Yoo, Christopher Woojin","Niemann, Hans Moke",1-0,19,black,"Niemann, Hans Moke",Qd7,1,Qd7,17,16,17
221,USA Ch Junior 2021,2021.07.24,8.4,"Yoo, Christopher Woojin","Niemann, Hans Moke",1-0,20,white,"Yoo, Christopher Woojin",Rd1,2,Ne5,17,16,17
221,USA Ch Junior 2021,2021.07.24,8.4,"Yoo, Christopher Woojin","Niemann, Hans Moke",1-0,21,black,"Niemann, Hans Moke",Na5,3,Rfc8,17,16,17
221,USA Ch Junior 2021,2021.07.24,8.4,"Yoo, Christopher Woojin","Niemann, Hans Moke",1-0,22,white,"Yoo, Christopher Woojin",Qa3,1,Qa3,18,17,18
221,USA Ch Junior 2021,2021.07.24,8.4,"Yoo, Christopher Woojin","Niemann, Hans Moke",1-0,23,black,"Niemann, Hans Moke",Nc4,1,Nc4,18,17,18
221,USA Ch Junior 2021,2021.07.24,8.4,"Yoo, Christopher Woojin","Niemann, Hans Moke",1-0,24,white,"Yoo, Christopher Woojin",Bxc4,1,Bxc4,18,17,18
221,USA Ch Junior 2021,2021.07.24,8.4,"Yoo, Christopher Woojin","Niemann, Hans Moke",1-0,25,black,"Niemann, Hans Moke",dxc4,1,dxc4,17,16,17
221,USA Ch Junior 2021,2021.07.24,8.4,"Yoo, Christopher Woojin","Niemann, Hans Moke",1-0,26,white,"Yoo, Christopher Woojin",Ne5,1,Ne5,17,16,17
221,USA Ch Junior 2021,2021.07.24,8.4,"Yoo, Christopher Woojin","Niemann, Hans Moke",1-0,27,black,"Niemann, Hans Moke",Qd8,3,Qe6,17,16,17
221,USA Ch Junior 2021,2021.07.24,8.4,"Yoo, Christopher Woojin","Niemann, Hans Moke",1-0,28,white,"Yoo, Christopher Woojin",Qb4,4,O-O,17,16,17
221,USA Ch Junior 2021,2021.07.24,8.4,"Yoo, Christopher Woojin","Niemann, Hans Moke",1-0,29,black,"Niemann, Hans Moke",Nd5,1,Nd5,17,16,17
221,USA Ch Junior 2021,2021.07.24,8.4,"Yoo, Christopher Woojin","Niemann, Hans Moke",1-0,30,white,"Yoo, Christopher Woojin",Qxb7,3,Nxd5,17,16,17
221,USA Ch Junior 2021,2021.07.24,8.4,"Yoo, Christopher Woojin","Niemann, Hans Moke",1-0,31,black,"Niemann, Hans Moke",Nxf4,2,Nxc3,18,17,18
221,USA Ch Junior 2021,2021.07.24,8.4,"Yoo, Christopher Woojin","Niemann, Hans Moke",1-0,32,white,"Yoo, Christopher Woojin",exf4,1,exf4,17,16,17
221,USA Ch Junior 2021,2021.07.24,8.4,"Yoo, Christopher Woojin","Niemann, Hans Moke",1-0,33,black,"Niemann, Hans Moke",Rb8,1,Rb8,17,16,17
221,USA Ch Junior 2021,2021.07.24,8.4,"Yoo, Christopher Woojin","Niemann, Hans Moke",1-0,34,white,"Yoo, Christopher Woojin",Qxa7,1,Qxa7,18,17,18
221,USA Ch Junior 2021,2021.07.24,8.4,"Yoo, Christopher Woojin","Niemann, Hans Moke",1-0,35,black,"Niemann, Hans Moke",Rxb2,1,Rxb2,17,16,17
221,USA Ch Junior 2021,2021.07.24,8.4,"Yoo, Christopher Woojin","Niemann, Hans Moke",1-0,36,white,"Yoo, Christopher Woojin",O-O,1,O-O,17,17,17
221,USA Ch Junior 2021,2021.07.24,8.4,"Yoo, Christopher Woojin","Niemann, Hans Moke",1-0,37,black,"Niemann, Hans Moke",e6,1,e6,18,17,18
221,USA Ch Junior 2021,2021.07.24,8.4,"Yoo, Christopher Woojin","Niemann, Hans Moke",1-0,38,white,"Yoo, Christopher Woojin",g3,2,d5,18,17,18
221,USA Ch Junior 2021,2021.07.24,8.4,"Yoo, Christopher Woojin","Niemann, Hans Moke",1-0,39,black,"Niemann, Hans Moke",Qa8,3,Bxe5,19,18,19
221,USA Ch Junior 2021,2021.07.24,8.4,"Yoo, Christopher Woojin","Niemann, Hans Moke",1-0,40,white,"Yoo, Christopher Woojin",Qxa8,1,Qxa8,18,18,18
221,USA Ch Junior 2021,2021.07.24,8.4,"Yoo, Christopher Woojin","Niemann, Hans Moke",1-0,41,black,"Niemann, Hans Moke",Rxa8,1,Rxa8,15,14,15
221,USA Ch Junior 2021,2021.07.24,8.4,"Yoo, Christopher Woojin","Niemann, Hans Moke",1-0,42,white,"Yoo, Christopher Woojin",Nxc4,1,Nxc4,19,18,19
221,USA Ch Junior 2021,2021.07.24,8.4,"Yoo, Christopher Woojin","Niemann, Hans Moke",1-0,43,black,"Niemann, Hans Moke",Rc2,1,Rc2,19,18,19
221,USA Ch Junior 2021,2021.07.24,8.4,"Yoo, Christopher Woojin","Niemann, Hans Moke",1-0,44,white,"Yoo, Christopher Woojin",Rc1,1,Rc1,19,18,19
221,USA Ch Junior 2021,2021.07.24,8.4,"Yoo, Christopher Woojin","Niemann, Hans Moke",1-0,45,black,"Niemann, Hans Moke",Bxd4,2,Rc8,19,18,19
221,USA Ch Junior 2021,2021.07.24,8.4,"Yoo, Christopher Woojin","Niemann, Hans Moke",1-0,46,white,"Yoo, Christopher Woojin",Rxc2,1,Rxc2,19,18,19
221,USA Ch Junior 2021,2021.07.24,8.4,"Yoo, Christopher Woojin","Niemann, Hans Moke",1-0,47,black,"Niemann, Hans Moke",Bxc2,1,Bxc2,18,18,18
221,USA Ch Junior 2021,2021.07.24,8.4,"Yoo, Christopher Woojin","Niemann, Hans Moke",1-0,48,white,"Yoo, Christopher Woojin",Rc1,1,Rc1,18,17,18
221,USA Ch Junior 2021,2021.07.24,8.4,"Yoo, Christopher Woojin","Niemann, Hans Moke",1-0,49,black,"Niemann, Hans Moke",Bd3,1,Bd3,19,18,19
221,USA Ch Junior 2021,2021.07.24,8.4,"Yoo, Christopher Woojin","Niemann, Hans Moke",1-0,50,white,"Yoo, Christopher Woojin",Rd1,2,Ne5,19,18,19
221,USA Ch Junior 2021,2021.07.24,8.4,"Yoo, Christopher Woojin","Niemann, Hans Moke",1-0,51,black,"Niemann, Hans Moke",Bxf2+,2,Bxc4,19,18,19
221,USA Ch Junior 2021,2021.07.24,8.4,"Yoo, Christopher Woojin","Niemann, Hans Moke",1-0,52,white,"Yoo, Christopher Woojin",Kxf2,1,Kxf2,21,20,21
221,USA Ch Junior 2021,2021.07.24,8.4,"Yoo, Christopher Woojin","Niemann, Hans Moke",1-0,53,black,"Niemann, Hans Moke",Bxc4,1,Bxc4,18,17,18
221,USA Ch Junior 2021,2021.07.24,8.4,"Yoo, Christopher Woojin","Niemann, Hans Moke",1-0,54,white,"Yoo, Christopher Woojin",a4,1,a4,20,19,20
221,USA Ch Junior 2021,2021.07.24,8.4,"Yoo, Christopher Woojin","Niemann, Hans Moke",1-0,55,black,"Niemann, Hans Moke",Bb3,>10,h5,19,18,19
221,USA Ch Junior 2021,2021.07.24,8.4,"Yoo, Christopher Woojin","Niemann, Hans Moke",1-0,56,white,"Yoo, Christopher Woojin",Ra1,1,Ra1,22,21,22
221,USA Ch Junior 2021,2021.07.24,8.4,"Yoo, Christopher Woojin","Niemann, Hans Moke",1-0,57,black,"Niemann, Hans Moke",Rc8,1,Rc8,19,18,19
221,USA Ch Junior 2021,2021.07.24,8.4,"Yoo, Christopher Woojin","Niemann, Hans Moke",1-0,58,white,"Yoo, Christopher Woojin",Ne4,1,Ne4,20,19,20
221,USA Ch Junior 2021,2021.07.24,8.4,"Yoo, Christopher Woojin","Niemann, Hans Moke",1-0,59,black,"Niemann, Hans Moke",Kg7,3,Rc2+,19,18,19
221,USA Ch Junior 2021,2021.07.24,8.4,"Yoo, Christopher Woojin","Niemann, Hans Moke",1-0,60,white,"Yoo, Christopher Woojin",Ra3,4,Ke3,21,20,21
221,USA Ch Junior 2021,2021.07.24,8.4,"Yoo, Christopher Woojin","Niemann, Hans Moke",1-0,61,black,"Niemann, Hans Moke",Bd5,1,Bd5,19,18,19
221,USA Ch Junior 2021,2021.07.24,8.4,"Yoo, Christopher Woojin","Niemann, Hans Moke",1-0,62,white,"Yoo, Christopher Woojin",Nd2,5,Ke3,20,19,20
221,USA Ch Junior 2021,2021.07.24,8.4,"Yoo, Christopher Woojin","Niemann, Hans Moke",1-0,63,black,"Niemann, Hans Moke",Kf6,2,Kh6,21,20,21
221,USA Ch Junior 2021,2021.07.24,8.4,"Yoo, Christopher Woojin","Niemann, Hans Moke",1-0,64,white,"Yoo, Christopher Woojin",a5,3,Nf1,21,20,21
221,USA Ch Junior 2021,2021.07.24,8.4,"Yoo, Christopher Woojin","Niemann, Hans Moke",1-0,65,black,"Niemann, Hans Moke",Rc2,3,Kf5,20,19,20
221,USA Ch Junior 2021,2021.07.24,8.4,"Yoo, Christopher Woojin","Niemann, Hans Moke",1-0,66,white,"Yoo, Christopher Woojin",Ke3,1,Ke3,17,17,17
221,USA Ch Junior 2021,2021.07.24,8.4,"Yoo, Christopher Woojin","Niemann, Hans Moke",1-0,67,black,"Niemann, Hans Moke",Kf5,1,Kf5,18,18,18
221,USA Ch Junior 2021,2021.07.24,8.4,"Yoo, Christopher Woojin","Niemann, Hans Moke",1-0,68,white,"Yoo, Christopher Woojin",a6,1,a6,19,19,19
221,USA Ch Junior 2021,2021.07.24,8.4,"Yoo, Christopher Woojin","Niemann, Hans Moke",1-0,69,black,"Niemann, Hans Moke",Kg4,8,Ba8,19,18,19
221,USA Ch Junior 2021,2021.07.24,8.4,"Yoo, Christopher Woojin","Niemann, Hans Moke",1-0,70,white,"Yoo, Christopher Woojin",Ne4,1,Ne4,20,19,20
221,USA Ch Junior 2021,2021.07.24,8.4,"Yoo, Christopher Woojin","Niemann, Hans Moke",1-0,71,black,"Niemann, Hans Moke",Ba8,2,Rc8,17,16,17
221,USA Ch Junior 2021,2021.07.24,8.4,"Yoo, Christopher Woojin","Niemann, Hans Moke",1-0,72,white,"Yoo, Christopher Woojin",Kd4,1,Kd4,19,19,19
221,USA Ch Junior 2021,2021.07.24,8.4,"Yoo, Christopher Woojin","Niemann, Hans Moke",1-0,73,black,"Niemann, Hans Moke",Re2,6,h6,19,19,19
221,USA Ch Junior 2021,2021.07.24,8.4,"Yoo, Christopher Woojin","Niemann, Hans Moke",1-0,74,white,"Yoo, Christopher Woojin",Nf6+,1,Nf6+,17,17,17
221,USA Ch Junior 2021,2021.07.24,8.4,"Yoo, Christopher Woojin","Niemann, Hans Moke",1-0,75,black,"Niemann, Hans Moke",Kf5,1,Kf5,25,25,25
221,USA Ch Junior 2021,2021.07.24,8.4,"Yoo, Christopher Woojin","Niemann, Hans Moke",1-0,76,white,"Yoo, Christopher Woojin",Ne8,3,Nxh7,18,17,18
221,USA Ch Junior 2021,2021.07.24,8.4,"Yoo, Christopher Woojin","Niemann, Hans Moke",1-0,77,black,"Niemann, Hans Moke",Rc2,8,e5+,18,17,18
221,USA Ch Junior 2021,2021.07.24,8.4,"Yoo, Christopher Woojin","Niemann, Hans Moke",1-0,78,white,"Yoo, Christopher Woojin",Nd6+,1,Nd6+,22,22,22
221,USA Ch Junior 2021,2021.07.24,8.4,"Yoo, Christopher Woojin","Niemann, Hans Moke",1-0,79,black,"Niemann, Hans Moke",Kf6,1,Kf6,25,25,25
221,USA Ch Junior 2021,2021.07.24,8.4,"Yoo, Christopher Woojin","Niemann, Hans Moke",1-0,80,white,"Yoo, Christopher Woojin",Nc4,1,Nc4,19,18,19
221,USA Ch Junior 2021,2021.07.24,8.4,"Yoo, Christopher Woojin","Niemann, Hans Moke",1-0,81,black,"Niemann, Hans Moke",h5,4,Rc1,18,17,18
221,USA Ch Junior 2021,2021.07.24,8.4,"Yoo, Christopher Woojin","Niemann, Hans Moke",1-0,82,white,"Yoo, Christopher Woojin",a7,1,a7,19,18,19
221,USA Ch Junior 2021,2021.07.24,8.4,"Yoo, Christopher Woojin","Niemann, Hans Moke",1-0,83,black,"Niemann, Hans Moke",Rg2,5,Rc1,18,17,18
221,USA Ch Junior 2021,2021.07.24,8.4,"Yoo, Christopher Woojin","Niemann, Hans Moke",1-0,84,white,"Yoo, Christopher Woojin",Nb6,1,Nb6,19,18,19
221,USA Ch Junior 2021,2021.07.24,8.4,"Yoo, Christopher Woojin","Niemann, Hans Moke",1-0,85,black,"Niemann, Hans Moke",Bb7,1,Bb7,16,15,16
221,USA Ch Junior 2021,2021.07.24,8.4,"Yoo, Christopher Woojin","Niemann, Hans Moke",1-0,86,white,"Yoo, Christopher Woojin",Rb3,1,Rb3,18,17,18
221,USA Ch Junior 2021,2021.07.24,8.4,"Yoo, Christopher Woojin","Niemann, Hans Moke",1-0,87,black,"Niemann, Hans Moke",Rd2+,1,Rd2+,17,16,17
221,USA Ch Junior 2021,2021.07.24,8.4,"Yoo, Christopher Woojin","Niemann, Hans Moke",1-0,88,white,"Yoo, Christopher Woojin",Ke3,1,Ke3,23,23,23
221,USA Ch Junior 2021,2021.07.24,8.4,"Yoo, Christopher Woojin","Niemann, Hans Moke",1-0,89,black,"Niemann, Hans Moke",Rd8,2,Rd1,18,17,18
221,USA Ch Junior 2021,2021.07.24,8.4,"Yoo, Christopher Woojin","Niemann, Hans Moke",1-0,90,white,"Yoo, Christopher Woojin",Nc4,1,Nc4,20,19,20
221,USA Ch Junior 2021,2021.07.24,8.4,"Yoo, Christopher Woojin","Niemann, Hans Moke",1-0,91,black,"Niemann, Hans Moke",Bh1,2,Bd5,17,16,17
221,USA Ch Junior 2021,2021.07.24,8.4,"Yoo, Christopher Woojin","Niemann, Hans Moke",1-0,92,white,"Yoo, Christopher Woojin",Rb8,1,Rb8,18,18,18
221,USA Ch Junior 2021,2021.07.24,8.4,"Yoo, Christopher Woojin","Niemann, Hans Moke",1-0,93,black,"Niemann, Hans Moke",Ke7,3,Rd7,16,15,16
221,USA Ch Junior 2021,2021.07.24,8.4,"Yoo, Christopher Woojin","Niemann, Hans Moke",1-0,94,white,"Yoo, Christopher Woojin",Rxd8,1,Rxd8,20,19,20
221,USA Ch Junior 2021,2021.07.24,8.4,"Yoo, Christopher Woojin","Niemann, Hans Moke",1-0,95,black,"Niemann, Hans Moke",Kxd8,1,Kxd8,16,15,16
221,USA Ch Junior 2021,2021.07.24,8.4,"Yoo, Christopher Woojin","Niemann, Hans Moke",1-0,96,white,"Yoo, Christopher Woojin",Nb6,2,Ne5,19,18,19
221,USA Ch Junior 2021,2021.07.24,8.4,"Yoo, Christopher Woojin","Niemann, Hans Moke",1-0,97,black,"Niemann, Hans Moke",Kc7,3,f6,18,17,18
221,USA Ch Junior 2021,2021.07.24,8.4,"Yoo, Christopher Woojin","Niemann, Hans Moke",1-0,98,white,"Yoo, Christopher Woojin",a8=Q,1,a8=Q,17,16,17
221,USA Ch Junior 2021,2021.07.24,8.4,"Yoo, Christopher Woojin","Niemann, Hans Moke",1-0,99,black,"Niemann, Hans Moke",Bxa8,1,Bxa8,15,14,15
221,USA Ch Junior 2021,2021.07.24,8.4,"Yoo, Christopher Woojin","Niemann, Hans Moke",1-0,100,white,"Yoo, Christopher Woojin",Nxa8+,1,Nxa8+,18,17,18
221,USA Ch Junior 2021,2021.07.24,8.4,"Yoo, Christopher Woojin","Niemann, Hans Moke",1-0,101,black,"Niemann, Hans Moke",Kc6,1,Kc6,18,17,18
221,USA Ch Junior 2021,2021.07.24,8.4,"Yoo, Christopher Woojin","Niemann, Hans Moke",1-0,102,white,"Yoo, Christopher Woojin",Ke4,2,Kd4,18,17,18
221,USA Ch Junior 2021,2021.07.24,8.4,"Yoo, Christopher Woojin","Niemann, Hans Moke",1-0,103,black,"Niemann, Hans Moke",f6,1,f6,18,18,18
221,USA Ch Junior 2021,2021.07.24,8.4,"Yoo, Christopher Woojin","Niemann, Hans Moke",1-0,104,white,"Yoo, Christopher Woojin",Kd4,1,Kd4,19,19,19
221,USA Ch Junior 2021,2021.07.24,8.4,"Yoo, Christopher Woojin","Niemann, Hans Moke",1-0,105,black,"Niemann, Hans Moke",Kb7,5,Kd6,18,17,18
221,USA Ch Junior 2021,2021.07.24,8.4,"Yoo, Christopher Woojin","Niemann, Hans Moke",1-0,106,white,"Yoo, Christopher Woojin",Kc5,1,Kc5,19,18,19
222,USA Ch Junior 2021,2021.07.25,9.4,"Niemann, Hans Moke","Jacobson, Brandon",1/2-1/2,0,white,"Niemann, Hans Moke",c4,B,,,,
222,USA Ch Junior 2021,2021.07.25,9.4,"Niemann, Hans Moke","Jacobson, Brandon",1/2-1/2,1,black,"Jacobson, Brandon",e5,B,,,,
222,USA Ch Junior 2021,2021.07.25,9.4,"Niemann, Hans Moke","Jacobson, Brandon",1/2-1/2,2,white,"Niemann, Hans Moke",g3,B,,,,
222,USA Ch Junior 2021,2021.07.25,9.4,"Niemann, Hans Moke","Jacobson, Brandon",1/2-1/2,3,black,"Jacobson, Brandon",Nf6,B,,,,
222,USA Ch Junior 2021,2021.07.25,9.4,"Niemann, Hans Moke","Jacobson, Brandon",1/2-1/2,4,white,"Niemann, Hans Moke",Bg2,B,,,,
222,USA Ch Junior 2021,2021.07.25,9.4,"Niemann, Hans Moke","Jacobson, Brandon",1/2-1/2,5,black,"Jacobson, Brandon",d5,B,,,,
222,USA Ch Junior 2021,2021.07.25,9.4,"Niemann, Hans Moke","Jacobson, Brandon",1/2-1/2,6,white,"Niemann, Hans Moke",cxd5,B,,,,
222,USA Ch Junior 2021,2021.07.25,9.4,"Niemann, Hans Moke","Jacobson, Brandon",1/2-1/2,7,black,"Jacobson, Brandon",Nxd5,B,,,,
222,USA Ch Junior 2021,2021.07.25,9.4,"Niemann, Hans Moke","Jacobson, Brandon",1/2-1/2,8,white,"Niemann, Hans Moke",Nf3,B,,,,
222,USA Ch Junior 2021,2021.07.25,9.4,"Niemann, Hans Moke","Jacobson, Brandon",1/2-1/2,9,black,"Jacobson, Brandon",Nc6,B,,,,
222,USA Ch Junior 2021,2021.07.25,9.4,"Niemann, Hans Moke","Jacobson, Brandon",1/2-1/2,10,white,"Niemann, Hans Moke",O-O,B,,,,
222,USA Ch Junior 2021,2021.07.25,9.4,"Niemann, Hans Moke","Jacobson, Brandon",1/2-1/2,11,black,"Jacobson, Brandon",Nb6,B,,,,
222,USA Ch Junior 2021,2021.07.25,9.4,"Niemann, Hans Moke","Jacobson, Brandon",1/2-1/2,12,white,"Niemann, Hans Moke",b3,B,,,,
222,USA Ch Junior 2021,2021.07.25,9.4,"Niemann, Hans Moke","Jacobson, Brandon",1/2-1/2,13,black,"Jacobson, Brandon",Bd6,B,,,,
222,USA Ch Junior 2021,2021.07.25,9.4,"Niemann, Hans Moke","Jacobson, Brandon",1/2-1/2,14,white,"Niemann, Hans Moke",Nc3,1,Nc3,17,16,17
222,USA Ch Junior 2021,2021.07.25,9.4,"Niemann, Hans Moke","Jacobson, Brandon",1/2-1/2,15,black,"Jacobson, Brandon",O-O,1,O-O,17,16,17
222,USA Ch Junior 2021,2021.07.25,9.4,"Niemann, Hans Moke","Jacobson, Brandon",1/2-1/2,16,white,"Niemann, Hans Moke",d4,1,d4,17,16,17
222,USA Ch Junior 2021,2021.07.25,9.4,"Niemann, Hans Moke","Jacobson, Brandon",1/2-1/2,17,black,"Jacobson, Brandon",Re8,2,Bb4,17,16,17
222,USA Ch Junior 2021,2021.07.25,9.4,"Niemann, Hans Moke","Jacobson, Brandon",1/2-1/2,18,white,"Niemann, Hans Moke",d5,2,Bg5,18,17,18
222,USA Ch Junior 2021,2021.07.25,9.4,"Niemann, Hans Moke","Jacobson, Brandon",1/2-1/2,19,black,"Jacobson, Brandon",Ne7,1,Ne7,17,16,17
222,USA Ch Junior 2021,2021.07.25,9.4,"Niemann, Hans Moke","Jacobson, Brandon",1/2-1/2,20,white,"Niemann, Hans Moke",Bb2,3,a4,17,16,17
222,USA Ch Junior 2021,2021.07.25,9.4,"Niemann, Hans Moke","Jacobson, Brandon",1/2-1/2,21,black,"Jacobson, Brandon",Bg4,3,f6,16,15,16
222,USA Ch Junior 2021,2021.07.25,9.4,"Niemann, Hans Moke","Jacobson, Brandon",1/2-1/2,22,white,"Niemann, Hans Moke",Qd3,2,a4,17,16,17
222,USA Ch Junior 2021,2021.07.25,9.4,"Niemann, Hans Moke","Jacobson, Brandon",1/2-1/2,23,black,"Jacobson, Brandon",c6,3,a5,16,15,16
222,USA Ch Junior 2021,2021.07.25,9.4,"Niemann, Hans Moke","Jacobson, Brandon",1/2-1/2,24,white,"Niemann, Hans Moke",dxc6,1,dxc6,16,16,16
222,USA Ch Junior 2021,2021.07.25,9.4,"Niemann, Hans Moke","Jacobson, Brandon",1/2-1/2,25,black,"Jacobson, Brandon",Nxc6,1,Nxc6,17,16,17
222,USA Ch Junior 2021,2021.07.25,9.4,"Niemann, Hans Moke","Jacobson, Brandon",1/2-1/2,26,white,"Niemann, Hans Moke",Rfd1,3,h3,17,16,17
222,USA Ch Junior 2021,2021.07.25,9.4,"Niemann, Hans Moke","Jacobson, Brandon",1/2-1/2,27,black,"Jacobson, Brandon",Bf8,2,Bb4,17,16,17
222,USA Ch Junior 2021,2021.07.25,9.4,"Niemann, Hans Moke","Jacobson, Brandon",1/2-1/2,28,white,"Niemann, Hans Moke",Qe4,3,Qe3,18,18,18
222,USA Ch Junior 2021,2021.07.25,9.4,"Niemann, Hans Moke","Jacobson, Brandon",1/2-1/2,29,black,"Jacobson, Brandon",Qc8,1,Qc8,18,17,18
222,USA Ch Junior 2021,2021.07.25,9.4,"Niemann, Hans Moke","Jacobson, Brandon",1/2-1/2,30,white,"Niemann, Hans Moke",Rac1,2,Nb5,17,16,17
222,USA Ch Junior 2021,2021.07.25,9.4,"Niemann, Hans Moke","Jacobson, Brandon",1/2-1/2,31,black,"Jacobson, Brandon",Bh3,7,Bf5,18,18,18
222,USA Ch Junior 2021,2021.07.25,9.4,"Niemann, Hans Moke","Jacobson, Brandon",1/2-1/2,32,white,"Niemann, Hans Moke",Nb5,1,Nb5,18,17,18
222,USA Ch Junior 2021,2021.07.25,9.4,"Niemann, Hans Moke","Jacobson, Brandon",1/2-1/2,33,black,"Jacobson, Brandon",Bxg2,1,Bxg2,18,17,18
222,USA Ch Junior 2021,2021.07.25,9.4,"Niemann, Hans Moke","Jacobson, Brandon",1/2-1/2,34,white,"Niemann, Hans Moke",Kxg2,1,Kxg2,17,17,17
222,USA Ch Junior 2021,2021.07.25,9.4,"Niemann, Hans Moke","Jacobson, Brandon",1/2-1/2,35,black,"Jacobson, Brandon",f6,1,f6,17,16,17
222,USA Ch Junior 2021,2021.07.25,9.4,"Niemann, Hans Moke","Jacobson, Brandon",1/2-1/2,36,white,"Niemann, Hans Moke",Nh4,1,Nh4,18,17,18
222,USA Ch Junior 2021,2021.07.25,9.4,"Niemann, Hans Moke","Jacobson, Brandon",1/2-1/2,37,black,"Jacobson, Brandon",a6,2,Rd8,17,16,17
222,USA Ch Junior 2021,2021.07.25,9.4,"Niemann, Hans Moke","Jacobson, Brandon",1/2-1/2,38,white,"Niemann, Hans Moke",Nd6,1,Nd6,18,17,18
222,USA Ch Junior 2021,2021.07.25,9.4,"Niemann, Hans Moke","Jacobson, Brandon",1/2-1/2,39,black,"Jacobson, Brandon",Bxd6,1,Bxd6,18,17,18
222,USA Ch Junior 2021,2021.07.25,9.4,"Niemann, Hans Moke","Jacobson, Brandon",1/2-1/2,40,white,"Niemann, Hans Moke",Rxd6,1,Rxd6,18,17,18
222,USA Ch Junior 2021,2021.07.25,9.4,"Niemann, Hans Moke","Jacobson, Brandon",1/2-1/2,41,black,"Jacobson, Brandon",Qc7,1,Qc7,17,16,17
222,USA Ch Junior 2021,2021.07.25,9.4,"Niemann, Hans Moke","Jacobson, Brandon",1/2-1/2,42,white,"Niemann, Hans Moke",Ba3,1,Ba3,18,18,18
222,USA Ch Junior 2021,2021.07.25,9.4,"Niemann, Hans Moke","Jacobson, Brandon",1/2-1/2,43,black,"Jacobson, Brandon",Rad8,1,Rad8,17,16,17
222,USA Ch Junior 2021,2021.07.25,9.4,"Niemann, Hans Moke","Jacobson, Brandon",1/2-1/2,44,white,"Niemann, Hans Moke",Nf5,1,Nf5,19,18,19
222,USA Ch Junior 2021,2021.07.25,9.4,"Niemann, Hans Moke","Jacobson, Brandon",1/2-1/2,45,black,"Jacobson, Brandon",Nc8,1,Nc8,18,17,18
222,USA Ch Junior 2021,2021.07.25,9.4,"Niemann, Hans Moke","Jacobson, Brandon",1/2-1/2,46,white,"Niemann, Hans Moke",Rdd1,5,Rcxc6,17,16,17
222,USA Ch Junior 2021,2021.07.25,9.4,"Niemann, Hans Moke","Jacobson, Brandon",1/2-1/2,47,black,"Jacobson, Brandon",Qf7,3,g6,17,16,17
222,USA Ch Junior 2021,2021.07.25,9.4,"Niemann, Hans Moke","Jacobson, Brandon",1/2-1/2,48,white,"Niemann, Hans Moke",h4,6,e3,17,16,17
222,USA Ch Junior 2021,2021.07.25,9.4,"Niemann, Hans Moke","Jacobson, Brandon",1/2-1/2,49,black,"Jacobson, Brandon",Kh8,3,h5,18,17,18
222,USA Ch Junior 2021,2021.07.25,9.4,"Niemann, Hans Moke","Jacobson, Brandon",1/2-1/2,50,white,"Niemann, Hans Moke",Rd3,>10,h5,17,16,17
222,USA Ch Junior 2021,2021.07.25,9.4,"Niemann, Hans Moke","Jacobson, Brandon",1/2-1/2,51,black,"Jacobson, Brandon",g6,1,g6,18,17,18
222,USA Ch Junior 2021,2021.07.25,9.4,"Niemann, Hans Moke","Jacobson, Brandon",1/2-1/2,52,white,"Niemann, Hans Moke",Rxd8,1,Rxd8,18,17,18
222,USA Ch Junior 2021,2021.07.25,9.4,"Niemann, Hans Moke","Jacobson, Brandon",1/2-1/2,53,black,"Jacobson, Brandon",Rxd8,1,Rxd8,17,16,17
222,USA Ch Junior 2021,2021.07.25,9.4,"Niemann, Hans Moke","Jacobson, Brandon",1/2-1/2,54,white,"Niemann, Hans Moke",Ne3,1,Ne3,18,18,18
222,USA Ch Junior 2021,2021.07.25,9.4,"Niemann, Hans Moke","Jacobson, Brandon",1/2-1/2,55,black,"Jacobson, Brandon",N8a7,2,h5,18,17,18
222,USA Ch Junior 2021,2021.07.25,9.4,"Niemann, Hans Moke","Jacobson, Brandon",1/2-1/2,56,white,"Niemann, Hans Moke",h5,1,h5,17,16,17
222,USA Ch Junior 2021,2021.07.25,9.4,"Niemann, Hans Moke","Jacobson, Brandon",1/2-1/2,57,black,"Jacobson, Brandon",Nb5,2,gxh5,18,17,18
222,USA Ch Junior 2021,2021.07.25,9.4,"Niemann, Hans Moke","Jacobson, Brandon",1/2-1/2,58,white,"Niemann, Hans Moke",Bc5,1,Bc5,19,18,19
222,USA Ch Junior 2021,2021.07.25,9.4,"Niemann, Hans Moke","Jacobson, Brandon",1/2-1/2,59,black,"Jacobson, Brandon",gxh5,1,gxh5,18,17,18
222,USA Ch Junior 2021,2021.07.25,9.4,"Niemann, Hans Moke","Jacobson, Brandon",1/2-1/2,60,white,"Niemann, Hans Moke",Nf5,1,Nf5,19,18,19
222,USA Ch Junior 2021,2021.07.25,9.4,"Niemann, Hans Moke","Jacobson, Brandon",1/2-1/2,61,black,"Jacobson, Brandon",Qd5,2,Qg6,18,18,18
222,USA Ch Junior 2021,2021.07.25,9.4,"Niemann, Hans Moke","Jacobson, Brandon",1/2-1/2,62,white,"Niemann, Hans Moke",Qxd5,1,Qxd5,16,15,16
222,USA Ch Junior 2021,2021.07.25,9.4,"Niemann, Hans Moke","Jacobson, Brandon",1/2-1/2,63,black,"Jacobson, Brandon",Rxd5,1,Rxd5,19,18,19
222,USA Ch Junior 2021,2021.07.25,9.4,"Niemann, Hans Moke","Jacobson, Brandon",1/2-1/2,64,white,"Niemann, Hans Moke",a4,3,b4,19,18,19
222,USA Ch Junior 2021,2021.07.25,9.4,"Niemann, Hans Moke","Jacobson, Brandon",1/2-1/2,65,black,"Jacobson, Brandon",Nbd4,1,Nbd4,19,18,19
222,USA Ch Junior 2021,2021.07.25,9.4,"Niemann, Hans Moke","Jacobson, Brandon",1/2-1/2,66,white,"Niemann, Hans Moke",e4,1,e4,19,18,19
222,USA Ch Junior 2021,2021.07.25,9.4,"Niemann, Hans Moke","Jacobson, Brandon",1/2-1/2,67,black,"Jacobson, Brandon",Rd8,1,Rd8,19,18,19
222,USA Ch Junior 2021,2021.07.25,9.4,"Niemann, Hans Moke","Jacobson, Brandon",1/2-1/2,68,white,"Niemann, Hans Moke",Bxd4,5,Bb6,20,19,20
222,USA Ch Junior 2021,2021.07.25,9.4,"Niemann, Hans Moke","Jacobson, Brandon",1/2-1/2,69,black,"Jacobson, Brandon",exd4,1,exd4,18,17,18
222,USA Ch Junior 2021,2021.07.25,9.4,"Niemann, Hans Moke","Jacobson, Brandon",1/2-1/2,70,white,"Niemann, Hans Moke",Kf3,3,Rd1,20,19,20
222,USA Ch Junior 2021,2021.07.25,9.4,"Niemann, Hans Moke","Jacobson, Brandon",1/2-1/2,71,black,"Jacobson, Brandon",Kg8,4,d3,19,18,19
222,USA Ch Junior 2021,2021.07.25,9.4,"Niemann, Hans Moke","Jacobson, Brandon",1/2-1/2,72,white,"Niemann, Hans Moke",Ke2,1,Ke2,20,19,20
222,USA Ch Junior 2021,2021.07.25,9.4,"Niemann, Hans Moke","Jacobson, Brandon",1/2-1/2,73,black,"Jacobson, Brandon",Kf7,6,Ne5,18,17,18
222,USA Ch Junior 2021,2021.07.25,9.4,"Niemann, Hans Moke","Jacobson, Brandon",1/2-1/2,74,white,"Niemann, Hans Moke",f4,>10,Kd3,19,18,19
222,USA Ch Junior 2021,2021.07.25,9.4,"Niemann, Hans Moke","Jacobson, Brandon",1/2-1/2,75,black,"Jacobson, Brandon",Ke6,6,d3+,19,18,19
222,USA Ch Junior 2021,2021.07.25,9.4,"Niemann, Hans Moke","Jacobson, Brandon",1/2-1/2,76,white,"Niemann, Hans Moke",Rc4,3,Rc5,20,19,20
222,USA Ch Junior 2021,2021.07.25,9.4,"Niemann, Hans Moke","Jacobson, Brandon",1/2-1/2,77,black,"Jacobson, Brandon",a5,7,d3+,18,17,18
222,USA Ch Junior 2021,2021.07.25,9.4,"Niemann, Hans Moke","Jacobson, Brandon",1/2-1/2,78,white,"Niemann, Hans Moke",Kd3,3,Rc5,21,21,21
222,USA Ch Junior 2021,2021.07.25,9.4,"Niemann, Hans Moke","Jacobson, Brandon",1/2-1/2,79,black,"Jacobson, Brandon",Rg8,2,Rd7,19,18,19
222,USA Ch Junior 2021,2021.07.25,9.4,"Niemann, Hans Moke","Jacobson, Brandon",1/2-1/2,80,white,"Niemann, Hans Moke",Rc1,2,Rc5,20,19,20
222,USA Ch Junior 2021,2021.07.25,9.4,"Niemann, Hans Moke","Jacobson, Brandon",1/2-1/2,81,black,"Jacobson, Brandon",h4,1,h4,19,18,19
222,USA Ch Junior 2021,2021.07.25,9.4,"Niemann, Hans Moke","Jacobson, Brandon",1/2-1/2,82,white,"Niemann, Hans Moke",gxh4,1,gxh4,18,17,18
222,USA Ch Junior 2021,2021.07.25,9.4,"Niemann, Hans Moke","Jacobson, Brandon",1/2-1/2,83,black,"Jacobson, Brandon",Rg4,1,Rg4,17,17,17
222,USA Ch Junior 2021,2021.07.25,9.4,"Niemann, Hans Moke","Jacobson, Brandon",1/2-1/2,84,white,"Niemann, Hans Moke",Rf1,1,Rf1,21,20,21
222,USA Ch Junior 2021,2021.07.25,9.4,"Niemann, Hans Moke","Jacobson, Brandon",1/2-1/2,85,black,"Jacobson, Brandon",h5,1,h5,18,17,18
222,USA Ch Junior 2021,2021.07.25,9.4,"Niemann, Hans Moke","Jacobson, Brandon",1/2-1/2,86,white,"Niemann, Hans Moke",Rf3,2,Kc4,21,20,21
222,USA Ch Junior 2021,2021.07.25,9.4,"Niemann, Hans Moke","Jacobson, Brandon",1/2-1/2,87,black,"Jacobson, Brandon",Kd7,1,Kd7,19,18,19
222,USA Ch Junior 2021,2021.07.25,9.4,"Niemann, Hans Moke","Jacobson, Brandon",1/2-1/2,88,white,"Niemann, Hans Moke",Kc4,1,Kc4,19,19,19
222,USA Ch Junior 2021,2021.07.25,9.4,"Niemann, Hans Moke","Jacobson, Brandon",1/2-1/2,89,black,"Jacobson, Brandon",Kc7,1,Kc7,19,18,19
222,USA Ch Junior 2021,2021.07.25,9.4,"Niemann, Hans Moke","Jacobson, Brandon",1/2-1/2,90,white,"Niemann, Hans Moke",Rf1,2,Rf2,21,20,21
222,USA Ch Junior 2021,2021.07.25,9.4,"Niemann, Hans Moke","Jacobson, Brandon",1/2-1/2,91,black,"Jacobson, Brandon",Kd7,2,Kd8,19,18,19
222,USA Ch Junior 2021,2021.07.25,9.4,"Niemann, Hans Moke","Jacobson, Brandon",1/2-1/2,92,white,"Niemann, Hans Moke",Rf2,5,Kd3,20,19,20
222,USA Ch Junior 2021,2021.07.25,9.4,"Niemann, Hans Moke","Jacobson, Brandon",1/2-1/2,93,black,"Jacobson, Brandon",Kc7,2,d3,20,19,20
222,USA Ch Junior 2021,2021.07.25,9.4,"Niemann, Hans Moke","Jacobson, Brandon",1/2-1/2,94,white,"Niemann, Hans Moke",Kd5,3,Rf3,20,20,20
222,USA Ch Junior 2021,2021.07.25,9.4,"Niemann, Hans Moke","Jacobson, Brandon",1/2-1/2,95,black,"Jacobson, Brandon",Kd7,1,Kd7,18,17,18
222,USA Ch Junior 2021,2021.07.25,9.4,"Niemann, Hans Moke","Jacobson, Brandon",1/2-1/2,96,white,"Niemann, Hans Moke",Kc4,2,Kc5,21,20,21
222,USA Ch Junior 2021,2021.07.25,9.4,"Niemann, Hans Moke","Jacobson, Brandon",1/2-1/2,97,black,"Jacobson, Brandon",Kc7,3,d3,20,19,20
222,USA Ch Junior 2021,2021.07.25,9.4,"Niemann, Hans Moke","Jacobson, Brandon",1/2-1/2,98,white,"Niemann, Hans Moke",Nxd4,4,Rf3,20,20,20
222,USA Ch Junior 2021,2021.07.25,9.4,"Niemann, Hans Moke","Jacobson, Brandon",1/2-1/2,99,black,"Jacobson, Brandon",Nxd4,1,Nxd4,17,16,17
222,USA Ch Junior 2021,2021.07.25,9.4,"Niemann, Hans Moke","Jacobson, Brandon",1/2-1/2,100,white,"Niemann, Hans Moke",Kxd4,1,Kxd4,18,17,18
222,USA Ch Junior 2021,2021.07.25,9.4,"Niemann, Hans Moke","Jacobson, Brandon",1/2-1/2,101,black,"Jacobson, Brandon",Kd6,1,Kd6,19,18,19
222,USA Ch Junior 2021,2021.07.25,9.4,"Niemann, Hans Moke","Jacobson, Brandon",1/2-1/2,102,white,"Niemann, Hans Moke",Rd2,5,f5,25,24,25
222,USA Ch Junior 2021,2021.07.25,9.4,"Niemann, Hans Moke","Jacobson, Brandon",1/2-1/2,103,black,"Jacobson, Brandon",Rxh4,1,Rxh4,20,19,20
222,USA Ch Junior 2021,2021.07.25,9.4,"Niemann, Hans Moke","Jacobson, Brandon",1/2-1/2,104,white,"Niemann, Hans Moke",Ke3+,1,Ke3+,24,23,24
222,USA Ch Junior 2021,2021.07.25,9.4,"Niemann, Hans Moke","Jacobson, Brandon",1/2-1/2,105,black,"Jacobson, Brandon",Ke7,3,Ke6,22,22,22
222,USA Ch Junior 2021,2021.07.25,9.4,"Niemann, Hans Moke","Jacobson, Brandon",1/2-1/2,106,white,"Niemann, Hans Moke",Rd5,1,Rd5,25,25,25
222,USA Ch Junior 2021,2021.07.25,9.4,"Niemann, Hans Moke","Jacobson, Brandon",1/2-1/2,107,black,"Jacobson, Brandon",Rh3+,1,Rh3+,21,20,21
222,USA Ch Junior 2021,2021.07.25,9.4,"Niemann, Hans Moke","Jacobson, Brandon",1/2-1/2,108,white,"Niemann, Hans Moke",Kd4,1,Kd4,29,28,29
222,USA Ch Junior 2021,2021.07.25,9.4,"Niemann, Hans Moke","Jacobson, Brandon",1/2-1/2,109,black,"Jacobson, Brandon",Rxb3,2,b6,23,22,23
222,USA Ch Junior 2021,2021.07.25,9.4,"Niemann, Hans Moke","Jacobson, Brandon",1/2-1/2,110,white,"Niemann, Hans Moke",Rxh5,1,Rxh5,19,19,19
222,USA Ch Junior 2021,2021.07.25,9.4,"Niemann, Hans Moke","Jacobson, Brandon",1/2-1/2,111,black,"Jacobson, Brandon",Rb4+,1,Rb4+,22,21,22
222,USA Ch Junior 2021,2021.07.25,9.4,"Niemann, Hans Moke","Jacobson, Brandon",1/2-1/2,112,white,"Niemann, Hans Moke",Kd5,1,Kd5,26,26,26
222,USA Ch Junior 2021,2021.07.25,9.4,"Niemann, Hans Moke","Jacobson, Brandon",1/2-1/2,113,black,"Jacobson, Brandon",Kf7,4,b5,25,24,25
222,USA Ch Junior 2021,2021.07.25,9.4,"Niemann, Hans Moke","Jacobson, Brandon",1/2-1/2,114,white,"Niemann, Hans Moke",f5,2,Rh7+,28,28,28
222,USA Ch Junior 2021,2021.07.25,9.4,"Niemann, Hans Moke","Jacobson, Brandon",1/2-1/2,115,black,"Jacobson, Brandon",b5,1,b5,25,25,25
222,USA Ch Junior 2021,2021.07.25,9.4,"Niemann, Hans Moke","Jacobson, Brandon",1/2-1/2,116,white,"Niemann, Hans Moke",Rh7+,1,Rh7+,29,28,29
222,USA Ch Junior 2021,2021.07.25,9.4,"Niemann, Hans Moke","Jacobson, Brandon",1/2-1/2,117,black,"Jacobson, Brandon",Kg8,1,Kg8,36,36,36
222,USA Ch Junior 2021,2021.07.25,9.4,"Niemann, Hans Moke","Jacobson, Brandon",1/2-1/2,118,white,"Niemann, Hans Moke",Ra7,2,Rc7,30,29,30
222,USA Ch Junior 2021,2021.07.25,9.4,"Niemann, Hans Moke","Jacobson, Brandon",1/2-1/2,119,black,"Jacobson, Brandon",bxa4,2,Rxa4,19,18,19
222,USA Ch Junior 2021,2021.07.25,9.4,"Niemann, Hans Moke","Jacobson, Brandon",1/2-1/2,120,white,"Niemann, Hans Moke",Rxa5,1,Rxa5,21,20,21
222,USA Ch Junior 2021,2021.07.25,9.4,"Niemann, Hans Moke","Jacobson, Brandon",1/2-1/2,121,black,"Jacobson, Brandon",Kf7,2,Kg7,35,35,35
222,USA Ch Junior 2021,2021.07.25,9.4,"Niemann, Hans Moke","Jacobson, Brandon",1/2-1/2,122,white,"Niemann, Hans Moke",Ra7+,1,Ra7+,29,28,29
222,USA Ch Junior 2021,2021.07.25,9.4,"Niemann, Hans Moke","Jacobson, Brandon",1/2-1/2,123,black,"Jacobson, Brandon",Ke8,3,Kg8,40,39,40
222,USA Ch Junior 2021,2021.07.25,9.4,"Niemann, Hans Moke","Jacobson, Brandon",1/2-1/2,124,white,"Niemann, Hans Moke",Ke6,4,Ra5,37,36,37
222,USA Ch Junior 2021,2021.07.25,9.4,"Niemann, Hans Moke","Jacobson, Brandon",1/2-1/2,125,black,"Jacobson, Brandon",Rb6+,1,Rb6+,20,19,20
222,USA Ch Junior 2021,2021.07.25,9.4,"Niemann, Hans Moke","Jacobson, Brandon",1/2-1/2,126,white,"Niemann, Hans Moke",Kd5,1,Kd5,47,47,47
222,USA Ch Junior 2021,2021.07.25,9.4,"Niemann, Hans Moke","Jacobson, Brandon",1/2-1/2,127,black,"Jacobson, Brandon",Rb4,1,Rb4,36,35,36
222,USA Ch Junior 2021,2021.07.25,9.4,"Niemann, Hans Moke","Jacobson, Brandon",1/2-1/2,128,white,"Niemann, Hans Moke",Ra8+,2,Ra5,36,35,36
222,USA Ch Junior 2021,2021.07.25,9.4,"Niemann, Hans Moke","Jacobson, Brandon",1/2-1/2,129,black,"Jacobson, Brandon",Kf7,1,Kf7,39,38,39
222,USA Ch Junior 2021,2021.07.25,9.4,"Niemann, Hans Moke","Jacobson, Brandon",1/2-1/2,130,white,"Niemann, Hans Moke",Ra6,1,Ra6,35,34,35
222,USA Ch Junior 2021,2021.07.25,9.4,"Niemann, Hans Moke","Jacobson, Brandon",1/2-1/2,131,black,"Jacobson, Brandon",Kg7,2,a3,34,33,34
222,USA Ch Junior 2021,2021.07.25,9.4,"Niemann, Hans Moke","Jacobson, Brandon",1/2-1/2,132,white,"Niemann, Hans Moke",Ra7+,1,Ra7+,36,35,36
222,USA Ch Junior 2021,2021.07.25,9.4,"Niemann, Hans Moke","Jacobson, Brandon",1/2-1/2,133,black,"Jacobson, Brandon",Kf8,2,Kg8,35,34,35
222,USA Ch Junior 2021,2021.07.25,9.4,"Niemann, Hans Moke","Jacobson, Brandon",1/2-1/2,134,white,"Niemann, Hans Moke",e5,5,Ke6,36,35,36
222,USA Ch Junior 2021,2021.07.25,9.4,"Niemann, Hans Moke","Jacobson, Brandon",1/2-1/2,135,black,"Jacobson, Brandon",Rb5+,1,Rb5+,22,22,22
222,USA Ch Junior 2021,2021.07.25,9.4,"Niemann, Hans Moke","Jacobson, Brandon",1/2-1/2,136,white,"Niemann, Hans Moke",Ke6,1,Ke6,35,34,35
222,USA Ch Junior 2021,2021.07.25,9.4,"Niemann, Hans Moke","Jacobson, Brandon",1/2-1/2,137,black,"Jacobson, Brandon",Rb6+,1,Rb6+,19,18,19
222,USA Ch Junior 2021,2021.07.25,9.4,"Niemann, Hans Moke","Jacobson, Brandon",1/2-1/2,138,white,"Niemann, Hans Moke",Kd5,1,Kd5,37,36,37
222,USA Ch Junior 2021,2021.07.25,9.4,"Niemann, Hans Moke","Jacobson, Brandon",1/2-1/2,139,black,"Jacobson, Brandon",Rb5+,1,Rb5+,24,23,24
222,USA Ch Junior 2021,2021.07.25,9.4,"Niemann, Hans Moke","Jacobson, Brandon",1/2-1/2,140,white,"Niemann, Hans Moke",Ke6,4,Ke4,36,36,36
223,121. US Open 2021,2021.08.03,4.4,"Niemann, Hans Moke","Gorman, Dov",1-0,0,white,"Niemann, Hans Moke",c4,B,,,,
223,121. US Open 2021,2021.08.03,4.4,"Niemann, Hans Moke","Gorman, Dov",1-0,1,black,"Gorman, Dov",e6,B,,,,
223,121. US Open 2021,2021.08.03,4.4,"Niemann, Hans Moke","Gorman, Dov",1-0,2,white,"Niemann, Hans Moke",Nf3,B,,,,
223,121. US Open 2021,2021.08.03,4.4,"Niemann, Hans Moke","Gorman, Dov",1-0,3,black,"Gorman, Dov",Nf6,B,,,,
223,121. US Open 2021,2021.08.03,4.4,"Niemann, Hans Moke","Gorman, Dov",1-0,4,white,"Niemann, Hans Moke",g3,B,,,,
223,121. US Open 2021,2021.08.03,4.4,"Niemann, Hans Moke","Gorman, Dov",1-0,5,black,"Gorman, Dov",d5,B,,,,
223,121. US Open 2021,2021.08.03,4.4,"Niemann, Hans Moke","Gorman, Dov",1-0,6,white,"Niemann, Hans Moke",Bg2,B,,,,
223,121. US Open 2021,2021.08.03,4.4,"Niemann, Hans Moke","Gorman, Dov",1-0,7,black,"Gorman, Dov",c5,B,,,,
223,121. US Open 2021,2021.08.03,4.4,"Niemann, Hans Moke","Gorman, Dov",1-0,8,white,"Niemann, Hans Moke",cxd5,B,,,,
223,121. US Open 2021,2021.08.03,4.4,"Niemann, Hans Moke","Gorman, Dov",1-0,9,black,"Gorman, Dov",exd5,B,,,,
223,121. US Open 2021,2021.08.03,4.4,"Niemann, Hans Moke","Gorman, Dov",1-0,10,white,"Niemann, Hans Moke",d4,B,,,,
223,121. US Open 2021,2021.08.03,4.4,"Niemann, Hans Moke","Gorman, Dov",1-0,11,black,"Gorman, Dov",Nc6,B,,,,
223,121. US Open 2021,2021.08.03,4.4,"Niemann, Hans Moke","Gorman, Dov",1-0,12,white,"Niemann, Hans Moke",O-O,B,,,,
223,121. US Open 2021,2021.08.03,4.4,"Niemann, Hans Moke","Gorman, Dov",1-0,13,black,"Gorman, Dov",cxd4,B,,,,
223,121. US Open 2021,2021.08.03,4.4,"Niemann, Hans Moke","Gorman, Dov",1-0,14,white,"Niemann, Hans Moke",Nxd4,B,,,,
223,121. US Open 2021,2021.08.03,4.4,"Niemann, Hans Moke","Gorman, Dov",1-0,15,black,"Gorman, Dov",Bc5,10,Bd6,17,16,17
223,121. US Open 2021,2021.08.03,4.4,"Niemann, Hans Moke","Gorman, Dov",1-0,16,white,"Niemann, Hans Moke",Nxc6,B,,,,
223,121. US Open 2021,2021.08.03,4.4,"Niemann, Hans Moke","Gorman, Dov",1-0,17,black,"Gorman, Dov",bxc6,1,bxc6,17,16,17
223,121. US Open 2021,2021.08.03,4.4,"Niemann, Hans Moke","Gorman, Dov",1-0,18,white,"Niemann, Hans Moke",Qc2,B,,,,
223,121. US Open 2021,2021.08.03,4.4,"Niemann, Hans Moke","Gorman, Dov",1-0,19,black,"Gorman, Dov",Qb6,2,Qe7,18,17,18
223,121. US Open 2021,2021.08.03,4.4,"Niemann, Hans Moke","Gorman, Dov",1-0,20,white,"Niemann, Hans Moke",Nc3,B,,,,
223,121. US Open 2021,2021.08.03,4.4,"Niemann, Hans Moke","Gorman, Dov",1-0,21,black,"Gorman, Dov",Bd6,4,Be7,17,16,17
223,121. US Open 2021,2021.08.03,4.4,"Niemann, Hans Moke","Gorman, Dov",1-0,22,white,"Niemann, Hans Moke",e4,1,e4,17,17,17
223,121. US Open 2021,2021.08.03,4.4,"Niemann, Hans Moke","Gorman, Dov",1-0,23,black,"Gorman, Dov",O-O,1,O-O,17,16,17
223,121. US Open 2021,2021.08.03,4.4,"Niemann, Hans Moke","Gorman, Dov",1-0,24,white,"Niemann, Hans Moke",exd5,3,Be3,17,16,17
223,121. US Open 2021,2021.08.03,4.4,"Niemann, Hans Moke","Gorman, Dov",1-0,25,black,"Gorman, Dov",Nxd5,1,Nxd5,17,16,17
223,121. US Open 2021,2021.08.03,4.4,"Niemann, Hans Moke","Gorman, Dov",1-0,26,white,"Niemann, Hans Moke",Nxd5,1,Nxd5,17,16,17
223,121. US Open 2021,2021.08.03,4.4,"Niemann, Hans Moke","Gorman, Dov",1-0,27,black,"Gorman, Dov",cxd5,1,cxd5,18,18,18
223,121. US Open 2021,2021.08.03,4.4,"Niemann, Hans Moke","Gorman, Dov",1-0,28,white,"Niemann, Hans Moke",Bxd5,1,Bxd5,18,18,18
223,121. US Open 2021,2021.08.03,4.4,"Niemann, Hans Moke","Gorman, Dov",1-0,29,black,"Gorman, Dov",Rb8,1,Rb8,18,17,18
223,121. US Open 2021,2021.08.03,4.4,"Niemann, Hans Moke","Gorman, Dov",1-0,30,white,"Niemann, Hans Moke",Be3,1,Be3,17,16,17
223,121. US Open 2021,2021.08.03,4.4,"Niemann, Hans Moke","Gorman, Dov",1-0,31,black,"Gorman, Dov",Qa5,2,Qxb2,16,15,16
223,121. US Open 2021,2021.08.03,4.4,"Niemann, Hans Moke","Gorman, Dov",1-0,32,white,"Niemann, Hans Moke",Rfd1,2,Rad1,17,16,17
223,121. US Open 2021,2021.08.03,4.4,"Niemann, Hans Moke","Gorman, Dov",1-0,33,black,"Gorman, Dov",Be5,2,Bg4,17,16,17
223,121. US Open 2021,2021.08.03,4.4,"Niemann, Hans Moke","Gorman, Dov",1-0,34,white,"Niemann, Hans Moke",Rab1,2,Qe4,17,16,17
223,121. US Open 2021,2021.08.03,4.4,"Niemann, Hans Moke","Gorman, Dov",1-0,35,black,"Gorman, Dov",Bg4,1,Bg4,17,16,17
223,121. US Open 2021,2021.08.03,4.4,"Niemann, Hans Moke","Gorman, Dov",1-0,36,white,"Niemann, Hans Moke",Rd2,1,Rd2,18,18,18
223,121. US Open 2021,2021.08.03,4.4,"Niemann, Hans Moke","Gorman, Dov",1-0,37,black,"Gorman, Dov",h5,2,Bh3,17,16,17
223,121. US Open 2021,2021.08.03,4.4,"Niemann, Hans Moke","Gorman, Dov",1-0,38,white,"Niemann, Hans Moke",b4,1,b4,16,15,16
223,121. US Open 2021,2021.08.03,4.4,"Niemann, Hans Moke","Gorman, Dov",1-0,39,black,"Gorman, Dov",Qa6,1,Qa6,17,17,17
223,121. US Open 2021,2021.08.03,4.4,"Niemann, Hans Moke","Gorman, Dov",1-0,40,white,"Niemann, Hans Moke",Qb3,3,Bc6,16,15,16
223,121. US Open 2021,2021.08.03,4.4,"Niemann, Hans Moke","Gorman, Dov",1-0,41,black,"Gorman, Dov",Qf6,4,Qg6,16,15,16
223,121. US Open 2021,2021.08.03,4.4,"Niemann, Hans Moke","Gorman, Dov",1-0,42,white,"Niemann, Hans Moke",Bxa7,1,Bxa7,16,15,16
223,121. US Open 2021,2021.08.03,4.4,"Niemann, Hans Moke","Gorman, Dov",1-0,43,black,"Gorman, Dov",Rxb4,>10,Bc3,16,16,16
223,121. US Open 2021,2021.08.03,4.4,"Niemann, Hans Moke","Gorman, Dov",1-0,44,white,"Niemann, Hans Moke",Qxb4,1,Qxb4,17,16,17
223,121. US Open 2021,2021.08.03,4.4,"Niemann, Hans Moke","Gorman, Dov",1-0,45,black,"Gorman, Dov",Bc3,1,Bc3,17,16,17
223,121. US Open 2021,2021.08.03,4.4,"Niemann, Hans Moke","Gorman, Dov",1-0,46,white,"Niemann, Hans Moke",Qxf8+,1,Qxf8+,17,16,17
223,121. US Open 2021,2021.08.03,4.4,"Niemann, Hans Moke","Gorman, Dov",1-0,47,black,"Gorman, Dov",Kxf8,1,Kxf8,22,21,22
223,121. US Open 2021,2021.08.03,4.4,"Niemann, Hans Moke","Gorman, Dov",1-0,48,white,"Niemann, Hans Moke",Rb8+,1,Rb8+,17,16,17
223,121. US Open 2021,2021.08.03,4.4,"Niemann, Hans Moke","Gorman, Dov",1-0,49,black,"Gorman, Dov",Ke7,1,Ke7,20,20,20
223,121. US Open 2021,2021.08.03,4.4,"Niemann, Hans Moke","Gorman, Dov",1-0,50,white,"Niemann, Hans Moke",Rd3,3,Bc5+,18,17,18
223,121. US Open 2021,2021.08.03,4.4,"Niemann, Hans Moke","Gorman, Dov",1-0,51,black,"Gorman, Dov",Bb4,1,Bb4,16,15,16
223,121. US Open 2021,2021.08.03,4.4,"Niemann, Hans Moke","Gorman, Dov",1-0,52,white,"Niemann, Hans Moke",Rb7+,1,Rb7+,17,16,17
223,121. US Open 2021,2021.08.03,4.4,"Niemann, Hans Moke","Gorman, Dov",1-0,53,black,"Gorman, Dov",Bd7,4,Kf8,19,18,19
223,121. US Open 2021,2021.08.03,4.4,"Niemann, Hans Moke","Gorman, Dov",1-0,54,white,"Niemann, Hans Moke",Re3+,9,Be4,17,16,17
223,121. US Open 2021,2021.08.03,4.4,"Niemann, Hans Moke","Gorman, Dov",1-0,55,black,"Gorman, Dov",Kd8,2,Kd6,19,18,19
223,121. US Open 2021,2021.08.03,4.4,"Niemann, Hans Moke","Gorman, Dov",1-0,56,white,"Niemann, Hans Moke",Bb6+,1,Bb6+,17,16,17
223,121. US Open 2021,2021.08.03,4.4,"Niemann, Hans Moke","Gorman, Dov",1-0,57,black,"Gorman, Dov",Kc8,2,Qxb6,20,20,20
223,121. US Open 2021,2021.08.03,4.4,"Niemann, Hans Moke","Gorman, Dov",1-0,58,white,"Niemann, Hans Moke",Rc7+,1,Rc7+,17,16,17
223,121. US Open 2021,2021.08.03,4.4,"Niemann, Hans Moke","Gorman, Dov",1-0,59,black,"Gorman, Dov",Kb8,1,Kb8,20,20,20
223,121. US Open 2021,2021.08.03,4.4,"Niemann, Hans Moke","Gorman, Dov",1-0,60,white,"Niemann, Hans Moke",Rxd7,2,Rb7+,17,16,17
224,121. US Open 2021,2021.08.04,5.2,"Hungaski, Robert","Niemann, Hans Moke",0-1,0,white,"Hungaski, Robert",e4,B,,,,
224,121. US Open 2021,2021.08.04,5.2,"Hungaski, Robert","Niemann, Hans Moke",0-1,1,black,"Niemann, Hans Moke",e5,B,,,,
224,121. US Open 2021,2021.08.04,5.2,"Hungaski, Robert","Niemann, Hans Moke",0-1,2,white,"Hungaski, Robert",Nf3,B,,,,
224,121. US Open 2021,2021.08.04,5.2,"Hungaski, Robert","Niemann, Hans Moke",0-1,3,black,"Niemann, Hans Moke",Nc6,B,,,,
224,121. US Open 2021,2021.08.04,5.2,"Hungaski, Robert","Niemann, Hans Moke",0-1,4,white,"Hungaski, Robert",Bc4,B,,,,
224,121. US Open 2021,2021.08.04,5.2,"Hungaski, Robert","Niemann, Hans Moke",0-1,5,black,"Niemann, Hans Moke",Nf6,B,,,,
224,121. US Open 2021,2021.08.04,5.2,"Hungaski, Robert","Niemann, Hans Moke",0-1,6,white,"Hungaski, Robert",Ng5,B,,,,
224,121. US Open 2021,2021.08.04,5.2,"Hungaski, Robert","Niemann, Hans Moke",0-1,7,black,"Niemann, Hans Moke",d5,B,,,,
224,121. US Open 2021,2021.08.04,5.2,"Hungaski, Robert","Niemann, Hans Moke",0-1,8,white,"Hungaski, Robert",exd5,B,,,,
224,121. US Open 2021,2021.08.04,5.2,"Hungaski, Robert","Niemann, Hans Moke",0-1,9,black,"Niemann, Hans Moke",Na5,B,,,,
224,121. US Open 2021,2021.08.04,5.2,"Hungaski, Robert","Niemann, Hans Moke",0-1,10,white,"Hungaski, Robert",Bb5+,B,,,,
224,121. US Open 2021,2021.08.04,5.2,"Hungaski, Robert","Niemann, Hans Moke",0-1,11,black,"Niemann, Hans Moke",c6,B,,,,
224,121. US Open 2021,2021.08.04,5.2,"Hungaski, Robert","Niemann, Hans Moke",0-1,12,white,"Hungaski, Robert",dxc6,B,,,,
224,121. US Open 2021,2021.08.04,5.2,"Hungaski, Robert","Niemann, Hans Moke",0-1,13,black,"Niemann, Hans Moke",bxc6,B,,,,
224,121. US Open 2021,2021.08.04,5.2,"Hungaski, Robert","Niemann, Hans Moke",0-1,14,white,"Hungaski, Robert",Bd3,B,,,,
224,121. US Open 2021,2021.08.04,5.2,"Hungaski, Robert","Niemann, Hans Moke",0-1,15,black,"Niemann, Hans Moke",Nd5,B,,,,
224,121. US Open 2021,2021.08.04,5.2,"Hungaski, Robert","Niemann, Hans Moke",0-1,16,white,"Hungaski, Robert",Nf3,B,,,,
224,121. US Open 2021,2021.08.04,5.2,"Hungaski, Robert","Niemann, Hans Moke",0-1,17,black,"Niemann, Hans Moke",Bd6,B,,,,
224,121. US Open 2021,2021.08.04,5.2,"Hungaski, Robert","Niemann, Hans Moke",0-1,18,white,"Hungaski, Robert",O-O,B,,,,
224,121. US Open 2021,2021.08.04,5.2,"Hungaski, Robert","Niemann, Hans Moke",0-1,19,black,"Niemann, Hans Moke",O-O,B,,,,
224,121. US Open 2021,2021.08.04,5.2,"Hungaski, Robert","Niemann, Hans Moke",0-1,20,white,"Hungaski, Robert",Re1,B,,,,
224,121. US Open 2021,2021.08.04,5.2,"Hungaski, Robert","Niemann, Hans Moke",0-1,21,black,"Niemann, Hans Moke",Nb4,4,f5,17,16,17
224,121. US Open 2021,2021.08.04,5.2,"Hungaski, Robert","Niemann, Hans Moke",0-1,22,white,"Hungaski, Robert",Nc3,3,Bf1,18,17,18
224,121. US Open 2021,2021.08.04,5.2,"Hungaski, Robert","Niemann, Hans Moke",0-1,23,black,"Niemann, Hans Moke",Nxd3,1,Nxd3,17,16,17
224,121. US Open 2021,2021.08.04,5.2,"Hungaski, Robert","Niemann, Hans Moke",0-1,24,white,"Hungaski, Robert",cxd3,1,cxd3,18,17,18
224,121. US Open 2021,2021.08.04,5.2,"Hungaski, Robert","Niemann, Hans Moke",0-1,25,black,"Niemann, Hans Moke",Bg4,4,c5,18,18,18
224,121. US Open 2021,2021.08.04,5.2,"Hungaski, Robert","Niemann, Hans Moke",0-1,26,white,"Hungaski, Robert",h3,1,h3,17,16,17
224,121. US Open 2021,2021.08.04,5.2,"Hungaski, Robert","Niemann, Hans Moke",0-1,27,black,"Niemann, Hans Moke",Bh5,1,Bh5,17,16,17
224,121. US Open 2021,2021.08.04,5.2,"Hungaski, Robert","Niemann, Hans Moke",0-1,28,white,"Hungaski, Robert",Ne4,2,b4,17,17,17
224,121. US Open 2021,2021.08.04,5.2,"Hungaski, Robert","Niemann, Hans Moke",0-1,29,black,"Niemann, Hans Moke",Re8,2,c5,17,16,17
224,121. US Open 2021,2021.08.04,5.2,"Hungaski, Robert","Niemann, Hans Moke",0-1,30,white,"Hungaski, Robert",b3,1,b3,18,17,18
224,121. US Open 2021,2021.08.04,5.2,"Hungaski, Robert","Niemann, Hans Moke",0-1,31,black,"Niemann, Hans Moke",c5,2,f6,18,17,18
224,121. US Open 2021,2021.08.04,5.2,"Hungaski, Robert","Niemann, Hans Moke",0-1,32,white,"Hungaski, Robert",Ba3,1,Ba3,17,17,17
224,121. US Open 2021,2021.08.04,5.2,"Hungaski, Robert","Niemann, Hans Moke",0-1,33,black,"Niemann, Hans Moke",f5,1,f5,17,16,17
224,121. US Open 2021,2021.08.04,5.2,"Hungaski, Robert","Niemann, Hans Moke",0-1,34,white,"Hungaski, Robert",Ng3,2,Nxd6,17,16,17
224,121. US Open 2021,2021.08.04,5.2,"Hungaski, Robert","Niemann, Hans Moke",0-1,35,black,"Niemann, Hans Moke",Bg6,1,Bg6,17,16,17
224,121. US Open 2021,2021.08.04,5.2,"Hungaski, Robert","Niemann, Hans Moke",0-1,36,white,"Hungaski, Robert",Rc1,1,Rc1,17,16,17
224,121. US Open 2021,2021.08.04,5.2,"Hungaski, Robert","Niemann, Hans Moke",0-1,37,black,"Niemann, Hans Moke",Rc8,1,Rc8,17,16,17
224,121. US Open 2021,2021.08.04,5.2,"Hungaski, Robert","Niemann, Hans Moke",0-1,38,white,"Hungaski, Robert",d4,4,h4,17,16,17
224,121. US Open 2021,2021.08.04,5.2,"Hungaski, Robert","Niemann, Hans Moke",0-1,39,black,"Niemann, Hans Moke",e4,1,e4,17,16,17
224,121. US Open 2021,2021.08.04,5.2,"Hungaski, Robert","Niemann, Hans Moke",0-1,40,white,"Hungaski, Robert",Ne5,1,Ne5,18,17,18
224,121. US Open 2021,2021.08.04,5.2,"Hungaski, Robert","Niemann, Hans Moke",0-1,41,black,"Niemann, Hans Moke",Bxe5,1,Bxe5,18,17,18
224,121. US Open 2021,2021.08.04,5.2,"Hungaski, Robert","Niemann, Hans Moke",0-1,42,white,"Hungaski, Robert",dxe5,1,dxe5,18,18,18
224,121. US Open 2021,2021.08.04,5.2,"Hungaski, Robert","Niemann, Hans Moke",0-1,43,black,"Niemann, Hans Moke",Nc6,1,Nc6,17,16,17
224,121. US Open 2021,2021.08.04,5.2,"Hungaski, Robert","Niemann, Hans Moke",0-1,44,white,"Hungaski, Robert",Rxc5,4,f4,17,17,17
224,121. US Open 2021,2021.08.04,5.2,"Hungaski, Robert","Niemann, Hans Moke",0-1,45,black,"Niemann, Hans Moke",Nxe5,1,Nxe5,17,16,17
224,121. US Open 2021,2021.08.04,5.2,"Hungaski, Robert","Niemann, Hans Moke",0-1,46,white,"Hungaski, Robert",Rxc8,1,Rxc8,17,16,17
224,121. US Open 2021,2021.08.04,5.2,"Hungaski, Robert","Niemann, Hans Moke",0-1,47,black,"Niemann, Hans Moke",Qxc8,1,Qxc8,17,16,17
224,121. US Open 2021,2021.08.04,5.2,"Hungaski, Robert","Niemann, Hans Moke",0-1,48,white,"Hungaski, Robert",Qc1,2,h4,18,17,18
224,121. US Open 2021,2021.08.04,5.2,"Hungaski, Robert","Niemann, Hans Moke",0-1,49,black,"Niemann, Hans Moke",Qd7,1,Qd7,18,17,18
224,121. US Open 2021,2021.08.04,5.2,"Hungaski, Robert","Niemann, Hans Moke",0-1,50,white,"Hungaski, Robert",Qc3,1,Qc3,16,16,16
224,121. US Open 2021,2021.08.04,5.2,"Hungaski, Robert","Niemann, Hans Moke",0-1,51,black,"Niemann, Hans Moke",Nd3,1,Nd3,17,17,17
224,121. US Open 2021,2021.08.04,5.2,"Hungaski, Robert","Niemann, Hans Moke",0-1,52,white,"Hungaski, Robert",Ra1,1,Ra1,17,16,17
224,121. US Open 2021,2021.08.04,5.2,"Hungaski, Robert","Niemann, Hans Moke",0-1,53,black,"Niemann, Hans Moke",Rc8,2,f4,17,16,17
224,121. US Open 2021,2021.08.04,5.2,"Hungaski, Robert","Niemann, Hans Moke",0-1,54,white,"Hungaski, Robert",Qa5,1,Qa5,18,17,18
224,121. US Open 2021,2021.08.04,5.2,"Hungaski, Robert","Niemann, Hans Moke",0-1,55,black,"Niemann, Hans Moke",f4,1,f4,17,16,17
224,121. US Open 2021,2021.08.04,5.2,"Hungaski, Robert","Niemann, Hans Moke",0-1,56,white,"Hungaski, Robert",Nf1,10,Ne2,17,16,17
224,121. US Open 2021,2021.08.04,5.2,"Hungaski, Robert","Niemann, Hans Moke",0-1,57,black,"Niemann, Hans Moke",Qd4,1,Qd4,17,16,17
224,121. US Open 2021,2021.08.04,5.2,"Hungaski, Robert","Niemann, Hans Moke",0-1,58,white,"Hungaski, Robert",Qa6,1,Qa6,17,16,17
224,121. US Open 2021,2021.08.04,5.2,"Hungaski, Robert","Niemann, Hans Moke",0-1,59,black,"Niemann, Hans Moke",Bf5,2,Qxf2+,17,16,17
224,121. US Open 2021,2021.08.04,5.2,"Hungaski, Robert","Niemann, Hans Moke",0-1,60,white,"Hungaski, Robert",Qd6,1,Qd6,17,16,17
224,121. US Open 2021,2021.08.04,5.2,"Hungaski, Robert","Niemann, Hans Moke",0-1,61,black,"Niemann, Hans Moke",Qxa1,2,Qxf2+,17,16,17
224,121. US Open 2021,2021.08.04,5.2,"Hungaski, Robert","Niemann, Hans Moke",0-1,62,white,"Hungaski, Robert",Qd5+,1,Qd5+,17,16,17
224,121. US Open 2021,2021.08.04,5.2,"Hungaski, Robert","Niemann, Hans Moke",0-1,63,black,"Niemann, Hans Moke",Kh8,1,Kh8,24,24,24
224,121. US Open 2021,2021.08.04,5.2,"Hungaski, Robert","Niemann, Hans Moke",0-1,64,white,"Hungaski, Robert",Qxf5,1,Qxf5,17,16,17
224,121. US Open 2021,2021.08.04,5.2,"Hungaski, Robert","Niemann, Hans Moke",0-1,65,black,"Niemann, Hans Moke",Re8,1,Re8,19,18,19
224,121. US Open 2021,2021.08.04,5.2,"Hungaski, Robert","Niemann, Hans Moke",0-1,66,white,"Hungaski, Robert",Qf7,6,Qb5,19,19,19
224,121. US Open 2021,2021.08.04,5.2,"Hungaski, Robert","Niemann, Hans Moke",0-1,67,black,"Niemann, Hans Moke",Rg8,1,Rg8,18,17,18
224,121. US Open 2021,2021.08.04,5.2,"Hungaski, Robert","Niemann, Hans Moke",0-1,68,white,"Hungaski, Robert",Qxa7,7,Bf8,18,17,18
224,121. US Open 2021,2021.08.04,5.2,"Hungaski, Robert","Niemann, Hans Moke",0-1,69,black,"Niemann, Hans Moke",Qe1,1,Qe1,18,17,18
224,121. US Open 2021,2021.08.04,5.2,"Hungaski, Robert","Niemann, Hans Moke",0-1,70,white,"Hungaski, Robert",Bc5,1,Bc5,16,15,16
224,121. US Open 2021,2021.08.04,5.2,"Hungaski, Robert","Niemann, Hans Moke",0-1,71,black,"Niemann, Hans Moke",Nc1,1,Nc1,19,18,19
224,121. US Open 2021,2021.08.04,5.2,"Hungaski, Robert","Niemann, Hans Moke",0-1,72,white,"Hungaski, Robert",Bd4,3,Qa6,18,17,18
224,121. US Open 2021,2021.08.04,5.2,"Hungaski, Robert","Niemann, Hans Moke",0-1,73,black,"Niemann, Hans Moke",Ne2+,1,Ne2+,19,19,19
224,121. US Open 2021,2021.08.04,5.2,"Hungaski, Robert","Niemann, Hans Moke",0-1,74,white,"Hungaski, Robert",Kh2,1,Kh2,22,22,22
224,121. US Open 2021,2021.08.04,5.2,"Hungaski, Robert","Niemann, Hans Moke",0-1,75,black,"Niemann, Hans Moke",Nxd4,1,Nxd4,21,20,21
224,121. US Open 2021,2021.08.04,5.2,"Hungaski, Robert","Niemann, Hans Moke",0-1,76,white,"Hungaski, Robert",Qxd4,1,Qxd4,15,14,15
224,121. US Open 2021,2021.08.04,5.2,"Hungaski, Robert","Niemann, Hans Moke",0-1,77,black,"Niemann, Hans Moke",Qxf1,1,Qxf1,18,17,18
224,121. US Open 2021,2021.08.04,5.2,"Hungaski, Robert","Niemann, Hans Moke",0-1,78,white,"Hungaski, Robert",a4,4,h4,17,17,17
224,121. US Open 2021,2021.08.04,5.2,"Hungaski, Robert","Niemann, Hans Moke",0-1,79,black,"Niemann, Hans Moke",f3,1,f3,17,16,17
224,121. US Open 2021,2021.08.04,5.2,"Hungaski, Robert","Niemann, Hans Moke",0-1,80,white,"Hungaski, Robert",gxf3,1,gxf3,31,31,31
224,121. US Open 2021,2021.08.04,5.2,"Hungaski, Robert","Niemann, Hans Moke",0-1,81,black,"Niemann, Hans Moke",exf3,1,exf3,18,17,18
225,121. US Open 2021,2021.08.06,7.1,"Lenderman, Aleksandr","Niemann, Hans Moke",1-0,0,white,"Lenderman, Aleksandr",d4,B,,,,
225,121. US Open 2021,2021.08.06,7.1,"Lenderman, Aleksandr","Niemann, Hans Moke",1-0,1,black,"Niemann, Hans Moke",Nf6,B,,,,
225,121. US Open 2021,2021.08.06,7.1,"Lenderman, Aleksandr","Niemann, Hans Moke",1-0,2,white,"Lenderman, Aleksandr",Bg5,B,,,,
225,121. US Open 2021,2021.08.06,7.1,"Lenderman, Aleksandr","Niemann, Hans Moke",1-0,3,black,"Niemann, Hans Moke",d5,B,,,,
225,121. US Open 2021,2021.08.06,7.1,"Lenderman, Aleksandr","Niemann, Hans Moke",1-0,4,white,"Lenderman, Aleksandr",e3,B,,,,
225,121. US Open 2021,2021.08.06,7.1,"Lenderman, Aleksandr","Niemann, Hans Moke",1-0,5,black,"Niemann, Hans Moke",c5,B,,,,
225,121. US Open 2021,2021.08.06,7.1,"Lenderman, Aleksandr","Niemann, Hans Moke",1-0,6,white,"Lenderman, Aleksandr",Bxf6,B,,,,
225,121. US Open 2021,2021.08.06,7.1,"Lenderman, Aleksandr","Niemann, Hans Moke",1-0,7,black,"Niemann, Hans Moke",gxf6,B,,,,
225,121. US Open 2021,2021.08.06,7.1,"Lenderman, Aleksandr","Niemann, Hans Moke",1-0,8,white,"Lenderman, Aleksandr",dxc5,B,,,,
225,121. US Open 2021,2021.08.06,7.1,"Lenderman, Aleksandr","Niemann, Hans Moke",1-0,9,black,"Niemann, Hans Moke",e6,B,,,,
225,121. US Open 2021,2021.08.06,7.1,"Lenderman, Aleksandr","Niemann, Hans Moke",1-0,10,white,"Lenderman, Aleksandr",Nf3,1,Nf3,17,17,17
225,121. US Open 2021,2021.08.06,7.1,"Lenderman, Aleksandr","Niemann, Hans Moke",1-0,11,black,"Niemann, Hans Moke",Bxc5,3,f5,18,17,18
225,121. US Open 2021,2021.08.06,7.1,"Lenderman, Aleksandr","Niemann, Hans Moke",1-0,12,white,"Lenderman, Aleksandr",Be2,1,Be2,16,15,16
225,121. US Open 2021,2021.08.06,7.1,"Lenderman, Aleksandr","Niemann, Hans Moke",1-0,13,black,"Niemann, Hans Moke",Qb6,>10,O-O,17,16,17
225,121. US Open 2021,2021.08.06,7.1,"Lenderman, Aleksandr","Niemann, Hans Moke",1-0,14,white,"Lenderman, Aleksandr",c4,2,O-O,18,17,18
225,121. US Open 2021,2021.08.06,7.1,"Lenderman, Aleksandr","Niemann, Hans Moke",1-0,15,black,"Niemann, Hans Moke",dxc4,1,dxc4,18,18,18
225,121. US Open 2021,2021.08.06,7.1,"Lenderman, Aleksandr","Niemann, Hans Moke",1-0,16,white,"Lenderman, Aleksandr",Nbd2,4,Qc2,17,16,17
225,121. US Open 2021,2021.08.06,7.1,"Lenderman, Aleksandr","Niemann, Hans Moke",1-0,17,black,"Niemann, Hans Moke",c3,1,c3,17,16,17
225,121. US Open 2021,2021.08.06,7.1,"Lenderman, Aleksandr","Niemann, Hans Moke",1-0,18,white,"Lenderman, Aleksandr",bxc3,1,bxc3,17,16,17
225,121. US Open 2021,2021.08.06,7.1,"Lenderman, Aleksandr","Niemann, Hans Moke",1-0,19,black,"Niemann, Hans Moke",Be7,4,Qc7,16,15,16
225,121. US Open 2021,2021.08.06,7.1,"Lenderman, Aleksandr","Niemann, Hans Moke",1-0,20,white,"Lenderman, Aleksandr",Nd4,1,Nd4,17,16,17
225,121. US Open 2021,2021.08.06,7.1,"Lenderman, Aleksandr","Niemann, Hans Moke",1-0,21,black,"Niemann, Hans Moke",a6,4,Nd7,17,16,17
225,121. US Open 2021,2021.08.06,7.1,"Lenderman, Aleksandr","Niemann, Hans Moke",1-0,22,white,"Lenderman, Aleksandr",Rb1,>10,a4,17,17,17
225,121. US Open 2021,2021.08.06,7.1,"Lenderman, Aleksandr","Niemann, Hans Moke",1-0,23,black,"Niemann, Hans Moke",Qc7,1,Qc7,17,17,17
225,121. US Open 2021,2021.08.06,7.1,"Lenderman, Aleksandr","Niemann, Hans Moke",1-0,24,white,"Lenderman, Aleksandr",Qa4+,>10,a4,17,16,17
225,121. US Open 2021,2021.08.06,7.1,"Lenderman, Aleksandr","Niemann, Hans Moke",1-0,25,black,"Niemann, Hans Moke",Nd7,1,Nd7,19,18,19
225,121. US Open 2021,2021.08.06,7.1,"Lenderman, Aleksandr","Niemann, Hans Moke",1-0,26,white,"Lenderman, Aleksandr",N4f3,6,O-O,17,16,17
225,121. US Open 2021,2021.08.06,7.1,"Lenderman, Aleksandr","Niemann, Hans Moke",1-0,27,black,"Niemann, Hans Moke",f5,2,b6,17,16,17
225,121. US Open 2021,2021.08.06,7.1,"Lenderman, Aleksandr","Niemann, Hans Moke",1-0,28,white,"Lenderman, Aleksandr",e4,1,e4,17,16,17
225,121. US Open 2021,2021.08.06,7.1,"Lenderman, Aleksandr","Niemann, Hans Moke",1-0,29,black,"Niemann, Hans Moke",Qxc3,3,b5,17,16,17
225,121. US Open 2021,2021.08.06,7.1,"Lenderman, Aleksandr","Niemann, Hans Moke",1-0,30,white,"Lenderman, Aleksandr",exf5,1,exf5,17,17,17
225,121. US Open 2021,2021.08.06,7.1,"Lenderman, Aleksandr","Niemann, Hans Moke",1-0,31,black,"Niemann, Hans Moke",exf5,1,exf5,17,16,17
225,121. US Open 2021,2021.08.06,7.1,"Lenderman, Aleksandr","Niemann, Hans Moke",1-0,32,white,"Lenderman, Aleksandr",O-O,1,O-O,17,16,17
225,121. US Open 2021,2021.08.06,7.1,"Lenderman, Aleksandr","Niemann, Hans Moke",1-0,33,black,"Niemann, Hans Moke",O-O,1,O-O,17,16,17
225,121. US Open 2021,2021.08.06,7.1,"Lenderman, Aleksandr","Niemann, Hans Moke",1-0,34,white,"Lenderman, Aleksandr",Rfc1,2,Qf4,17,16,17
225,121. US Open 2021,2021.08.06,7.1,"Lenderman, Aleksandr","Niemann, Hans Moke",1-0,35,black,"Niemann, Hans Moke",Nc5,2,Nb6,17,16,17
225,121. US Open 2021,2021.08.06,7.1,"Lenderman, Aleksandr","Niemann, Hans Moke",1-0,36,white,"Lenderman, Aleksandr",Qf4,1,Qf4,17,16,17
225,121. US Open 2021,2021.08.06,7.1,"Lenderman, Aleksandr","Niemann, Hans Moke",1-0,37,black,"Niemann, Hans Moke",Qg7,1,Qg7,18,17,18
225,121. US Open 2021,2021.08.06,7.1,"Lenderman, Aleksandr","Niemann, Hans Moke",1-0,38,white,"Lenderman, Aleksandr",Nc4,1,Nc4,16,15,16
225,121. US Open 2021,2021.08.06,7.1,"Lenderman, Aleksandr","Niemann, Hans Moke",1-0,39,black,"Niemann, Hans Moke",Be6,4,Ne4,17,16,17
225,121. US Open 2021,2021.08.06,7.1,"Lenderman, Aleksandr","Niemann, Hans Moke",1-0,40,white,"Lenderman, Aleksandr",Ne3,1,Ne3,17,17,17
225,121. US Open 2021,2021.08.06,7.1,"Lenderman, Aleksandr","Niemann, Hans Moke",1-0,41,black,"Niemann, Hans Moke",Qf6,3,Qg6,18,17,18
225,121. US Open 2021,2021.08.06,7.1,"Lenderman, Aleksandr","Niemann, Hans Moke",1-0,42,white,"Lenderman, Aleksandr",Nd4,1,Nd4,17,16,17
225,121. US Open 2021,2021.08.06,7.1,"Lenderman, Aleksandr","Niemann, Hans Moke",1-0,43,black,"Niemann, Hans Moke",Rfd8,4,Rfe8,17,16,17
225,121. US Open 2021,2021.08.06,7.1,"Lenderman, Aleksandr","Niemann, Hans Moke",1-0,44,white,"Lenderman, Aleksandr",Ndxf5,2,Nexf5,17,16,17
225,121. US Open 2021,2021.08.06,7.1,"Lenderman, Aleksandr","Niemann, Hans Moke",1-0,45,black,"Niemann, Hans Moke",Bf8,3,Bd6,17,16,17
225,121. US Open 2021,2021.08.06,7.1,"Lenderman, Aleksandr","Niemann, Hans Moke",1-0,46,white,"Lenderman, Aleksandr",Rxc5,>10,Rb6,17,16,17
225,121. US Open 2021,2021.08.06,7.1,"Lenderman, Aleksandr","Niemann, Hans Moke",1-0,47,black,"Niemann, Hans Moke",Bxc5,1,Bxc5,16,15,16
225,121. US Open 2021,2021.08.06,7.1,"Lenderman, Aleksandr","Niemann, Hans Moke",1-0,48,white,"Lenderman, Aleksandr",Ng4,1,Ng4,17,16,17
225,121. US Open 2021,2021.08.06,7.1,"Lenderman, Aleksandr","Niemann, Hans Moke",1-0,49,black,"Niemann, Hans Moke",Qg6,1,Qg6,17,17,17
225,121. US Open 2021,2021.08.06,7.1,"Lenderman, Aleksandr","Niemann, Hans Moke",1-0,50,white,"Lenderman, Aleksandr",Rxb7,1,Rxb7,16,16,16
225,121. US Open 2021,2021.08.06,7.1,"Lenderman, Aleksandr","Niemann, Hans Moke",1-0,51,black,"Niemann, Hans Moke",Bf8,3,Rac8,17,16,17
225,121. US Open 2021,2021.08.06,7.1,"Lenderman, Aleksandr","Niemann, Hans Moke",1-0,52,white,"Lenderman, Aleksandr",Nfh6+,1,Nfh6+,18,17,18
225,121. US Open 2021,2021.08.06,7.1,"Lenderman, Aleksandr","Niemann, Hans Moke",1-0,53,black,"Niemann, Hans Moke",Kh8,2,Bxh6,20,19,20
225,121. US Open 2021,2021.08.06,7.1,"Lenderman, Aleksandr","Niemann, Hans Moke",1-0,54,white,"Lenderman, Aleksandr",Nxf7+,1,Nxf7+,18,18,18
225,121. US Open 2021,2021.08.06,7.1,"Lenderman, Aleksandr","Niemann, Hans Moke",1-0,55,black,"Niemann, Hans Moke",Bxf7,1,Bxf7,23,22,23
225,121. US Open 2021,2021.08.06,7.1,"Lenderman, Aleksandr","Niemann, Hans Moke",1-0,56,white,"Lenderman, Aleksandr",Ne5,1,Ne5,17,16,17
226,121. US Open 2021,2021.08.07,8.6,"Niemann, Hans Moke","Rosenthal, Nicholas",1-0,0,white,"Niemann, Hans Moke",d4,B,,,,
226,121. US Open 2021,2021.08.07,8.6,"Niemann, Hans Moke","Rosenthal, Nicholas",1-0,1,black,"Rosenthal, Nicholas",e6,B,,,,
226,121. US Open 2021,2021.08.07,8.6,"Niemann, Hans Moke","Rosenthal, Nicholas",1-0,2,white,"Niemann, Hans Moke",c4,B,,,,
226,121. US Open 2021,2021.08.07,8.6,"Niemann, Hans Moke","Rosenthal, Nicholas",1-0,3,black,"Rosenthal, Nicholas",d5,B,,,,
226,121. US Open 2021,2021.08.07,8.6,"Niemann, Hans Moke","Rosenthal, Nicholas",1-0,4,white,"Niemann, Hans Moke",Nf3,B,,,,
226,121. US Open 2021,2021.08.07,8.6,"Niemann, Hans Moke","Rosenthal, Nicholas",1-0,5,black,"Rosenthal, Nicholas",c6,B,,,,
226,121. US Open 2021,2021.08.07,8.6,"Niemann, Hans Moke","Rosenthal, Nicholas",1-0,6,white,"Niemann, Hans Moke",e3,B,,,,
226,121. US Open 2021,2021.08.07,8.6,"Niemann, Hans Moke","Rosenthal, Nicholas",1-0,7,black,"Rosenthal, Nicholas",f5,B,,,,
226,121. US Open 2021,2021.08.07,8.6,"Niemann, Hans Moke","Rosenthal, Nicholas",1-0,8,white,"Niemann, Hans Moke",Be2,B,,,,
226,121. US Open 2021,2021.08.07,8.6,"Niemann, Hans Moke","Rosenthal, Nicholas",1-0,9,black,"Rosenthal, Nicholas",Nf6,B,,,,
226,121. US Open 2021,2021.08.07,8.6,"Niemann, Hans Moke","Rosenthal, Nicholas",1-0,10,white,"Niemann, Hans Moke",O-O,B,,,,
226,121. US Open 2021,2021.08.07,8.6,"Niemann, Hans Moke","Rosenthal, Nicholas",1-0,11,black,"Rosenthal, Nicholas",Bd6,B,,,,
226,121. US Open 2021,2021.08.07,8.6,"Niemann, Hans Moke","Rosenthal, Nicholas",1-0,12,white,"Niemann, Hans Moke",b3,B,,,,
226,121. US Open 2021,2021.08.07,8.6,"Niemann, Hans Moke","Rosenthal, Nicholas",1-0,13,black,"Rosenthal, Nicholas",Qe7,B,,,,
226,121. US Open 2021,2021.08.07,8.6,"Niemann, Hans Moke","Rosenthal, Nicholas",1-0,14,white,"Niemann, Hans Moke",a4,B,,,,
226,121. US Open 2021,2021.08.07,8.6,"Niemann, Hans Moke","Rosenthal, Nicholas",1-0,15,black,"Rosenthal, Nicholas",O-O,3,a5,18,17,18
226,121. US Open 2021,2021.08.07,8.6,"Niemann, Hans Moke","Rosenthal, Nicholas",1-0,16,white,"Niemann, Hans Moke",Ba3,2,a5,18,17,18
226,121. US Open 2021,2021.08.07,8.6,"Niemann, Hans Moke","Rosenthal, Nicholas",1-0,17,black,"Rosenthal, Nicholas",Nbd7,4,Bxa3,18,17,18
226,121. US Open 2021,2021.08.07,8.6,"Niemann, Hans Moke","Rosenthal, Nicholas",1-0,18,white,"Niemann, Hans Moke",Bxd6,1,Bxd6,18,17,18
226,121. US Open 2021,2021.08.07,8.6,"Niemann, Hans Moke","Rosenthal, Nicholas",1-0,19,black,"Rosenthal, Nicholas",Qxd6,1,Qxd6,16,15,16
226,121. US Open 2021,2021.08.07,8.6,"Niemann, Hans Moke","Rosenthal, Nicholas",1-0,20,white,"Niemann, Hans Moke",a5,2,Qc2,18,17,18
226,121. US Open 2021,2021.08.07,8.6,"Niemann, Hans Moke","Rosenthal, Nicholas",1-0,21,black,"Rosenthal, Nicholas",f4,>10,e5,16,16,16
226,121. US Open 2021,2021.08.07,8.6,"Niemann, Hans Moke","Rosenthal, Nicholas",1-0,22,white,"Niemann, Hans Moke",exf4,1,exf4,18,17,18
226,121. US Open 2021,2021.08.07,8.6,"Niemann, Hans Moke","Rosenthal, Nicholas",1-0,23,black,"Rosenthal, Nicholas",Qxf4,1,Qxf4,18,17,18
226,121. US Open 2021,2021.08.07,8.6,"Niemann, Hans Moke","Rosenthal, Nicholas",1-0,24,white,"Niemann, Hans Moke",Nc3,1,Nc3,17,16,17
226,121. US Open 2021,2021.08.07,8.6,"Niemann, Hans Moke","Rosenthal, Nicholas",1-0,25,black,"Rosenthal, Nicholas",Qd6,>10,e5,17,16,17
226,121. US Open 2021,2021.08.07,8.6,"Niemann, Hans Moke","Rosenthal, Nicholas",1-0,26,white,"Niemann, Hans Moke",Re1,1,Re1,17,16,17
226,121. US Open 2021,2021.08.07,8.6,"Niemann, Hans Moke","Rosenthal, Nicholas",1-0,27,black,"Rosenthal, Nicholas",Ne4,3,Rb8,16,15,16
226,121. US Open 2021,2021.08.07,8.6,"Niemann, Hans Moke","Rosenthal, Nicholas",1-0,28,white,"Niemann, Hans Moke",Qc2,2,Qc1,18,17,18
226,121. US Open 2021,2021.08.07,8.6,"Niemann, Hans Moke","Rosenthal, Nicholas",1-0,29,black,"Rosenthal, Nicholas",Ndf6,3,Nxc3,17,16,17
226,121. US Open 2021,2021.08.07,8.6,"Niemann, Hans Moke","Rosenthal, Nicholas",1-0,30,white,"Niemann, Hans Moke",Bd3,3,c5,17,17,17
226,121. US Open 2021,2021.08.07,8.6,"Niemann, Hans Moke","Rosenthal, Nicholas",1-0,31,black,"Rosenthal, Nicholas",Nxc3,1,Nxc3,18,17,18
226,121. US Open 2021,2021.08.07,8.6,"Niemann, Hans Moke","Rosenthal, Nicholas",1-0,32,white,"Niemann, Hans Moke",Qxc3,2,c5,18,17,18
226,121. US Open 2021,2021.08.07,8.6,"Niemann, Hans Moke","Rosenthal, Nicholas",1-0,33,black,"Rosenthal, Nicholas",Ng4,1,Ng4,17,16,17
226,121. US Open 2021,2021.08.07,8.6,"Niemann, Hans Moke","Rosenthal, Nicholas",1-0,34,white,"Niemann, Hans Moke",Bc2,4,Ne5,18,17,18
226,121. US Open 2021,2021.08.07,8.6,"Niemann, Hans Moke","Rosenthal, Nicholas",1-0,35,black,"Rosenthal, Nicholas",Bd7,6,Rxf3,17,16,17
226,121. US Open 2021,2021.08.07,8.6,"Niemann, Hans Moke","Rosenthal, Nicholas",1-0,36,white,"Niemann, Hans Moke",h3,1,h3,18,17,18
226,121. US Open 2021,2021.08.07,8.6,"Niemann, Hans Moke","Rosenthal, Nicholas",1-0,37,black,"Rosenthal, Nicholas",Rxf3,4,Nf6,18,17,18
226,121. US Open 2021,2021.08.07,8.6,"Niemann, Hans Moke","Rosenthal, Nicholas",1-0,38,white,"Niemann, Hans Moke",Qxf3,1,Qxf3,18,18,18
226,121. US Open 2021,2021.08.07,8.6,"Niemann, Hans Moke","Rosenthal, Nicholas",1-0,39,black,"Rosenthal, Nicholas",Qh2+,1,Qh2+,18,18,18
226,121. US Open 2021,2021.08.07,8.6,"Niemann, Hans Moke","Rosenthal, Nicholas",1-0,40,white,"Niemann, Hans Moke",Kf1,1,Kf1,25,25,25
226,121. US Open 2021,2021.08.07,8.6,"Niemann, Hans Moke","Rosenthal, Nicholas",1-0,41,black,"Rosenthal, Nicholas",Nxf2,3,Nh6,18,17,18
226,121. US Open 2021,2021.08.07,8.6,"Niemann, Hans Moke","Rosenthal, Nicholas",1-0,42,white,"Niemann, Hans Moke",Kxf2,1,Kxf2,17,16,17
226,121. US Open 2021,2021.08.07,8.6,"Niemann, Hans Moke","Rosenthal, Nicholas",1-0,43,black,"Rosenthal, Nicholas",g6,4,dxc4,17,16,17
226,121. US Open 2021,2021.08.07,8.6,"Niemann, Hans Moke","Rosenthal, Nicholas",1-0,44,white,"Niemann, Hans Moke",Rh1,1,Rh1,17,16,17
226,121. US Open 2021,2021.08.07,8.6,"Niemann, Hans Moke","Rosenthal, Nicholas",1-0,45,black,"Rosenthal, Nicholas",Qd6,1,Qd6,15,14,15
226,121. US Open 2021,2021.08.07,8.6,"Niemann, Hans Moke","Rosenthal, Nicholas",1-0,46,white,"Niemann, Hans Moke",c5,4,Kg1,18,17,18
226,121. US Open 2021,2021.08.07,8.6,"Niemann, Hans Moke","Rosenthal, Nicholas",1-0,47,black,"Rosenthal, Nicholas",Qe7,1,Qe7,14,14,14
226,121. US Open 2021,2021.08.07,8.6,"Niemann, Hans Moke","Rosenthal, Nicholas",1-0,48,white,"Niemann, Hans Moke",Qe3,2,Qg3,19,18,19
226,121. US Open 2021,2021.08.07,8.6,"Niemann, Hans Moke","Rosenthal, Nicholas",1-0,49,black,"Rosenthal, Nicholas",Qh4+,1,Qh4+,18,18,18
226,121. US Open 2021,2021.08.07,8.6,"Niemann, Hans Moke","Rosenthal, Nicholas",1-0,50,white,"Niemann, Hans Moke",g3,2,Kg1,20,20,20
226,121. US Open 2021,2021.08.07,8.6,"Niemann, Hans Moke","Rosenthal, Nicholas",1-0,51,black,"Rosenthal, Nicholas",Qh5,1,Qh5,15,14,15
226,121. US Open 2021,2021.08.07,8.6,"Niemann, Hans Moke","Rosenthal, Nicholas",1-0,52,white,"Niemann, Hans Moke",Kg2,1,Kg2,20,19,20
226,121. US Open 2021,2021.08.07,8.6,"Niemann, Hans Moke","Rosenthal, Nicholas",1-0,53,black,"Rosenthal, Nicholas",e5,1,e5,17,16,17
226,121. US Open 2021,2021.08.07,8.6,"Niemann, Hans Moke","Rosenthal, Nicholas",1-0,54,white,"Niemann, Hans Moke",Qxe5,2,Raf1,19,18,19
226,121. US Open 2021,2021.08.07,8.6,"Niemann, Hans Moke","Rosenthal, Nicholas",1-0,55,black,"Rosenthal, Nicholas",Qh6,2,Qxe5,18,17,18
226,121. US Open 2021,2021.08.07,8.6,"Niemann, Hans Moke","Rosenthal, Nicholas",1-0,56,white,"Niemann, Hans Moke",Qf4,3,Raf1,19,18,19
226,121. US Open 2021,2021.08.07,8.6,"Niemann, Hans Moke","Rosenthal, Nicholas",1-0,57,black,"Rosenthal, Nicholas",Qh5,6,g5,15,15,15
226,121. US Open 2021,2021.08.07,8.6,"Niemann, Hans Moke","Rosenthal, Nicholas",1-0,58,white,"Niemann, Hans Moke",Bd1,4,g4,19,18,19
227,121. US Open 2021,2021.08.08,9.2,"Niemann, Hans Moke","Liang, Awonder",1-0,0,white,"Niemann, Hans Moke",e4,B,,,,
227,121. US Open 2021,2021.08.08,9.2,"Niemann, Hans Moke","Liang, Awonder",1-0,1,black,"Liang, Awonder",c6,B,,,,
227,121. US Open 2021,2021.08.08,9.2,"Niemann, Hans Moke","Liang, Awonder",1-0,2,white,"Niemann, Hans Moke",d4,B,,,,
227,121. US Open 2021,2021.08.08,9.2,"Niemann, Hans Moke","Liang, Awonder",1-0,3,black,"Liang, Awonder",d5,B,,,,
227,121. US Open 2021,2021.08.08,9.2,"Niemann, Hans Moke","Liang, Awonder",1-0,4,white,"Niemann, Hans Moke",e5,B,,,,
227,121. US Open 2021,2021.08.08,9.2,"Niemann, Hans Moke","Liang, Awonder",1-0,5,black,"Liang, Awonder",Bf5,B,,,,
227,121. US Open 2021,2021.08.08,9.2,"Niemann, Hans Moke","Liang, Awonder",1-0,6,white,"Niemann, Hans Moke",Nd2,B,,,,
227,121. US Open 2021,2021.08.08,9.2,"Niemann, Hans Moke","Liang, Awonder",1-0,7,black,"Liang, Awonder",e6,B,,,,
227,121. US Open 2021,2021.08.08,9.2,"Niemann, Hans Moke","Liang, Awonder",1-0,8,white,"Niemann, Hans Moke",Nb3,B,,,,
227,121. US Open 2021,2021.08.08,9.2,"Niemann, Hans Moke","Liang, Awonder",1-0,9,black,"Liang, Awonder",Nd7,B,,,,
227,121. US Open 2021,2021.08.08,9.2,"Niemann, Hans Moke","Liang, Awonder",1-0,10,white,"Niemann, Hans Moke",Nf3,B,,,,
227,121. US Open 2021,2021.08.08,9.2,"Niemann, Hans Moke","Liang, Awonder",1-0,11,black,"Liang, Awonder",h6,B,,,,
227,121. US Open 2021,2021.08.08,9.2,"Niemann, Hans Moke","Liang, Awonder",1-0,12,white,"Niemann, Hans Moke",Be2,B,,,,
227,121. US Open 2021,2021.08.08,9.2,"Niemann, Hans Moke","Liang, Awonder",1-0,13,black,"Liang, Awonder",Qc7,7,c5,17,16,17
227,121. US Open 2021,2021.08.08,9.2,"Niemann, Hans Moke","Liang, Awonder",1-0,14,white,"Niemann, Hans Moke",O-O,B,,,,
227,121. US Open 2021,2021.08.08,9.2,"Niemann, Hans Moke","Liang, Awonder",1-0,15,black,"Liang, Awonder",g5,B,,,,
227,121. US Open 2021,2021.08.08,9.2,"Niemann, Hans Moke","Liang, Awonder",1-0,16,white,"Niemann, Hans Moke",a4,B,,,,
227,121. US Open 2021,2021.08.08,9.2,"Niemann, Hans Moke","Liang, Awonder",1-0,17,black,"Liang, Awonder",Bg7,3,Ne7,17,16,17
227,121. US Open 2021,2021.08.08,9.2,"Niemann, Hans Moke","Liang, Awonder",1-0,18,white,"Niemann, Hans Moke",a5,4,Bd2,17,16,17
227,121. US Open 2021,2021.08.08,9.2,"Niemann, Hans Moke","Liang, Awonder",1-0,19,black,"Liang, Awonder",Ne7,1,Ne7,17,16,17
227,121. US Open 2021,2021.08.08,9.2,"Niemann, Hans Moke","Liang, Awonder",1-0,20,white,"Niemann, Hans Moke",Bd2,1,Bd2,17,16,17
227,121. US Open 2021,2021.08.08,9.2,"Niemann, Hans Moke","Liang, Awonder",1-0,21,black,"Liang, Awonder",c5,1,c5,16,16,16
227,121. US Open 2021,2021.08.08,9.2,"Niemann, Hans Moke","Liang, Awonder",1-0,22,white,"Niemann, Hans Moke",Nxc5,1,Nxc5,17,16,17
227,121. US Open 2021,2021.08.08,9.2,"Niemann, Hans Moke","Liang, Awonder",1-0,23,black,"Liang, Awonder",Nxc5,1,Nxc5,18,17,18
227,121. US Open 2021,2021.08.08,9.2,"Niemann, Hans Moke","Liang, Awonder",1-0,24,white,"Niemann, Hans Moke",dxc5,1,dxc5,17,16,17
227,121. US Open 2021,2021.08.08,9.2,"Niemann, Hans Moke","Liang, Awonder",1-0,25,black,"Liang, Awonder",O-O,3,Qxc5,17,16,17
227,121. US Open 2021,2021.08.08,9.2,"Niemann, Hans Moke","Liang, Awonder",1-0,26,white,"Niemann, Hans Moke",b4,5,a6,17,16,17
227,121. US Open 2021,2021.08.08,9.2,"Niemann, Hans Moke","Liang, Awonder",1-0,27,black,"Liang, Awonder",Nc6,2,Be4,17,16,17
227,121. US Open 2021,2021.08.08,9.2,"Niemann, Hans Moke","Liang, Awonder",1-0,28,white,"Niemann, Hans Moke",Ra3,3,c3,17,16,17
227,121. US Open 2021,2021.08.08,9.2,"Niemann, Hans Moke","Liang, Awonder",1-0,29,black,"Liang, Awonder",a6,2,Rad8,16,15,16
227,121. US Open 2021,2021.08.08,9.2,"Niemann, Hans Moke","Liang, Awonder",1-0,30,white,"Niemann, Hans Moke",h3,3,Bd3,16,15,16
227,121. US Open 2021,2021.08.08,9.2,"Niemann, Hans Moke","Liang, Awonder",1-0,31,black,"Liang, Awonder",Rad8,1,Rad8,18,17,18
227,121. US Open 2021,2021.08.08,9.2,"Niemann, Hans Moke","Liang, Awonder",1-0,32,white,"Niemann, Hans Moke",Bd3,1,Bd3,18,17,18
227,121. US Open 2021,2021.08.08,9.2,"Niemann, Hans Moke","Liang, Awonder",1-0,33,black,"Liang, Awonder",Be4,3,d4,18,18,18
227,121. US Open 2021,2021.08.08,9.2,"Niemann, Hans Moke","Liang, Awonder",1-0,34,white,"Niemann, Hans Moke",Re1,1,Re1,17,16,17
227,121. US Open 2021,2021.08.08,9.2,"Niemann, Hans Moke","Liang, Awonder",1-0,35,black,"Liang, Awonder",Nxe5,3,Rd7,17,17,17
227,121. US Open 2021,2021.08.08,9.2,"Niemann, Hans Moke","Liang, Awonder",1-0,36,white,"Niemann, Hans Moke",Nxe5,1,Nxe5,17,17,17
227,121. US Open 2021,2021.08.08,9.2,"Niemann, Hans Moke","Liang, Awonder",1-0,37,black,"Liang, Awonder",Qxe5,2,Bxe5,18,17,18
227,121. US Open 2021,2021.08.08,9.2,"Niemann, Hans Moke","Liang, Awonder",1-0,38,white,"Niemann, Hans Moke",Bc3,4,c6,17,16,17
227,121. US Open 2021,2021.08.08,9.2,"Niemann, Hans Moke","Liang, Awonder",1-0,39,black,"Liang, Awonder",Qf4,1,Qf4,18,17,18
227,121. US Open 2021,2021.08.08,9.2,"Niemann, Hans Moke","Liang, Awonder",1-0,40,white,"Niemann, Hans Moke",g3,2,Bxg7,18,18,18
227,121. US Open 2021,2021.08.08,9.2,"Niemann, Hans Moke","Liang, Awonder",1-0,41,black,"Liang, Awonder",Qf5,1,Qf5,18,17,18
227,121. US Open 2021,2021.08.08,9.2,"Niemann, Hans Moke","Liang, Awonder",1-0,42,white,"Niemann, Hans Moke",Bxg7,1,Bxg7,19,18,19
227,121. US Open 2021,2021.08.08,9.2,"Niemann, Hans Moke","Liang, Awonder",1-0,43,black,"Liang, Awonder",Kxg7,1,Kxg7,19,19,19
227,121. US Open 2021,2021.08.08,9.2,"Niemann, Hans Moke","Liang, Awonder",1-0,44,white,"Niemann, Hans Moke",Bxe4,3,Qe2,18,17,18
227,121. US Open 2021,2021.08.08,9.2,"Niemann, Hans Moke","Liang, Awonder",1-0,45,black,"Liang, Awonder",dxe4,1,dxe4,16,15,16
227,121. US Open 2021,2021.08.08,9.2,"Niemann, Hans Moke","Liang, Awonder",1-0,46,white,"Niemann, Hans Moke",Qe2,1,Qe2,18,17,18
227,121. US Open 2021,2021.08.08,9.2,"Niemann, Hans Moke","Liang, Awonder",1-0,47,black,"Liang, Awonder",Qxh3,>10,Rd4,20,19,20
227,121. US Open 2021,2021.08.08,9.2,"Niemann, Hans Moke","Liang, Awonder",1-0,48,white,"Niemann, Hans Moke",Qxe4,1,Qxe4,18,17,18
227,121. US Open 2021,2021.08.08,9.2,"Niemann, Hans Moke","Liang, Awonder",1-0,49,black,"Liang, Awonder",Rd7,4,Rd2,17,16,17
227,121. US Open 2021,2021.08.08,9.2,"Niemann, Hans Moke","Liang, Awonder",1-0,50,white,"Niemann, Hans Moke",Rd3,2,c6,17,16,17
227,121. US Open 2021,2021.08.08,9.2,"Niemann, Hans Moke","Liang, Awonder",1-0,51,black,"Liang, Awonder",Rfd8,3,Rxd3,17,16,17
227,121. US Open 2021,2021.08.08,9.2,"Niemann, Hans Moke","Liang, Awonder",1-0,52,white,"Niemann, Hans Moke",Red1,1,Red1,18,17,18
227,121. US Open 2021,2021.08.08,9.2,"Niemann, Hans Moke","Liang, Awonder",1-0,53,black,"Liang, Awonder",Rxd3,1,Rxd3,16,15,16
227,121. US Open 2021,2021.08.08,9.2,"Niemann, Hans Moke","Liang, Awonder",1-0,54,white,"Niemann, Hans Moke",Rxd3,1,Rxd3,16,15,16
227,121. US Open 2021,2021.08.08,9.2,"Niemann, Hans Moke","Liang, Awonder",1-0,55,black,"Liang, Awonder",Rxd3,2,Rf8,17,16,17
227,121. US Open 2021,2021.08.08,9.2,"Niemann, Hans Moke","Liang, Awonder",1-0,56,white,"Niemann, Hans Moke",cxd3,1,cxd3,17,16,17
227,121. US Open 2021,2021.08.08,9.2,"Niemann, Hans Moke","Liang, Awonder",1-0,57,black,"Liang, Awonder",Qh5,2,h5,15,14,15
227,121. US Open 2021,2021.08.08,9.2,"Niemann, Hans Moke","Liang, Awonder",1-0,58,white,"Niemann, Hans Moke",g4,1,g4,17,16,17
227,121. US Open 2021,2021.08.08,9.2,"Niemann, Hans Moke","Liang, Awonder",1-0,59,black,"Liang, Awonder",Qh3,1,Qh3,14,13,14
227,121. US Open 2021,2021.08.08,9.2,"Niemann, Hans Moke","Liang, Awonder",1-0,60,white,"Niemann, Hans Moke",Qe5+,4,b5,18,17,18
227,121. US Open 2021,2021.08.08,9.2,"Niemann, Hans Moke","Liang, Awonder",1-0,61,black,"Liang, Awonder",Kf8,1,Kf8,17,16,17
227,121. US Open 2021,2021.08.08,9.2,"Niemann, Hans Moke","Liang, Awonder",1-0,62,white,"Niemann, Hans Moke",Qb8+,1,Qb8+,18,17,18
227,121. US Open 2021,2021.08.08,9.2,"Niemann, Hans Moke","Liang, Awonder",1-0,63,black,"Liang, Awonder",Ke7,1,Ke7,19,18,19
227,121. US Open 2021,2021.08.08,9.2,"Niemann, Hans Moke","Liang, Awonder",1-0,64,white,"Niemann, Hans Moke",Qxb7+,1,Qxb7+,18,17,18
227,121. US Open 2021,2021.08.08,9.2,"Niemann, Hans Moke","Liang, Awonder",1-0,65,black,"Liang, Awonder",Kd8,1,Kd8,16,16,16
227,121. US Open 2021,2021.08.08,9.2,"Niemann, Hans Moke","Liang, Awonder",1-0,66,white,"Niemann, Hans Moke",Qb8+,1,Qb8+,18,17,18
227,121. US Open 2021,2021.08.08,9.2,"Niemann, Hans Moke","Liang, Awonder",1-0,67,black,"Liang, Awonder",Kd7,2,Ke7,22,22,22
227,121. US Open 2021,2021.08.08,9.2,"Niemann, Hans Moke","Liang, Awonder",1-0,68,white,"Niemann, Hans Moke",Qd6+,2,Qb7+,19,18,19
227,121. US Open 2021,2021.08.08,9.2,"Niemann, Hans Moke","Liang, Awonder",1-0,69,black,"Liang, Awonder",Ke8,1,Ke8,22,21,22
227,121. US Open 2021,2021.08.08,9.2,"Niemann, Hans Moke","Liang, Awonder",1-0,70,white,"Niemann, Hans Moke",Qg3,1,Qg3,17,16,17
227,121. US Open 2021,2021.08.08,9.2,"Niemann, Hans Moke","Liang, Awonder",1-0,71,black,"Liang, Awonder",Qxg3+,1,Qxg3+,17,16,17
227,121. US Open 2021,2021.08.08,9.2,"Niemann, Hans Moke","Liang, Awonder",1-0,72,white,"Niemann, Hans Moke",fxg3,1,fxg3,22,22,22
227,121. US Open 2021,2021.08.08,9.2,"Niemann, Hans Moke","Liang, Awonder",1-0,73,black,"Liang, Awonder",Kd7,1,Kd7,15,14,15
227,121. US Open 2021,2021.08.08,9.2,"Niemann, Hans Moke","Liang, Awonder",1-0,74,white,"Niemann, Hans Moke",d4,3,Kf2,18,17,18
228,2. Tras-os-Montes Open,2021.08.20,2.2,"Niemann, Hans Moke","Rey Malde, Henrique",1/2-1/2,0,white,"Niemann, Hans Moke",d4,B,,,,
228,2. Tras-os-Montes Open,2021.08.20,2.2,"Niemann, Hans Moke","Rey Malde, Henrique",1/2-1/2,1,black,"Rey Malde, Henrique",Nf6,B,,,,
228,2. Tras-os-Montes Open,2021.08.20,2.2,"Niemann, Hans Moke","Rey Malde, Henrique",1/2-1/2,2,white,"Niemann, Hans Moke",c4,B,,,,
228,2. Tras-os-Montes Open,2021.08.20,2.2,"Niemann, Hans Moke","Rey Malde, Henrique",1/2-1/2,3,black,"Rey Malde, Henrique",g6,B,,,,
228,2. Tras-os-Montes Open,2021.08.20,2.2,"Niemann, Hans Moke","Rey Malde, Henrique",1/2-1/2,4,white,"Niemann, Hans Moke",Nc3,B,,,,
228,2. Tras-os-Montes Open,2021.08.20,2.2,"Niemann, Hans Moke","Rey Malde, Henrique",1/2-1/2,5,black,"Rey Malde, Henrique",Bg7,B,,,,
228,2. Tras-os-Montes Open,2021.08.20,2.2,"Niemann, Hans Moke","Rey Malde, Henrique",1/2-1/2,6,white,"Niemann, Hans Moke",e4,B,,,,
228,2. Tras-os-Montes Open,2021.08.20,2.2,"Niemann, Hans Moke","Rey Malde, Henrique",1/2-1/2,7,black,"Rey Malde, Henrique",d6,B,,,,
228,2. Tras-os-Montes Open,2021.08.20,2.2,"Niemann, Hans Moke","Rey Malde, Henrique",1/2-1/2,8,white,"Niemann, Hans Moke",Be2,B,,,,
228,2. Tras-os-Montes Open,2021.08.20,2.2,"Niemann, Hans Moke","Rey Malde, Henrique",1/2-1/2,9,black,"Rey Malde, Henrique",O-O,B,,,,
228,2. Tras-os-Montes Open,2021.08.20,2.2,"Niemann, Hans Moke","Rey Malde, Henrique",1/2-1/2,10,white,"Niemann, Hans Moke",Nf3,B,,,,
228,2. Tras-os-Montes Open,2021.08.20,2.2,"Niemann, Hans Moke","Rey Malde, Henrique",1/2-1/2,11,black,"Rey Malde, Henrique",e5,B,,,,
228,2. Tras-os-Montes Open,2021.08.20,2.2,"Niemann, Hans Moke","Rey Malde, Henrique",1/2-1/2,12,white,"Niemann, Hans Moke",O-O,B,,,,
228,2. Tras-os-Montes Open,2021.08.20,2.2,"Niemann, Hans Moke","Rey Malde, Henrique",1/2-1/2,13,black,"Rey Malde, Henrique",Nc6,B,,,,
228,2. Tras-os-Montes Open,2021.08.20,2.2,"Niemann, Hans Moke","Rey Malde, Henrique",1/2-1/2,14,white,"Niemann, Hans Moke",d5,B,,,,
228,2. Tras-os-Montes Open,2021.08.20,2.2,"Niemann, Hans Moke","Rey Malde, Henrique",1/2-1/2,15,black,"Rey Malde, Henrique",Ne7,B,,,,
228,2. Tras-os-Montes Open,2021.08.20,2.2,"Niemann, Hans Moke","Rey Malde, Henrique",1/2-1/2,16,white,"Niemann, Hans Moke",b4,B,,,,
228,2. Tras-os-Montes Open,2021.08.20,2.2,"Niemann, Hans Moke","Rey Malde, Henrique",1/2-1/2,17,black,"Rey Malde, Henrique",a5,B,,,,
228,2. Tras-os-Montes Open,2021.08.20,2.2,"Niemann, Hans Moke","Rey Malde, Henrique",1/2-1/2,18,white,"Niemann, Hans Moke",bxa5,B,,,,
228,2. Tras-os-Montes Open,2021.08.20,2.2,"Niemann, Hans Moke","Rey Malde, Henrique",1/2-1/2,19,black,"Rey Malde, Henrique",Rxa5,B,,,,
228,2. Tras-os-Montes Open,2021.08.20,2.2,"Niemann, Hans Moke","Rey Malde, Henrique",1/2-1/2,20,white,"Niemann, Hans Moke",a4,B,,,,
228,2. Tras-os-Montes Open,2021.08.20,2.2,"Niemann, Hans Moke","Rey Malde, Henrique",1/2-1/2,21,black,"Rey Malde, Henrique",Ne8,10,b6,17,16,17
228,2. Tras-os-Montes Open,2021.08.20,2.2,"Niemann, Hans Moke","Rey Malde, Henrique",1/2-1/2,22,white,"Niemann, Hans Moke",Ba3,>10,Be3,16,15,16
228,2. Tras-os-Montes Open,2021.08.20,2.2,"Niemann, Hans Moke","Rey Malde, Henrique",1/2-1/2,23,black,"Rey Malde, Henrique",b6,1,b6,17,16,17
228,2. Tras-os-Montes Open,2021.08.20,2.2,"Niemann, Hans Moke","Rey Malde, Henrique",1/2-1/2,24,white,"Niemann, Hans Moke",Bb4,2,h3,18,17,18
228,2. Tras-os-Montes Open,2021.08.20,2.2,"Niemann, Hans Moke","Rey Malde, Henrique",1/2-1/2,25,black,"Rey Malde, Henrique",Ra8,1,Ra8,18,18,18
228,2. Tras-os-Montes Open,2021.08.20,2.2,"Niemann, Hans Moke","Rey Malde, Henrique",1/2-1/2,26,white,"Niemann, Hans Moke",a5,>10,h3,18,17,18
228,2. Tras-os-Montes Open,2021.08.20,2.2,"Niemann, Hans Moke","Rey Malde, Henrique",1/2-1/2,27,black,"Rey Malde, Henrique",c5,1,c5,18,17,18
228,2. Tras-os-Montes Open,2021.08.20,2.2,"Niemann, Hans Moke","Rey Malde, Henrique",1/2-1/2,28,white,"Niemann, Hans Moke",dxc6,1,dxc6,19,18,19
228,2. Tras-os-Montes Open,2021.08.20,2.2,"Niemann, Hans Moke","Rey Malde, Henrique",1/2-1/2,29,black,"Rey Malde, Henrique",Nxc6,1,Nxc6,19,18,19
228,2. Tras-os-Montes Open,2021.08.20,2.2,"Niemann, Hans Moke","Rey Malde, Henrique",1/2-1/2,30,white,"Niemann, Hans Moke",Ba3,2,Qd5,18,17,18
228,2. Tras-os-Montes Open,2021.08.20,2.2,"Niemann, Hans Moke","Rey Malde, Henrique",1/2-1/2,31,black,"Rey Malde, Henrique",Rxa5,2,Nxa5,17,16,17
228,2. Tras-os-Montes Open,2021.08.20,2.2,"Niemann, Hans Moke","Rey Malde, Henrique",1/2-1/2,32,white,"Niemann, Hans Moke",Nb5,1,Nb5,17,16,17
228,2. Tras-os-Montes Open,2021.08.20,2.2,"Niemann, Hans Moke","Rey Malde, Henrique",1/2-1/2,33,black,"Rey Malde, Henrique",Be6,5,Bg4,16,15,16
228,2. Tras-os-Montes Open,2021.08.20,2.2,"Niemann, Hans Moke","Rey Malde, Henrique",1/2-1/2,34,white,"Niemann, Hans Moke",Qd3,1,Qd3,16,15,16
228,2. Tras-os-Montes Open,2021.08.20,2.2,"Niemann, Hans Moke","Rey Malde, Henrique",1/2-1/2,35,black,"Rey Malde, Henrique",Ra4,2,Qa8,17,16,17
228,2. Tras-os-Montes Open,2021.08.20,2.2,"Niemann, Hans Moke","Rey Malde, Henrique",1/2-1/2,36,white,"Niemann, Hans Moke",Qb3,8,Qc2,17,16,17
228,2. Tras-os-Montes Open,2021.08.20,2.2,"Niemann, Hans Moke","Rey Malde, Henrique",1/2-1/2,37,black,"Rey Malde, Henrique",Qa8,2,Ra8,18,18,18
228,2. Tras-os-Montes Open,2021.08.20,2.2,"Niemann, Hans Moke","Rey Malde, Henrique",1/2-1/2,38,white,"Niemann, Hans Moke",Rfd1,2,h3,17,17,17
228,2. Tras-os-Montes Open,2021.08.20,2.2,"Niemann, Hans Moke","Rey Malde, Henrique",1/2-1/2,39,black,"Rey Malde, Henrique",h6,3,Nf6,17,16,17
228,2. Tras-os-Montes Open,2021.08.20,2.2,"Niemann, Hans Moke","Rey Malde, Henrique",1/2-1/2,40,white,"Niemann, Hans Moke",h3,3,Qb2,17,16,17
228,2. Tras-os-Montes Open,2021.08.20,2.2,"Niemann, Hans Moke","Rey Malde, Henrique",1/2-1/2,41,black,"Rey Malde, Henrique",Kh7,4,Nb8,17,16,17
228,2. Tras-os-Montes Open,2021.08.20,2.2,"Niemann, Hans Moke","Rey Malde, Henrique",1/2-1/2,42,white,"Niemann, Hans Moke",Bf1,3,Qb2,17,16,17
228,2. Tras-os-Montes Open,2021.08.20,2.2,"Niemann, Hans Moke","Rey Malde, Henrique",1/2-1/2,43,black,"Rey Malde, Henrique",Ra5,6,Nb8,17,16,17
228,2. Tras-os-Montes Open,2021.08.20,2.2,"Niemann, Hans Moke","Rey Malde, Henrique",1/2-1/2,44,white,"Niemann, Hans Moke",Rab1,4,Qe3,17,16,17
228,2. Tras-os-Montes Open,2021.08.20,2.2,"Niemann, Hans Moke","Rey Malde, Henrique",1/2-1/2,45,black,"Rey Malde, Henrique",Nd4,>10,Nb8,17,16,17
228,2. Tras-os-Montes Open,2021.08.20,2.2,"Niemann, Hans Moke","Rey Malde, Henrique",1/2-1/2,46,white,"Niemann, Hans Moke",Nfxd4,1,Nfxd4,19,18,19
228,2. Tras-os-Montes Open,2021.08.20,2.2,"Niemann, Hans Moke","Rey Malde, Henrique",1/2-1/2,47,black,"Rey Malde, Henrique",exd4,1,exd4,18,17,18
228,2. Tras-os-Montes Open,2021.08.20,2.2,"Niemann, Hans Moke","Rey Malde, Henrique",1/2-1/2,48,white,"Niemann, Hans Moke",Qd3,6,Bb2,18,18,18
228,2. Tras-os-Montes Open,2021.08.20,2.2,"Niemann, Hans Moke","Rey Malde, Henrique",1/2-1/2,49,black,"Rey Malde, Henrique",Ra4,3,f5,17,16,17
228,2. Tras-os-Montes Open,2021.08.20,2.2,"Niemann, Hans Moke","Rey Malde, Henrique",1/2-1/2,50,white,"Niemann, Hans Moke",Bb4,2,Qb3,18,17,18
228,2. Tras-os-Montes Open,2021.08.20,2.2,"Niemann, Hans Moke","Rey Malde, Henrique",1/2-1/2,51,black,"Rey Malde, Henrique",Nf6,1,Nf6,17,17,17
228,2. Tras-os-Montes Open,2021.08.20,2.2,"Niemann, Hans Moke","Rey Malde, Henrique",1/2-1/2,52,white,"Niemann, Hans Moke",Nxd6,5,Re1,18,17,18
228,2. Tras-os-Montes Open,2021.08.20,2.2,"Niemann, Hans Moke","Rey Malde, Henrique",1/2-1/2,53,black,"Rey Malde, Henrique",Nd7,2,Rd8,18,18,18
228,2. Tras-os-Montes Open,2021.08.20,2.2,"Niemann, Hans Moke","Rey Malde, Henrique",1/2-1/2,54,white,"Niemann, Hans Moke",f4,1,f4,17,16,17
228,2. Tras-os-Montes Open,2021.08.20,2.2,"Niemann, Hans Moke","Rey Malde, Henrique",1/2-1/2,55,black,"Rey Malde, Henrique",Nc5,1,Nc5,17,16,17
228,2. Tras-os-Montes Open,2021.08.20,2.2,"Niemann, Hans Moke","Rey Malde, Henrique",1/2-1/2,56,white,"Niemann, Hans Moke",Qg3,5,Qf3,18,17,18
228,2. Tras-os-Montes Open,2021.08.20,2.2,"Niemann, Hans Moke","Rey Malde, Henrique",1/2-1/2,57,black,"Rey Malde, Henrique",Nxe4,1,Nxe4,17,16,17
228,2. Tras-os-Montes Open,2021.08.20,2.2,"Niemann, Hans Moke","Rey Malde, Henrique",1/2-1/2,58,white,"Niemann, Hans Moke",Nxe4,1,Nxe4,17,17,17
228,2. Tras-os-Montes Open,2021.08.20,2.2,"Niemann, Hans Moke","Rey Malde, Henrique",1/2-1/2,59,black,"Rey Malde, Henrique",Qxe4,1,Qxe4,18,17,18
228,2. Tras-os-Montes Open,2021.08.20,2.2,"Niemann, Hans Moke","Rey Malde, Henrique",1/2-1/2,60,white,"Niemann, Hans Moke",Bxf8,2,Bd3,18,17,18
228,2. Tras-os-Montes Open,2021.08.20,2.2,"Niemann, Hans Moke","Rey Malde, Henrique",1/2-1/2,61,black,"Rey Malde, Henrique",Bxf8,1,Bxf8,18,17,18
228,2. Tras-os-Montes Open,2021.08.20,2.2,"Niemann, Hans Moke","Rey Malde, Henrique",1/2-1/2,62,white,"Niemann, Hans Moke",Rxb6,1,Rxb6,18,17,18
228,2. Tras-os-Montes Open,2021.08.20,2.2,"Niemann, Hans Moke","Rey Malde, Henrique",1/2-1/2,63,black,"Rey Malde, Henrique",Bxc4,3,Bc5,18,17,18
228,2. Tras-os-Montes Open,2021.08.20,2.2,"Niemann, Hans Moke","Rey Malde, Henrique",1/2-1/2,64,white,"Niemann, Hans Moke",Bxc4,2,f5,19,18,19
228,2. Tras-os-Montes Open,2021.08.20,2.2,"Niemann, Hans Moke","Rey Malde, Henrique",1/2-1/2,65,black,"Rey Malde, Henrique",Rxc4,1,Rxc4,17,17,17
228,2. Tras-os-Montes Open,2021.08.20,2.2,"Niemann, Hans Moke","Rey Malde, Henrique",1/2-1/2,66,white,"Niemann, Hans Moke",Re1,4,Qd3,20,19,20
228,2. Tras-os-Montes Open,2021.08.20,2.2,"Niemann, Hans Moke","Rey Malde, Henrique",1/2-1/2,67,black,"Rey Malde, Henrique",Qd5,2,Qf5,18,17,18
228,2. Tras-os-Montes Open,2021.08.20,2.2,"Niemann, Hans Moke","Rey Malde, Henrique",1/2-1/2,68,white,"Niemann, Hans Moke",Re5,2,f5,19,18,19
228,2. Tras-os-Montes Open,2021.08.20,2.2,"Niemann, Hans Moke","Rey Malde, Henrique",1/2-1/2,69,black,"Rey Malde, Henrique",Rc1+,1,Rc1+,18,18,18
228,2. Tras-os-Montes Open,2021.08.20,2.2,"Niemann, Hans Moke","Rey Malde, Henrique",1/2-1/2,70,white,"Niemann, Hans Moke",Kh2,1,Kh2,21,20,21
228,2. Tras-os-Montes Open,2021.08.20,2.2,"Niemann, Hans Moke","Rey Malde, Henrique",1/2-1/2,71,black,"Rey Malde, Henrique",Qc4,1,Qc4,18,17,18
228,2. Tras-os-Montes Open,2021.08.20,2.2,"Niemann, Hans Moke","Rey Malde, Henrique",1/2-1/2,72,white,"Niemann, Hans Moke",Rb7,2,Qb3,18,17,18
228,2. Tras-os-Montes Open,2021.08.20,2.2,"Niemann, Hans Moke","Rey Malde, Henrique",1/2-1/2,73,black,"Rey Malde, Henrique",Bd6,1,Bd6,17,16,17
228,2. Tras-os-Montes Open,2021.08.20,2.2,"Niemann, Hans Moke","Rey Malde, Henrique",1/2-1/2,74,white,"Niemann, Hans Moke",Ra5,9,Re4,18,17,18
228,2. Tras-os-Montes Open,2021.08.20,2.2,"Niemann, Hans Moke","Rey Malde, Henrique",1/2-1/2,75,black,"Rey Malde, Henrique",Rf1,4,Bc7,20,19,20
228,2. Tras-os-Montes Open,2021.08.20,2.2,"Niemann, Hans Moke","Rey Malde, Henrique",1/2-1/2,76,white,"Niemann, Hans Moke",Raa7,2,Ra4,16,16,16
228,2. Tras-os-Montes Open,2021.08.20,2.2,"Niemann, Hans Moke","Rey Malde, Henrique",1/2-1/2,77,black,"Rey Malde, Henrique",Rxf4,1,Rxf4,18,17,18
228,2. Tras-os-Montes Open,2021.08.20,2.2,"Niemann, Hans Moke","Rey Malde, Henrique",1/2-1/2,78,white,"Niemann, Hans Moke",Rb6,1,Rb6,18,17,18
228,2. Tras-os-Montes Open,2021.08.20,2.2,"Niemann, Hans Moke","Rey Malde, Henrique",1/2-1/2,79,black,"Rey Malde, Henrique",Rg4,1,Rg4,19,18,19
228,2. Tras-os-Montes Open,2021.08.20,2.2,"Niemann, Hans Moke","Rey Malde, Henrique",1/2-1/2,80,white,"Niemann, Hans Moke",Qxd6,1,Qxd6,22,21,22
228,2. Tras-os-Montes Open,2021.08.20,2.2,"Niemann, Hans Moke","Rey Malde, Henrique",1/2-1/2,81,black,"Rey Malde, Henrique",Rxg2+,1,Rxg2+,35,34,35
228,2. Tras-os-Montes Open,2021.08.20,2.2,"Niemann, Hans Moke","Rey Malde, Henrique",1/2-1/2,82,white,"Niemann, Hans Moke",Kxg2,1,Kxg2,57,57,57
228,2. Tras-os-Montes Open,2021.08.20,2.2,"Niemann, Hans Moke","Rey Malde, Henrique",1/2-1/2,83,black,"Rey Malde, Henrique",Qe2+,1,Qe2+,60,60,60
228,2. Tras-os-Montes Open,2021.08.20,2.2,"Niemann, Hans Moke","Rey Malde, Henrique",1/2-1/2,84,white,"Niemann, Hans Moke",Kg3,2,Kg1,70,69,70
228,2. Tras-os-Montes Open,2021.08.20,2.2,"Niemann, Hans Moke","Rey Malde, Henrique",1/2-1/2,85,black,"Rey Malde, Henrique",Qe3+,3,Qe1+,63,62,63
228,2. Tras-os-Montes Open,2021.08.20,2.2,"Niemann, Hans Moke","Rey Malde, Henrique",1/2-1/2,86,white,"Niemann, Hans Moke",Kg4,3,Kg2,63,62,63
228,2. Tras-os-Montes Open,2021.08.20,2.2,"Niemann, Hans Moke","Rey Malde, Henrique",1/2-1/2,87,black,"Rey Malde, Henrique",Qg5+,3,Qe4+,28,27,28
228,2. Tras-os-Montes Open,2021.08.20,2.2,"Niemann, Hans Moke","Rey Malde, Henrique",1/2-1/2,88,white,"Niemann, Hans Moke",Kf3,1,Kf3,65,65,65
228,2. Tras-os-Montes Open,2021.08.20,2.2,"Niemann, Hans Moke","Rey Malde, Henrique",1/2-1/2,89,black,"Rey Malde, Henrique",Qe3+,1,Qe3+,20,19,20
228,2. Tras-os-Montes Open,2021.08.20,2.2,"Niemann, Hans Moke","Rey Malde, Henrique",1/2-1/2,90,white,"Niemann, Hans Moke",Kg4,2,Kg2,58,57,58
228,2. Tras-os-Montes Open,2021.08.20,2.2,"Niemann, Hans Moke","Rey Malde, Henrique",1/2-1/2,91,black,"Rey Malde, Henrique",Qg5+,4,h5+,31,30,31
228,2. Tras-os-Montes Open,2021.08.20,2.2,"Niemann, Hans Moke","Rey Malde, Henrique",1/2-1/2,92,white,"Niemann, Hans Moke",Kf3,1,Kf3,70,70,70
228,2. Tras-os-Montes Open,2021.08.20,2.2,"Niemann, Hans Moke","Rey Malde, Henrique",1/2-1/2,93,black,"Rey Malde, Henrique",Qe3+,1,Qe3+,19,18,19
229,2. Tras-os-Montes Open,2021.08.21,5.7,"Eugene, Floryan","Niemann, Hans Moke",1/2-1/2,0,white,"Eugene, Floryan",e4,B,,,,
229,2. Tras-os-Montes Open,2021.08.21,5.7,"Eugene, Floryan","Niemann, Hans Moke",1/2-1/2,1,black,"Niemann, Hans Moke",e5,B,,,,
229,2. Tras-os-Montes Open,2021.08.21,5.7,"Eugene, Floryan","Niemann, Hans Moke",1/2-1/2,2,white,"Eugene, Floryan",Bc4,B,,,,
229,2. Tras-os-Montes Open,2021.08.21,5.7,"Eugene, Floryan","Niemann, Hans Moke",1/2-1/2,3,black,"Niemann, Hans Moke",Nf6,B,,,,
229,2. Tras-os-Montes Open,2021.08.21,5.7,"Eugene, Floryan","Niemann, Hans Moke",1/2-1/2,4,white,"Eugene, Floryan",d3,B,,,,
229,2. Tras-os-Montes Open,2021.08.21,5.7,"Eugene, Floryan","Niemann, Hans Moke",1/2-1/2,5,black,"Niemann, Hans Moke",Nc6,B,,,,
229,2. Tras-os-Montes Open,2021.08.21,5.7,"Eugene, Floryan","Niemann, Hans Moke",1/2-1/2,6,white,"Eugene, Floryan",Nf3,B,,,,
229,2. Tras-os-Montes Open,2021.08.21,5.7,"Eugene, Floryan","Niemann, Hans Moke",1/2-1/2,7,black,"Niemann, Hans Moke",h6,B,,,,
229,2. Tras-os-Montes Open,2021.08.21,5.7,"Eugene, Floryan","Niemann, Hans Moke",1/2-1/2,8,white,"Eugene, Floryan",O-O,B,,,,
229,2. Tras-os-Montes Open,2021.08.21,5.7,"Eugene, Floryan","Niemann, Hans Moke",1/2-1/2,9,black,"Niemann, Hans Moke",d6,B,,,,
229,2. Tras-os-Montes Open,2021.08.21,5.7,"Eugene, Floryan","Niemann, Hans Moke",1/2-1/2,10,white,"Eugene, Floryan",c3,B,,,,
229,2. Tras-os-Montes Open,2021.08.21,5.7,"Eugene, Floryan","Niemann, Hans Moke",1/2-1/2,11,black,"Niemann, Hans Moke",g5,3,Be7,17,17,17
229,2. Tras-os-Montes Open,2021.08.21,5.7,"Eugene, Floryan","Niemann, Hans Moke",1/2-1/2,12,white,"Eugene, Floryan",Nbd2,2,a4,17,16,17
229,2. Tras-os-Montes Open,2021.08.21,5.7,"Eugene, Floryan","Niemann, Hans Moke",1/2-1/2,13,black,"Niemann, Hans Moke",Bg7,B,,,,
229,2. Tras-os-Montes Open,2021.08.21,5.7,"Eugene, Floryan","Niemann, Hans Moke",1/2-1/2,14,white,"Eugene, Floryan",Bb3,2,a4,17,16,17
229,2. Tras-os-Montes Open,2021.08.21,5.7,"Eugene, Floryan","Niemann, Hans Moke",1/2-1/2,15,black,"Niemann, Hans Moke",O-O,B,,,,
229,2. Tras-os-Montes Open,2021.08.21,5.7,"Eugene, Floryan","Niemann, Hans Moke",1/2-1/2,16,white,"Eugene, Floryan",h3,2,a4,17,16,17
229,2. Tras-os-Montes Open,2021.08.21,5.7,"Eugene, Floryan","Niemann, Hans Moke",1/2-1/2,17,black,"Niemann, Hans Moke",Ne7,8,Rb8,17,16,17
229,2. Tras-os-Montes Open,2021.08.21,5.7,"Eugene, Floryan","Niemann, Hans Moke",1/2-1/2,18,white,"Eugene, Floryan",Re1,1,Re1,18,17,18
229,2. Tras-os-Montes Open,2021.08.21,5.7,"Eugene, Floryan","Niemann, Hans Moke",1/2-1/2,19,black,"Niemann, Hans Moke",Ng6,1,Ng6,18,17,18
229,2. Tras-os-Montes Open,2021.08.21,5.7,"Eugene, Floryan","Niemann, Hans Moke",1/2-1/2,20,white,"Eugene, Floryan",Nf1,1,Nf1,18,17,18
229,2. Tras-os-Montes Open,2021.08.21,5.7,"Eugene, Floryan","Niemann, Hans Moke",1/2-1/2,21,black,"Niemann, Hans Moke",g4,9,Re8,18,17,18
229,2. Tras-os-Montes Open,2021.08.21,5.7,"Eugene, Floryan","Niemann, Hans Moke",1/2-1/2,22,white,"Eugene, Floryan",hxg4,1,hxg4,17,16,17
229,2. Tras-os-Montes Open,2021.08.21,5.7,"Eugene, Floryan","Niemann, Hans Moke",1/2-1/2,23,black,"Niemann, Hans Moke",Nxg4,1,Nxg4,17,16,17
229,2. Tras-os-Montes Open,2021.08.21,5.7,"Eugene, Floryan","Niemann, Hans Moke",1/2-1/2,24,white,"Eugene, Floryan",d4,2,Ng3,17,16,17
229,2. Tras-os-Montes Open,2021.08.21,5.7,"Eugene, Floryan","Niemann, Hans Moke",1/2-1/2,25,black,"Niemann, Hans Moke",Kh8,5,a5,17,16,17
229,2. Tras-os-Montes Open,2021.08.21,5.7,"Eugene, Floryan","Niemann, Hans Moke",1/2-1/2,26,white,"Eugene, Floryan",Ng3,2,dxe5,17,16,17
229,2. Tras-os-Montes Open,2021.08.21,5.7,"Eugene, Floryan","Niemann, Hans Moke",1/2-1/2,27,black,"Niemann, Hans Moke",Nh4,2,Qf6,17,16,17
229,2. Tras-os-Montes Open,2021.08.21,5.7,"Eugene, Floryan","Niemann, Hans Moke",1/2-1/2,28,white,"Eugene, Floryan",dxe5,1,dxe5,17,16,17
229,2. Tras-os-Montes Open,2021.08.21,5.7,"Eugene, Floryan","Niemann, Hans Moke",1/2-1/2,29,black,"Niemann, Hans Moke",Nxf3+,1,Nxf3+,17,16,17
229,2. Tras-os-Montes Open,2021.08.21,5.7,"Eugene, Floryan","Niemann, Hans Moke",1/2-1/2,30,white,"Eugene, Floryan",Qxf3,2,gxf3,20,19,20
229,2. Tras-os-Montes Open,2021.08.21,5.7,"Eugene, Floryan","Niemann, Hans Moke",1/2-1/2,31,black,"Niemann, Hans Moke",Bxe5,1,Bxe5,17,16,17
229,2. Tras-os-Montes Open,2021.08.21,5.7,"Eugene, Floryan","Niemann, Hans Moke",1/2-1/2,32,white,"Eugene, Floryan",Bf4,7,Nf5,17,16,17
229,2. Tras-os-Montes Open,2021.08.21,5.7,"Eugene, Floryan","Niemann, Hans Moke",1/2-1/2,33,black,"Niemann, Hans Moke",Qh4,2,Bxf4,17,16,17
229,2. Tras-os-Montes Open,2021.08.21,5.7,"Eugene, Floryan","Niemann, Hans Moke",1/2-1/2,34,white,"Eugene, Floryan",Nf5,6,Bxe5+,18,17,18
229,2. Tras-os-Montes Open,2021.08.21,5.7,"Eugene, Floryan","Niemann, Hans Moke",1/2-1/2,35,black,"Niemann, Hans Moke",Bxf5,1,Bxf5,17,16,17
229,2. Tras-os-Montes Open,2021.08.21,5.7,"Eugene, Floryan","Niemann, Hans Moke",1/2-1/2,36,white,"Eugene, Floryan",exf5,1,exf5,17,16,17
229,2. Tras-os-Montes Open,2021.08.21,5.7,"Eugene, Floryan","Niemann, Hans Moke",1/2-1/2,37,black,"Niemann, Hans Moke",Rae8,1,Rae8,17,16,17
229,2. Tras-os-Montes Open,2021.08.21,5.7,"Eugene, Floryan","Niemann, Hans Moke",1/2-1/2,38,white,"Eugene, Floryan",Rad1,2,f6,19,18,19
229,2. Tras-os-Montes Open,2021.08.21,5.7,"Eugene, Floryan","Niemann, Hans Moke",1/2-1/2,39,black,"Niemann, Hans Moke",Nh2,1,Nh2,19,18,19
229,2. Tras-os-Montes Open,2021.08.21,5.7,"Eugene, Floryan","Niemann, Hans Moke",1/2-1/2,40,white,"Eugene, Floryan",Bxe5+,1,Bxe5+,17,16,17
229,2. Tras-os-Montes Open,2021.08.21,5.7,"Eugene, Floryan","Niemann, Hans Moke",1/2-1/2,41,black,"Niemann, Hans Moke",Rxe5,1,Rxe5,19,18,19
229,2. Tras-os-Montes Open,2021.08.21,5.7,"Eugene, Floryan","Niemann, Hans Moke",1/2-1/2,42,white,"Eugene, Floryan",Qg3,1,Qg3,18,17,18
229,2. Tras-os-Montes Open,2021.08.21,5.7,"Eugene, Floryan","Niemann, Hans Moke",1/2-1/2,43,black,"Niemann, Hans Moke",Qxg3,1,Qxg3,19,18,19
229,2. Tras-os-Montes Open,2021.08.21,5.7,"Eugene, Floryan","Niemann, Hans Moke",1/2-1/2,44,white,"Eugene, Floryan",fxg3,1,fxg3,15,15,15
229,2. Tras-os-Montes Open,2021.08.21,5.7,"Eugene, Floryan","Niemann, Hans Moke",1/2-1/2,45,black,"Niemann, Hans Moke",Ng4,1,Ng4,17,17,17
229,2. Tras-os-Montes Open,2021.08.21,5.7,"Eugene, Floryan","Niemann, Hans Moke",1/2-1/2,46,white,"Eugene, Floryan",Rxe5,2,Bd5,18,17,18
229,2. Tras-os-Montes Open,2021.08.21,5.7,"Eugene, Floryan","Niemann, Hans Moke",1/2-1/2,47,black,"Niemann, Hans Moke",Nxe5,1,Nxe5,17,16,17
229,2. Tras-os-Montes Open,2021.08.21,5.7,"Eugene, Floryan","Niemann, Hans Moke",1/2-1/2,48,white,"Eugene, Floryan",Rd4,1,Rd4,18,17,18
229,2. Tras-os-Montes Open,2021.08.21,5.7,"Eugene, Floryan","Niemann, Hans Moke",1/2-1/2,49,black,"Niemann, Hans Moke",Kg7,2,Rg8,18,17,18
229,2. Tras-os-Montes Open,2021.08.21,5.7,"Eugene, Floryan","Niemann, Hans Moke",1/2-1/2,50,white,"Eugene, Floryan",Bd5,5,g4,18,17,18
229,2. Tras-os-Montes Open,2021.08.21,5.7,"Eugene, Floryan","Niemann, Hans Moke",1/2-1/2,51,black,"Niemann, Hans Moke",b6,2,c6,19,18,19
229,2. Tras-os-Montes Open,2021.08.21,5.7,"Eugene, Floryan","Niemann, Hans Moke",1/2-1/2,52,white,"Eugene, Floryan",Bf3,2,g4,18,18,18
229,2. Tras-os-Montes Open,2021.08.21,5.7,"Eugene, Floryan","Niemann, Hans Moke",1/2-1/2,53,black,"Niemann, Hans Moke",Kf6,2,a5,19,18,19
229,2. Tras-os-Montes Open,2021.08.21,5.7,"Eugene, Floryan","Niemann, Hans Moke",1/2-1/2,54,white,"Eugene, Floryan",g4,1,g4,17,16,17
229,2. Tras-os-Montes Open,2021.08.21,5.7,"Eugene, Floryan","Niemann, Hans Moke",1/2-1/2,55,black,"Niemann, Hans Moke",Rd8,3,Kg5,19,18,19
229,2. Tras-os-Montes Open,2021.08.21,5.7,"Eugene, Floryan","Niemann, Hans Moke",1/2-1/2,56,white,"Eugene, Floryan",b4,3,Kf2,19,18,19
229,2. Tras-os-Montes Open,2021.08.21,5.7,"Eugene, Floryan","Niemann, Hans Moke",1/2-1/2,57,black,"Niemann, Hans Moke",c6,5,c5,19,18,19
229,2. Tras-os-Montes Open,2021.08.21,5.7,"Eugene, Floryan","Niemann, Hans Moke",1/2-1/2,58,white,"Eugene, Floryan",Kf2,1,Kf2,19,19,19
229,2. Tras-os-Montes Open,2021.08.21,5.7,"Eugene, Floryan","Niemann, Hans Moke",1/2-1/2,59,black,"Niemann, Hans Moke",d5,1,d5,18,18,18
229,2. Tras-os-Montes Open,2021.08.21,5.7,"Eugene, Floryan","Niemann, Hans Moke",1/2-1/2,60,white,"Eugene, Floryan",Kg3,2,Rd1,18,17,18
229,2. Tras-os-Montes Open,2021.08.21,5.7,"Eugene, Floryan","Niemann, Hans Moke",1/2-1/2,61,black,"Niemann, Hans Moke",b5,1,b5,19,18,19
229,2. Tras-os-Montes Open,2021.08.21,5.7,"Eugene, Floryan","Niemann, Hans Moke",1/2-1/2,62,white,"Eugene, Floryan",Rd1,4,Kf4,18,18,18
229,2. Tras-os-Montes Open,2021.08.21,5.7,"Eugene, Floryan","Niemann, Hans Moke",1/2-1/2,63,black,"Niemann, Hans Moke",a5,1,a5,20,19,20
229,2. Tras-os-Montes Open,2021.08.21,5.7,"Eugene, Floryan","Niemann, Hans Moke",1/2-1/2,64,white,"Eugene, Floryan",a3,2,Kf4,19,18,19
229,2. Tras-os-Montes Open,2021.08.21,5.7,"Eugene, Floryan","Niemann, Hans Moke",1/2-1/2,65,black,"Niemann, Hans Moke",a4,1,a4,20,19,20
229,2. Tras-os-Montes Open,2021.08.21,5.7,"Eugene, Floryan","Niemann, Hans Moke",1/2-1/2,66,white,"Eugene, Floryan",Be2,2,Rh1,19,18,19
229,2. Tras-os-Montes Open,2021.08.21,5.7,"Eugene, Floryan","Niemann, Hans Moke",1/2-1/2,67,black,"Niemann, Hans Moke",Re8,2,Nd7,21,20,21
229,2. Tras-os-Montes Open,2021.08.21,5.7,"Eugene, Floryan","Niemann, Hans Moke",1/2-1/2,68,white,"Eugene, Floryan",Rh1,2,Kf2,20,19,20
229,2. Tras-os-Montes Open,2021.08.21,5.7,"Eugene, Floryan","Niemann, Hans Moke",1/2-1/2,69,black,"Niemann, Hans Moke",Kg7,1,Kg7,20,19,20
229,2. Tras-os-Montes Open,2021.08.21,5.7,"Eugene, Floryan","Niemann, Hans Moke",1/2-1/2,70,white,"Eugene, Floryan",Kf4,8,f6+,19,18,19
229,2. Tras-os-Montes Open,2021.08.21,5.7,"Eugene, Floryan","Niemann, Hans Moke",1/2-1/2,71,black,"Niemann, Hans Moke",Nc4,1,Nc4,19,18,19
229,2. Tras-os-Montes Open,2021.08.21,5.7,"Eugene, Floryan","Niemann, Hans Moke",1/2-1/2,72,white,"Eugene, Floryan",Bd3,1,Bd3,19,18,19
229,2. Tras-os-Montes Open,2021.08.21,5.7,"Eugene, Floryan","Niemann, Hans Moke",1/2-1/2,73,black,"Niemann, Hans Moke",f6,1,f6,21,20,21
229,2. Tras-os-Montes Open,2021.08.21,5.7,"Eugene, Floryan","Niemann, Hans Moke",1/2-1/2,74,white,"Eugene, Floryan",Bxc4,5,Rc1,19,19,19
229,2. Tras-os-Montes Open,2021.08.21,5.7,"Eugene, Floryan","Niemann, Hans Moke",1/2-1/2,75,black,"Niemann, Hans Moke",Re4+,1,Re4+,20,19,20
229,2. Tras-os-Montes Open,2021.08.21,5.7,"Eugene, Floryan","Niemann, Hans Moke",1/2-1/2,76,white,"Eugene, Floryan",Kf3,1,Kf3,24,23,24
229,2. Tras-os-Montes Open,2021.08.21,5.7,"Eugene, Floryan","Niemann, Hans Moke",1/2-1/2,77,black,"Niemann, Hans Moke",Rxc4,1,Rxc4,19,18,19
229,2. Tras-os-Montes Open,2021.08.21,5.7,"Eugene, Floryan","Niemann, Hans Moke",1/2-1/2,78,white,"Eugene, Floryan",Rc1,1,Rc1,18,17,18
229,2. Tras-os-Montes Open,2021.08.21,5.7,"Eugene, Floryan","Niemann, Hans Moke",1/2-1/2,79,black,"Niemann, Hans Moke",d4,1,d4,19,18,19
229,2. Tras-os-Montes Open,2021.08.21,5.7,"Eugene, Floryan","Niemann, Hans Moke",1/2-1/2,80,white,"Eugene, Floryan",Ke4,1,Ke4,18,18,18
229,2. Tras-os-Montes Open,2021.08.21,5.7,"Eugene, Floryan","Niemann, Hans Moke",1/2-1/2,81,black,"Niemann, Hans Moke",dxc3+,1,dxc3+,21,20,21
229,2. Tras-os-Montes Open,2021.08.21,5.7,"Eugene, Floryan","Niemann, Hans Moke",1/2-1/2,82,white,"Eugene, Floryan",Kd3,1,Kd3,22,21,22
229,2. Tras-os-Montes Open,2021.08.21,5.7,"Eugene, Floryan","Niemann, Hans Moke",1/2-1/2,83,black,"Niemann, Hans Moke",c2,3,Rxg4,22,21,22
229,2. Tras-os-Montes Open,2021.08.21,5.7,"Eugene, Floryan","Niemann, Hans Moke",1/2-1/2,84,white,"Eugene, Floryan",Rxc2,1,Rxc2,19,18,19
229,2. Tras-os-Montes Open,2021.08.21,5.7,"Eugene, Floryan","Niemann, Hans Moke",1/2-1/2,85,black,"Niemann, Hans Moke",Rxc2,2,Rxg4,20,19,20
229,2. Tras-os-Montes Open,2021.08.21,5.7,"Eugene, Floryan","Niemann, Hans Moke",1/2-1/2,86,white,"Eugene, Floryan",Kxc2,1,Kxc2,22,21,22
229,2. Tras-os-Montes Open,2021.08.21,5.7,"Eugene, Floryan","Niemann, Hans Moke",1/2-1/2,87,black,"Niemann, Hans Moke",Kf7,1,Kf7,21,20,21
229,2. Tras-os-Montes Open,2021.08.21,5.7,"Eugene, Floryan","Niemann, Hans Moke",1/2-1/2,88,white,"Eugene, Floryan",Kd2,3,Kd3,25,25,25
229,2. Tras-os-Montes Open,2021.08.21,5.7,"Eugene, Floryan","Niemann, Hans Moke",1/2-1/2,89,black,"Niemann, Hans Moke",Ke7,2,Kf8,22,22,22
229,2. Tras-os-Montes Open,2021.08.21,5.7,"Eugene, Floryan","Niemann, Hans Moke",1/2-1/2,90,white,"Eugene, Floryan",Kc3,1,Kc3,20,19,20
229,2. Tras-os-Montes Open,2021.08.21,5.7,"Eugene, Floryan","Niemann, Hans Moke",1/2-1/2,91,black,"Niemann, Hans Moke",Kd7,1,Kd7,23,23,23
229,2. Tras-os-Montes Open,2021.08.21,5.7,"Eugene, Floryan","Niemann, Hans Moke",1/2-1/2,92,white,"Eugene, Floryan",Kd3,1,Kd3,24,24,24
229,2. Tras-os-Montes Open,2021.08.21,5.7,"Eugene, Floryan","Niemann, Hans Moke",1/2-1/2,93,black,"Niemann, Hans Moke",Kc7,2,Kd6,22,22,22
229,2. Tras-os-Montes Open,2021.08.21,5.7,"Eugene, Floryan","Niemann, Hans Moke",1/2-1/2,94,white,"Eugene, Floryan",Kc3,1,Kc3,20,19,20
229,2. Tras-os-Montes Open,2021.08.21,5.7,"Eugene, Floryan","Niemann, Hans Moke",1/2-1/2,95,black,"Niemann, Hans Moke",Kb6,2,Kd6,22,22,22
229,2. Tras-os-Montes Open,2021.08.21,5.7,"Eugene, Floryan","Niemann, Hans Moke",1/2-1/2,96,white,"Eugene, Floryan",Kd4,1,Kd4,25,24,25
229,2. Tras-os-Montes Open,2021.08.21,5.7,"Eugene, Floryan","Niemann, Hans Moke",1/2-1/2,97,black,"Niemann, Hans Moke",Kb7,1,Kb7,22,21,22
229,2. Tras-os-Montes Open,2021.08.21,5.7,"Eugene, Floryan","Niemann, Hans Moke",1/2-1/2,98,white,"Eugene, Floryan",Kd3,1,Kd3,20,19,20
229,2. Tras-os-Montes Open,2021.08.21,5.7,"Eugene, Floryan","Niemann, Hans Moke",1/2-1/2,99,black,"Niemann, Hans Moke",Kc7,3,Ka8,22,22,22
229,2. Tras-os-Montes Open,2021.08.21,5.7,"Eugene, Floryan","Niemann, Hans Moke",1/2-1/2,100,white,"Eugene, Floryan",Kc3,1,Kc3,20,19,20
230,2. Tras-os-Montes Open,2021.08.21,4.6,"Niemann, Hans Moke","Suarez Gomez, Julio",1/2-1/2,0,white,"Niemann, Hans Moke",e4,B,,,,
230,2. Tras-os-Montes Open,2021.08.21,4.6,"Niemann, Hans Moke","Suarez Gomez, Julio",1/2-1/2,1,black,"Suarez Gomez, Julio",e6,B,,,,
230,2. Tras-os-Montes Open,2021.08.21,4.6,"Niemann, Hans Moke","Suarez Gomez, Julio",1/2-1/2,2,white,"Niemann, Hans Moke",d4,B,,,,
230,2. Tras-os-Montes Open,2021.08.21,4.6,"Niemann, Hans Moke","Suarez Gomez, Julio",1/2-1/2,3,black,"Suarez Gomez, Julio",d5,B,,,,
230,2. Tras-os-Montes Open,2021.08.21,4.6,"Niemann, Hans Moke","Suarez Gomez, Julio",1/2-1/2,4,white,"Niemann, Hans Moke",Nc3,B,,,,
230,2. Tras-os-Montes Open,2021.08.21,4.6,"Niemann, Hans Moke","Suarez Gomez, Julio",1/2-1/2,5,black,"Suarez Gomez, Julio",Nf6,B,,,,
230,2. Tras-os-Montes Open,2021.08.21,4.6,"Niemann, Hans Moke","Suarez Gomez, Julio",1/2-1/2,6,white,"Niemann, Hans Moke",Bg5,B,,,,
230,2. Tras-os-Montes Open,2021.08.21,4.6,"Niemann, Hans Moke","Suarez Gomez, Julio",1/2-1/2,7,black,"Suarez Gomez, Julio",dxe4,B,,,,
230,2. Tras-os-Montes Open,2021.08.21,4.6,"Niemann, Hans Moke","Suarez Gomez, Julio",1/2-1/2,8,white,"Niemann, Hans Moke",Nxe4,B,,,,
230,2. Tras-os-Montes Open,2021.08.21,4.6,"Niemann, Hans Moke","Suarez Gomez, Julio",1/2-1/2,9,black,"Suarez Gomez, Julio",Nbd7,B,,,,
230,2. Tras-os-Montes Open,2021.08.21,4.6,"Niemann, Hans Moke","Suarez Gomez, Julio",1/2-1/2,10,white,"Niemann, Hans Moke",Nf3,B,,,,
230,2. Tras-os-Montes Open,2021.08.21,4.6,"Niemann, Hans Moke","Suarez Gomez, Julio",1/2-1/2,11,black,"Suarez Gomez, Julio",h6,B,,,,
230,2. Tras-os-Montes Open,2021.08.21,4.6,"Niemann, Hans Moke","Suarez Gomez, Julio",1/2-1/2,12,white,"Niemann, Hans Moke",Bxf6,B,,,,
230,2. Tras-os-Montes Open,2021.08.21,4.6,"Niemann, Hans Moke","Suarez Gomez, Julio",1/2-1/2,13,black,"Suarez Gomez, Julio",Nxf6,B,,,,
230,2. Tras-os-Montes Open,2021.08.21,4.6,"Niemann, Hans Moke","Suarez Gomez, Julio",1/2-1/2,14,white,"Niemann, Hans Moke",Bd3,B,,,,
230,2. Tras-os-Montes Open,2021.08.21,4.6,"Niemann, Hans Moke","Suarez Gomez, Julio",1/2-1/2,15,black,"Suarez Gomez, Julio",Nxe4,B,,,,
230,2. Tras-os-Montes Open,2021.08.21,4.6,"Niemann, Hans Moke","Suarez Gomez, Julio",1/2-1/2,16,white,"Niemann, Hans Moke",Bxe4,B,,,,
230,2. Tras-os-Montes Open,2021.08.21,4.6,"Niemann, Hans Moke","Suarez Gomez, Julio",1/2-1/2,17,black,"Suarez Gomez, Julio",c5,B,,,,
230,2. Tras-os-Montes Open,2021.08.21,4.6,"Niemann, Hans Moke","Suarez Gomez, Julio",1/2-1/2,18,white,"Niemann, Hans Moke",Qe2,B,,,,
230,2. Tras-os-Montes Open,2021.08.21,4.6,"Niemann, Hans Moke","Suarez Gomez, Julio",1/2-1/2,19,black,"Suarez Gomez, Julio",Qa5+,1,Qa5+,16,15,16
230,2. Tras-os-Montes Open,2021.08.21,4.6,"Niemann, Hans Moke","Suarez Gomez, Julio",1/2-1/2,20,white,"Niemann, Hans Moke",c3,B,,,,
230,2. Tras-os-Montes Open,2021.08.21,4.6,"Niemann, Hans Moke","Suarez Gomez, Julio",1/2-1/2,21,black,"Suarez Gomez, Julio",Be7,1,Be7,16,15,16
230,2. Tras-os-Montes Open,2021.08.21,4.6,"Niemann, Hans Moke","Suarez Gomez, Julio",1/2-1/2,22,white,"Niemann, Hans Moke",d5,3,O-O,17,16,17
230,2. Tras-os-Montes Open,2021.08.21,4.6,"Niemann, Hans Moke","Suarez Gomez, Julio",1/2-1/2,23,black,"Suarez Gomez, Julio",O-O,2,Qc7,17,16,17
230,2. Tras-os-Montes Open,2021.08.21,4.6,"Niemann, Hans Moke","Suarez Gomez, Julio",1/2-1/2,24,white,"Niemann, Hans Moke",O-O,1,O-O,17,16,17
230,2. Tras-os-Montes Open,2021.08.21,4.6,"Niemann, Hans Moke","Suarez Gomez, Julio",1/2-1/2,25,black,"Suarez Gomez, Julio",Bf6,2,exd5,17,16,17
230,2. Tras-os-Montes Open,2021.08.21,4.6,"Niemann, Hans Moke","Suarez Gomez, Julio",1/2-1/2,26,white,"Niemann, Hans Moke",Rfd1,3,d6,17,16,17
230,2. Tras-os-Montes Open,2021.08.21,4.6,"Niemann, Hans Moke","Suarez Gomez, Julio",1/2-1/2,27,black,"Suarez Gomez, Julio",Qb6,1,Qb6,17,16,17
230,2. Tras-os-Montes Open,2021.08.21,4.6,"Niemann, Hans Moke","Suarez Gomez, Julio",1/2-1/2,28,white,"Niemann, Hans Moke",a4,2,d6,18,17,18
230,2. Tras-os-Montes Open,2021.08.21,4.6,"Niemann, Hans Moke","Suarez Gomez, Julio",1/2-1/2,29,black,"Suarez Gomez, Julio",exd5,3,Qd6,18,18,18
230,2. Tras-os-Montes Open,2021.08.21,4.6,"Niemann, Hans Moke","Suarez Gomez, Julio",1/2-1/2,30,white,"Niemann, Hans Moke",Bxd5,1,Bxd5,18,17,18
230,2. Tras-os-Montes Open,2021.08.21,4.6,"Niemann, Hans Moke","Suarez Gomez, Julio",1/2-1/2,31,black,"Suarez Gomez, Julio",Bf5,3,a5,18,17,18
230,2. Tras-os-Montes Open,2021.08.21,4.6,"Niemann, Hans Moke","Suarez Gomez, Julio",1/2-1/2,32,white,"Niemann, Hans Moke",a5,1,a5,17,16,17
230,2. Tras-os-Montes Open,2021.08.21,4.6,"Niemann, Hans Moke","Suarez Gomez, Julio",1/2-1/2,33,black,"Suarez Gomez, Julio",Qc7,1,Qc7,19,18,19
230,2. Tras-os-Montes Open,2021.08.21,4.6,"Niemann, Hans Moke","Suarez Gomez, Julio",1/2-1/2,34,white,"Niemann, Hans Moke",a6,2,Nd2,18,17,18
230,2. Tras-os-Montes Open,2021.08.21,4.6,"Niemann, Hans Moke","Suarez Gomez, Julio",1/2-1/2,35,black,"Suarez Gomez, Julio",Rae8,1,Rae8,18,17,18
230,2. Tras-os-Montes Open,2021.08.21,4.6,"Niemann, Hans Moke","Suarez Gomez, Julio",1/2-1/2,36,white,"Niemann, Hans Moke",Qc4,1,Qc4,18,17,18
230,2. Tras-os-Montes Open,2021.08.21,4.6,"Niemann, Hans Moke","Suarez Gomez, Julio",1/2-1/2,37,black,"Suarez Gomez, Julio",b6,2,Bc8,18,17,18
230,2. Tras-os-Montes Open,2021.08.21,4.6,"Niemann, Hans Moke","Suarez Gomez, Julio",1/2-1/2,38,white,"Niemann, Hans Moke",Nd4,1,Nd4,17,16,17
230,2. Tras-os-Montes Open,2021.08.21,4.6,"Niemann, Hans Moke","Suarez Gomez, Julio",1/2-1/2,39,black,"Suarez Gomez, Julio",Bxd4,2,Bg4,18,17,18
230,2. Tras-os-Montes Open,2021.08.21,4.6,"Niemann, Hans Moke","Suarez Gomez, Julio",1/2-1/2,40,white,"Niemann, Hans Moke",cxd4,1,cxd4,17,16,17
230,2. Tras-os-Montes Open,2021.08.21,4.6,"Niemann, Hans Moke","Suarez Gomez, Julio",1/2-1/2,41,black,"Suarez Gomez, Julio",Re7,1,Re7,19,18,19
230,2. Tras-os-Montes Open,2021.08.21,4.6,"Niemann, Hans Moke","Suarez Gomez, Julio",1/2-1/2,42,white,"Niemann, Hans Moke",Rac1,1,Rac1,19,18,19
230,2. Tras-os-Montes Open,2021.08.21,4.6,"Niemann, Hans Moke","Suarez Gomez, Julio",1/2-1/2,43,black,"Suarez Gomez, Julio",Rd8,1,Rd8,19,19,19
230,2. Tras-os-Montes Open,2021.08.21,4.6,"Niemann, Hans Moke","Suarez Gomez, Julio",1/2-1/2,44,white,"Niemann, Hans Moke",dxc5,1,dxc5,18,18,18
230,2. Tras-os-Montes Open,2021.08.21,4.6,"Niemann, Hans Moke","Suarez Gomez, Julio",1/2-1/2,45,black,"Suarez Gomez, Julio",bxc5,1,bxc5,16,16,16
230,2. Tras-os-Montes Open,2021.08.21,4.6,"Niemann, Hans Moke","Suarez Gomez, Julio",1/2-1/2,46,white,"Niemann, Hans Moke",h3,1,h3,20,19,20
230,2. Tras-os-Montes Open,2021.08.21,4.6,"Niemann, Hans Moke","Suarez Gomez, Julio",1/2-1/2,47,black,"Suarez Gomez, Julio",Red7,1,Red7,18,17,18
230,2. Tras-os-Montes Open,2021.08.21,4.6,"Niemann, Hans Moke","Suarez Gomez, Julio",1/2-1/2,48,white,"Niemann, Hans Moke",Bf3,2,Qb3,19,18,19
230,2. Tras-os-Montes Open,2021.08.21,4.6,"Niemann, Hans Moke","Suarez Gomez, Julio",1/2-1/2,49,black,"Suarez Gomez, Julio",Rxd1+,1,Rxd1+,20,19,20
230,2. Tras-os-Montes Open,2021.08.21,4.6,"Niemann, Hans Moke","Suarez Gomez, Julio",1/2-1/2,50,white,"Niemann, Hans Moke",Rxd1,1,Rxd1,21,20,21
230,2. Tras-os-Montes Open,2021.08.21,4.6,"Niemann, Hans Moke","Suarez Gomez, Julio",1/2-1/2,51,black,"Suarez Gomez, Julio",Rxd1+,1,Rxd1+,18,18,18
230,2. Tras-os-Montes Open,2021.08.21,4.6,"Niemann, Hans Moke","Suarez Gomez, Julio",1/2-1/2,52,white,"Niemann, Hans Moke",Bxd1,1,Bxd1,26,25,26
230,2. Tras-os-Montes Open,2021.08.21,4.6,"Niemann, Hans Moke","Suarez Gomez, Julio",1/2-1/2,53,black,"Suarez Gomez, Julio",Qd6,6,Qb6,23,23,23
230,2. Tras-os-Montes Open,2021.08.21,4.6,"Niemann, Hans Moke","Suarez Gomez, Julio",1/2-1/2,54,white,"Niemann, Hans Moke",Be2,1,Be2,20,19,20
230,2. Tras-os-Montes Open,2021.08.21,4.6,"Niemann, Hans Moke","Suarez Gomez, Julio",1/2-1/2,55,black,"Suarez Gomez, Julio",Be6,5,g6,20,19,20
230,2. Tras-os-Montes Open,2021.08.21,4.6,"Niemann, Hans Moke","Suarez Gomez, Julio",1/2-1/2,56,white,"Niemann, Hans Moke",Qb5,1,Qb5,20,19,20
230,2. Tras-os-Montes Open,2021.08.21,4.6,"Niemann, Hans Moke","Suarez Gomez, Julio",1/2-1/2,57,black,"Suarez Gomez, Julio",Bd5,4,Kh7,20,19,20
230,2. Tras-os-Montes Open,2021.08.21,4.6,"Niemann, Hans Moke","Suarez Gomez, Julio",1/2-1/2,58,white,"Niemann, Hans Moke",Qe8+,2,h4,24,23,24
230,2. Tras-os-Montes Open,2021.08.21,4.6,"Niemann, Hans Moke","Suarez Gomez, Julio",1/2-1/2,59,black,"Suarez Gomez, Julio",Kh7,1,Kh7,29,29,29
230,2. Tras-os-Montes Open,2021.08.21,4.6,"Niemann, Hans Moke","Suarez Gomez, Julio",1/2-1/2,60,white,"Niemann, Hans Moke",Qe3,5,h4,26,25,26
230,2. Tras-os-Montes Open,2021.08.21,4.6,"Niemann, Hans Moke","Suarez Gomez, Julio",1/2-1/2,61,black,"Suarez Gomez, Julio",g6,1,g6,19,18,19
230,2. Tras-os-Montes Open,2021.08.21,4.6,"Niemann, Hans Moke","Suarez Gomez, Julio",1/2-1/2,62,white,"Niemann, Hans Moke",h4,2,Qc3,25,24,25
230,2. Tras-os-Montes Open,2021.08.21,4.6,"Niemann, Hans Moke","Suarez Gomez, Julio",1/2-1/2,63,black,"Suarez Gomez, Julio",Qe6,2,h5,20,19,20
230,2. Tras-os-Montes Open,2021.08.21,4.6,"Niemann, Hans Moke","Suarez Gomez, Julio",1/2-1/2,64,white,"Niemann, Hans Moke",Qxc5,1,Qxc5,23,22,23
230,2. Tras-os-Montes Open,2021.08.21,4.6,"Niemann, Hans Moke","Suarez Gomez, Julio",1/2-1/2,65,black,"Suarez Gomez, Julio",Qxe2,1,Qxe2,18,17,18
230,2. Tras-os-Montes Open,2021.08.21,4.6,"Niemann, Hans Moke","Suarez Gomez, Julio",1/2-1/2,66,white,"Niemann, Hans Moke",Qxd5,1,Qxd5,21,20,21
230,2. Tras-os-Montes Open,2021.08.21,4.6,"Niemann, Hans Moke","Suarez Gomez, Julio",1/2-1/2,67,black,"Suarez Gomez, Julio",Qe1+,1,Qe1+,16,15,16
230,2. Tras-os-Montes Open,2021.08.21,4.6,"Niemann, Hans Moke","Suarez Gomez, Julio",1/2-1/2,68,white,"Niemann, Hans Moke",Kh2,1,Kh2,40,40,40
230,2. Tras-os-Montes Open,2021.08.21,4.6,"Niemann, Hans Moke","Suarez Gomez, Julio",1/2-1/2,69,black,"Suarez Gomez, Julio",Qxf2,1,Qxf2,16,15,16
230,2. Tras-os-Montes Open,2021.08.21,4.6,"Niemann, Hans Moke","Suarez Gomez, Julio",1/2-1/2,70,white,"Niemann, Hans Moke",Kh3,2,Qc4,31,30,31
230,2. Tras-os-Montes Open,2021.08.21,4.6,"Niemann, Hans Moke","Suarez Gomez, Julio",1/2-1/2,71,black,"Suarez Gomez, Julio",Qe3+,1,Qe3+,25,25,25
230,2. Tras-os-Montes Open,2021.08.21,4.6,"Niemann, Hans Moke","Suarez Gomez, Julio",1/2-1/2,72,white,"Niemann, Hans Moke",Kh2,3,g3,22,22,22
230,2. Tras-os-Montes Open,2021.08.21,4.6,"Niemann, Hans Moke","Suarez Gomez, Julio",1/2-1/2,73,black,"Suarez Gomez, Julio",Qf4+,2,Kg7,21,20,21
230,2. Tras-os-Montes Open,2021.08.21,4.6,"Niemann, Hans Moke","Suarez Gomez, Julio",1/2-1/2,74,white,"Niemann, Hans Moke",g3,2,Kg1,33,32,33
230,2. Tras-os-Montes Open,2021.08.21,4.6,"Niemann, Hans Moke","Suarez Gomez, Julio",1/2-1/2,75,black,"Suarez Gomez, Julio",Qf1,2,Qf2+,19,18,19
230,2. Tras-os-Montes Open,2021.08.21,4.6,"Niemann, Hans Moke","Suarez Gomez, Julio",1/2-1/2,76,white,"Niemann, Hans Moke",g4,7,Qb7,28,27,28
230,2. Tras-os-Montes Open,2021.08.21,4.6,"Niemann, Hans Moke","Suarez Gomez, Julio",1/2-1/2,77,black,"Suarez Gomez, Julio",Qxa6,9,Qf6,27,26,27
230,2. Tras-os-Montes Open,2021.08.21,4.6,"Niemann, Hans Moke","Suarez Gomez, Julio",1/2-1/2,78,white,"Niemann, Hans Moke",Qxf7+,1,Qxf7+,19,19,19
230,2. Tras-os-Montes Open,2021.08.21,4.6,"Niemann, Hans Moke","Suarez Gomez, Julio",1/2-1/2,79,black,"Suarez Gomez, Julio",Kh8,1,Kh8,37,37,37
230,2. Tras-os-Montes Open,2021.08.21,4.6,"Niemann, Hans Moke","Suarez Gomez, Julio",1/2-1/2,80,white,"Niemann, Hans Moke",Qf8+,1,Qf8+,28,27,28
230,2. Tras-os-Montes Open,2021.08.21,4.6,"Niemann, Hans Moke","Suarez Gomez, Julio",1/2-1/2,81,black,"Suarez Gomez, Julio",Kh7,1,Kh7,39,39,39
230,2. Tras-os-Montes Open,2021.08.21,4.6,"Niemann, Hans Moke","Suarez Gomez, Julio",1/2-1/2,82,white,"Niemann, Hans Moke",Qe7+,2,Qf7+,28,27,28
230,2. Tras-os-Montes Open,2021.08.21,4.6,"Niemann, Hans Moke","Suarez Gomez, Julio",1/2-1/2,83,black,"Suarez Gomez, Julio",Kg8,1,Kg8,38,38,38
230,2. Tras-os-Montes Open,2021.08.21,4.6,"Niemann, Hans Moke","Suarez Gomez, Julio",1/2-1/2,84,white,"Niemann, Hans Moke",Kg2,9,Qe8+,28,27,28
230,2. Tras-os-Montes Open,2021.08.21,4.6,"Niemann, Hans Moke","Suarez Gomez, Julio",1/2-1/2,85,black,"Suarez Gomez, Julio",Qc6+,3,Qc4,27,26,27
230,2. Tras-os-Montes Open,2021.08.21,4.6,"Niemann, Hans Moke","Suarez Gomez, Julio",1/2-1/2,86,white,"Niemann, Hans Moke",Kg3,1,Kg3,27,27,27
230,2. Tras-os-Montes Open,2021.08.21,4.6,"Niemann, Hans Moke","Suarez Gomez, Julio",1/2-1/2,87,black,"Suarez Gomez, Julio",Qb6,1,Qb6,27,27,27
230,2. Tras-os-Montes Open,2021.08.21,4.6,"Niemann, Hans Moke","Suarez Gomez, Julio",1/2-1/2,88,white,"Niemann, Hans Moke",Qe8+,1,Qe8+,26,25,26
230,2. Tras-os-Montes Open,2021.08.21,4.6,"Niemann, Hans Moke","Suarez Gomez, Julio",1/2-1/2,89,black,"Suarez Gomez, Julio",Kg7,1,Kg7,32,31,32
230,2. Tras-os-Montes Open,2021.08.21,4.6,"Niemann, Hans Moke","Suarez Gomez, Julio",1/2-1/2,90,white,"Niemann, Hans Moke",Qe5+,2,Qe7+,29,28,29
230,2. Tras-os-Montes Open,2021.08.21,4.6,"Niemann, Hans Moke","Suarez Gomez, Julio",1/2-1/2,91,black,"Suarez Gomez, Julio",Kh7,2,Kf7,30,29,30
230,2. Tras-os-Montes Open,2021.08.21,4.6,"Niemann, Hans Moke","Suarez Gomez, Julio",1/2-1/2,92,white,"Niemann, Hans Moke",Kf3,2,h5,29,28,29
230,2. Tras-os-Montes Open,2021.08.21,4.6,"Niemann, Hans Moke","Suarez Gomez, Julio",1/2-1/2,93,black,"Suarez Gomez, Julio",Qc6+,2,a5,29,28,29
230,2. Tras-os-Montes Open,2021.08.21,4.6,"Niemann, Hans Moke","Suarez Gomez, Julio",1/2-1/2,94,white,"Niemann, Hans Moke",Ke3,1,Ke3,26,26,26
230,2. Tras-os-Montes Open,2021.08.21,4.6,"Niemann, Hans Moke","Suarez Gomez, Julio",1/2-1/2,95,black,"Suarez Gomez, Julio",Qc1+,1,Qc1+,27,26,27
230,2. Tras-os-Montes Open,2021.08.21,4.6,"Niemann, Hans Moke","Suarez Gomez, Julio",1/2-1/2,96,white,"Niemann, Hans Moke",Ke4,1,Ke4,29,29,29
230,2. Tras-os-Montes Open,2021.08.21,4.6,"Niemann, Hans Moke","Suarez Gomez, Julio",1/2-1/2,97,black,"Suarez Gomez, Julio",Qc2+,10,Qe1+,29,28,29
230,2. Tras-os-Montes Open,2021.08.21,4.6,"Niemann, Hans Moke","Suarez Gomez, Julio",1/2-1/2,98,white,"Niemann, Hans Moke",Kd5,1,Kd5,33,33,33
230,2. Tras-os-Montes Open,2021.08.21,4.6,"Niemann, Hans Moke","Suarez Gomez, Julio",1/2-1/2,99,black,"Suarez Gomez, Julio",Qb3+,4,a5,22,22,22
230,2. Tras-os-Montes Open,2021.08.21,4.6,"Niemann, Hans Moke","Suarez Gomez, Julio",1/2-1/2,100,white,"Niemann, Hans Moke",Kc5,2,Ke4,34,34,34
230,2. Tras-os-Montes Open,2021.08.21,4.6,"Niemann, Hans Moke","Suarez Gomez, Julio",1/2-1/2,101,black,"Suarez Gomez, Julio",Qb6+,1,Qb6+,20,19,20
230,2. Tras-os-Montes Open,2021.08.21,4.6,"Niemann, Hans Moke","Suarez Gomez, Julio",1/2-1/2,102,white,"Niemann, Hans Moke",Kc4,1,Kc4,38,38,38
230,2. Tras-os-Montes Open,2021.08.21,4.6,"Niemann, Hans Moke","Suarez Gomez, Julio",1/2-1/2,103,black,"Suarez Gomez, Julio",Qc6+,3,a5,22,22,22
230,2. Tras-os-Montes Open,2021.08.21,4.6,"Niemann, Hans Moke","Suarez Gomez, Julio",1/2-1/2,104,white,"Niemann, Hans Moke",Kb4,4,Kd4,33,32,33
230,2. Tras-os-Montes Open,2021.08.21,4.6,"Niemann, Hans Moke","Suarez Gomez, Julio",1/2-1/2,105,black,"Suarez Gomez, Julio",Qb7+,1,Qb7+,20,20,20
230,2. Tras-os-Montes Open,2021.08.21,4.6,"Niemann, Hans Moke","Suarez Gomez, Julio",1/2-1/2,106,white,"Niemann, Hans Moke",Ka5,1,Ka5,31,30,31
230,2. Tras-os-Montes Open,2021.08.21,4.6,"Niemann, Hans Moke","Suarez Gomez, Julio",1/2-1/2,107,black,"Suarez Gomez, Julio",Qb6+,1,Qb6+,20,19,20
230,2. Tras-os-Montes Open,2021.08.21,4.6,"Niemann, Hans Moke","Suarez Gomez, Julio",1/2-1/2,108,white,"Niemann, Hans Moke",Ka4,1,Ka4,41,41,41
230,2. Tras-os-Montes Open,2021.08.21,4.6,"Niemann, Hans Moke","Suarez Gomez, Julio",1/2-1/2,109,black,"Suarez Gomez, Julio",Qa6+,1,Qa6+,21,20,21
230,2. Tras-os-Montes Open,2021.08.21,4.6,"Niemann, Hans Moke","Suarez Gomez, Julio",1/2-1/2,110,white,"Niemann, Hans Moke",Qa5,3,Kb4,36,36,36
230,2. Tras-os-Montes Open,2021.08.21,4.6,"Niemann, Hans Moke","Suarez Gomez, Julio",1/2-1/2,111,black,"Suarez Gomez, Julio",Qc6+,3,Qc4+,20,19,20
230,2. Tras-os-Montes Open,2021.08.21,4.6,"Niemann, Hans Moke","Suarez Gomez, Julio",1/2-1/2,112,white,"Niemann, Hans Moke",Qb5,1,Qb5,33,33,33
230,2. Tras-os-Montes Open,2021.08.21,4.6,"Niemann, Hans Moke","Suarez Gomez, Julio",1/2-1/2,113,black,"Suarez Gomez, Julio",Qc7,4,Qc8,21,20,21
230,2. Tras-os-Montes Open,2021.08.21,4.6,"Niemann, Hans Moke","Suarez Gomez, Julio",1/2-1/2,114,white,"Niemann, Hans Moke",b3,1,b3,26,26,26
230,2. Tras-os-Montes Open,2021.08.21,4.6,"Niemann, Hans Moke","Suarez Gomez, Julio",1/2-1/2,115,black,"Suarez Gomez, Julio",Kg7,2,a6,21,20,21
230,2. Tras-os-Montes Open,2021.08.21,4.6,"Niemann, Hans Moke","Suarez Gomez, Julio",1/2-1/2,116,white,"Niemann, Hans Moke",g5,1,g5,26,25,26
230,2. Tras-os-Montes Open,2021.08.21,4.6,"Niemann, Hans Moke","Suarez Gomez, Julio",1/2-1/2,117,black,"Suarez Gomez, Julio",hxg5,1,hxg5,21,20,21
230,2. Tras-os-Montes Open,2021.08.21,4.6,"Niemann, Hans Moke","Suarez Gomez, Julio",1/2-1/2,118,white,"Niemann, Hans Moke",hxg5,1,hxg5,18,17,18
230,2. Tras-os-Montes Open,2021.08.21,4.6,"Niemann, Hans Moke","Suarez Gomez, Julio",1/2-1/2,119,black,"Suarez Gomez, Julio",Kh7,3,Qd8,21,20,21
230,2. Tras-os-Montes Open,2021.08.21,4.6,"Niemann, Hans Moke","Suarez Gomez, Julio",1/2-1/2,120,white,"Niemann, Hans Moke",Qd5,2,Kb4,31,30,31
230,2. Tras-os-Montes Open,2021.08.21,4.6,"Niemann, Hans Moke","Suarez Gomez, Julio",1/2-1/2,121,black,"Suarez Gomez, Julio",Kg7,9,a6,20,19,20
230,2. Tras-os-Montes Open,2021.08.21,4.6,"Niemann, Hans Moke","Suarez Gomez, Julio",1/2-1/2,122,white,"Niemann, Hans Moke",Qd4+,1,Qd4+,28,27,28
230,2. Tras-os-Montes Open,2021.08.21,4.6,"Niemann, Hans Moke","Suarez Gomez, Julio",1/2-1/2,123,black,"Suarez Gomez, Julio",Kf7,2,Kh7,26,25,26
230,2. Tras-os-Montes Open,2021.08.21,4.6,"Niemann, Hans Moke","Suarez Gomez, Julio",1/2-1/2,124,white,"Niemann, Hans Moke",Qf6+,1,Qf6+,22,21,22
230,2. Tras-os-Montes Open,2021.08.21,4.6,"Niemann, Hans Moke","Suarez Gomez, Julio",1/2-1/2,125,black,"Suarez Gomez, Julio",Kg8,1,Kg8,31,30,31
230,2. Tras-os-Montes Open,2021.08.21,4.6,"Niemann, Hans Moke","Suarez Gomez, Julio",1/2-1/2,126,white,"Niemann, Hans Moke",Qxg6+,1,Qxg6+,26,25,26
230,2. Tras-os-Montes Open,2021.08.21,4.6,"Niemann, Hans Moke","Suarez Gomez, Julio",1/2-1/2,127,black,"Suarez Gomez, Julio",Kh8,1,Kh8,31,31,31
230,2. Tras-os-Montes Open,2021.08.21,4.6,"Niemann, Hans Moke","Suarez Gomez, Julio",1/2-1/2,128,white,"Niemann, Hans Moke",Qf6+,3,Qh6+,21,20,21
230,2. Tras-os-Montes Open,2021.08.21,4.6,"Niemann, Hans Moke","Suarez Gomez, Julio",1/2-1/2,129,black,"Suarez Gomez, Julio",Kg8,1,Kg8,30,30,30
230,2. Tras-os-Montes Open,2021.08.21,4.6,"Niemann, Hans Moke","Suarez Gomez, Julio",1/2-1/2,130,white,"Niemann, Hans Moke",g6,10,Qe6+,22,21,22
230,2. Tras-os-Montes Open,2021.08.21,4.6,"Niemann, Hans Moke","Suarez Gomez, Julio",1/2-1/2,131,black,"Suarez Gomez, Julio",Qd7+,1,Qd7+,22,21,22
230,2. Tras-os-Montes Open,2021.08.21,4.6,"Niemann, Hans Moke","Suarez Gomez, Julio",1/2-1/2,132,white,"Niemann, Hans Moke",Ka3,1,Ka3,31,31,31
230,2. Tras-os-Montes Open,2021.08.21,4.6,"Niemann, Hans Moke","Suarez Gomez, Julio",1/2-1/2,133,black,"Suarez Gomez, Julio",Qc7,3,Qd5,23,22,23
230,2. Tras-os-Montes Open,2021.08.21,4.6,"Niemann, Hans Moke","Suarez Gomez, Julio",1/2-1/2,134,white,"Niemann, Hans Moke",Kb4,7,b4,24,23,24
230,2. Tras-os-Montes Open,2021.08.21,4.6,"Niemann, Hans Moke","Suarez Gomez, Julio",1/2-1/2,135,black,"Suarez Gomez, Julio",a5+,4,Qb7+,25,24,25
230,2. Tras-os-Montes Open,2021.08.21,4.6,"Niemann, Hans Moke","Suarez Gomez, Julio",1/2-1/2,136,white,"Niemann, Hans Moke",Kb5,1,Kb5,30,30,30
230,2. Tras-os-Montes Open,2021.08.21,4.6,"Niemann, Hans Moke","Suarez Gomez, Julio",1/2-1/2,137,black,"Suarez Gomez, Julio",Qb7+,1,Qb7+,26,25,26
230,2. Tras-os-Montes Open,2021.08.21,4.6,"Niemann, Hans Moke","Suarez Gomez, Julio",1/2-1/2,138,white,"Niemann, Hans Moke",Qb6,1,Qb6,35,35,35
230,2. Tras-os-Montes Open,2021.08.21,4.6,"Niemann, Hans Moke","Suarez Gomez, Julio",1/2-1/2,139,black,"Suarez Gomez, Julio",Qd5+,1,Qd5+,22,21,22
230,2. Tras-os-Montes Open,2021.08.21,4.6,"Niemann, Hans Moke","Suarez Gomez, Julio",1/2-1/2,140,white,"Niemann, Hans Moke",Ka6,2,Ka4,31,30,31
230,2. Tras-os-Montes Open,2021.08.21,4.6,"Niemann, Hans Moke","Suarez Gomez, Julio",1/2-1/2,141,black,"Suarez Gomez, Julio",Qa8+,1,Qa8+,21,20,21
230,2. Tras-os-Montes Open,2021.08.21,4.6,"Niemann, Hans Moke","Suarez Gomez, Julio",1/2-1/2,142,white,"Niemann, Hans Moke",Qa7,2,Kb5,35,34,35
230,2. Tras-os-Montes Open,2021.08.21,4.6,"Niemann, Hans Moke","Suarez Gomez, Julio",1/2-1/2,143,black,"Suarez Gomez, Julio",Qc6+,1,Qc6+,23,22,23
230,2. Tras-os-Montes Open,2021.08.21,4.6,"Niemann, Hans Moke","Suarez Gomez, Julio",1/2-1/2,144,white,"Niemann, Hans Moke",Kxa5,2,Qb6,37,37,37
230,2. Tras-os-Montes Open,2021.08.21,4.6,"Niemann, Hans Moke","Suarez Gomez, Julio",1/2-1/2,145,black,"Suarez Gomez, Julio",Qc3+,1,Qc3+,24,23,24
230,2. Tras-os-Montes Open,2021.08.21,4.6,"Niemann, Hans Moke","Suarez Gomez, Julio",1/2-1/2,146,white,"Niemann, Hans Moke",Kb5,4,Ka6,33,32,33
230,2. Tras-os-Montes Open,2021.08.21,4.6,"Niemann, Hans Moke","Suarez Gomez, Julio",1/2-1/2,147,black,"Suarez Gomez, Julio",Qxb3+,1,Qxb3+,24,23,24
230,2. Tras-os-Montes Open,2021.08.21,4.6,"Niemann, Hans Moke","Suarez Gomez, Julio",1/2-1/2,148,white,"Niemann, Hans Moke",Kc6,1,Kc6,34,33,34
230,2. Tras-os-Montes Open,2021.08.21,4.6,"Niemann, Hans Moke","Suarez Gomez, Julio",1/2-1/2,149,black,"Suarez Gomez, Julio",Qe6+,2,Qc2+,32,31,32
231,2. Tras-os-Montes Open,2021.08.22,7.4,"Niemann, Hans Moke","Storme, Isak",1-0,0,white,"Niemann, Hans Moke",c4,B,,,,
231,2. Tras-os-Montes Open,2021.08.22,7.4,"Niemann, Hans Moke","Storme, Isak",1-0,1,black,"Storme, Isak",e5,B,,,,
231,2. Tras-os-Montes Open,2021.08.22,7.4,"Niemann, Hans Moke","Storme, Isak",1-0,2,white,"Niemann, Hans Moke",g3,B,,,,
231,2. Tras-os-Montes Open,2021.08.22,7.4,"Niemann, Hans Moke","Storme, Isak",1-0,3,black,"Storme, Isak",Nf6,B,,,,
231,2. Tras-os-Montes Open,2021.08.22,7.4,"Niemann, Hans Moke","Storme, Isak",1-0,4,white,"Niemann, Hans Moke",Bg2,B,,,,
231,2. Tras-os-Montes Open,2021.08.22,7.4,"Niemann, Hans Moke","Storme, Isak",1-0,5,black,"Storme, Isak",c6,B,,,,
231,2. Tras-os-Montes Open,2021.08.22,7.4,"Niemann, Hans Moke","Storme, Isak",1-0,6,white,"Niemann, Hans Moke",d4,B,,,,
231,2. Tras-os-Montes Open,2021.08.22,7.4,"Niemann, Hans Moke","Storme, Isak",1-0,7,black,"Storme, Isak",e4,B,,,,
231,2. Tras-os-Montes Open,2021.08.22,7.4,"Niemann, Hans Moke","Storme, Isak",1-0,8,white,"Niemann, Hans Moke",Bg5,3,d5,18,17,18
231,2. Tras-os-Montes Open,2021.08.22,7.4,"Niemann, Hans Moke","Storme, Isak",1-0,9,black,"Storme, Isak",d5,1,d5,18,17,18
231,2. Tras-os-Montes Open,2021.08.22,7.4,"Niemann, Hans Moke","Storme, Isak",1-0,10,white,"Niemann, Hans Moke",Bxf6,1,Bxf6,18,17,18
231,2. Tras-os-Montes Open,2021.08.22,7.4,"Niemann, Hans Moke","Storme, Isak",1-0,11,black,"Storme, Isak",Qxf6,1,Qxf6,18,17,18
231,2. Tras-os-Montes Open,2021.08.22,7.4,"Niemann, Hans Moke","Storme, Isak",1-0,12,white,"Niemann, Hans Moke",Nc3,1,Nc3,18,17,18
231,2. Tras-os-Montes Open,2021.08.22,7.4,"Niemann, Hans Moke","Storme, Isak",1-0,13,black,"Storme, Isak",Bb4,1,Bb4,17,16,17
231,2. Tras-os-Montes Open,2021.08.22,7.4,"Niemann, Hans Moke","Storme, Isak",1-0,14,white,"Niemann, Hans Moke",e3,1,e3,18,17,18
231,2. Tras-os-Montes Open,2021.08.22,7.4,"Niemann, Hans Moke","Storme, Isak",1-0,15,black,"Storme, Isak",O-O,6,Bxc3+,18,17,18
231,2. Tras-os-Montes Open,2021.08.22,7.4,"Niemann, Hans Moke","Storme, Isak",1-0,16,white,"Niemann, Hans Moke",Ne2,1,Ne2,18,18,18
231,2. Tras-os-Montes Open,2021.08.22,7.4,"Niemann, Hans Moke","Storme, Isak",1-0,17,black,"Storme, Isak",Nd7,4,Bxc3+,17,17,17
231,2. Tras-os-Montes Open,2021.08.22,7.4,"Niemann, Hans Moke","Storme, Isak",1-0,18,white,"Niemann, Hans Moke",Qb3,1,Qb3,18,17,18
231,2. Tras-os-Montes Open,2021.08.22,7.4,"Niemann, Hans Moke","Storme, Isak",1-0,19,black,"Storme, Isak",Qd6,1,Qd6,18,17,18
231,2. Tras-os-Montes Open,2021.08.22,7.4,"Niemann, Hans Moke","Storme, Isak",1-0,20,white,"Niemann, Hans Moke",O-O,1,O-O,18,17,18
231,2. Tras-os-Montes Open,2021.08.22,7.4,"Niemann, Hans Moke","Storme, Isak",1-0,21,black,"Storme, Isak",Bxc3,1,Bxc3,19,18,19
231,2. Tras-os-Montes Open,2021.08.22,7.4,"Niemann, Hans Moke","Storme, Isak",1-0,22,white,"Niemann, Hans Moke",Nxc3,1,Nxc3,18,17,18
231,2. Tras-os-Montes Open,2021.08.22,7.4,"Niemann, Hans Moke","Storme, Isak",1-0,23,black,"Storme, Isak",Nf6,1,Nf6,18,18,18
231,2. Tras-os-Montes Open,2021.08.22,7.4,"Niemann, Hans Moke","Storme, Isak",1-0,24,white,"Niemann, Hans Moke",cxd5,1,cxd5,18,17,18
231,2. Tras-os-Montes Open,2021.08.22,7.4,"Niemann, Hans Moke","Storme, Isak",1-0,25,black,"Storme, Isak",cxd5,1,cxd5,18,17,18
231,2. Tras-os-Montes Open,2021.08.22,7.4,"Niemann, Hans Moke","Storme, Isak",1-0,26,white,"Niemann, Hans Moke",Nb5,1,Nb5,19,19,19
231,2. Tras-os-Montes Open,2021.08.22,7.4,"Niemann, Hans Moke","Storme, Isak",1-0,27,black,"Storme, Isak",Qb6,1,Qb6,18,17,18
231,2. Tras-os-Montes Open,2021.08.22,7.4,"Niemann, Hans Moke","Storme, Isak",1-0,28,white,"Niemann, Hans Moke",Rfc1,1,Rfc1,18,17,18
231,2. Tras-os-Montes Open,2021.08.22,7.4,"Niemann, Hans Moke","Storme, Isak",1-0,29,black,"Storme, Isak",Bd7,1,Bd7,19,19,19
231,2. Tras-os-Montes Open,2021.08.22,7.4,"Niemann, Hans Moke","Storme, Isak",1-0,30,white,"Niemann, Hans Moke",Nc7,1,Nc7,19,18,19
231,2. Tras-os-Montes Open,2021.08.22,7.4,"Niemann, Hans Moke","Storme, Isak",1-0,31,black,"Storme, Isak",Qxb3,2,Rac8,20,19,20
231,2. Tras-os-Montes Open,2021.08.22,7.4,"Niemann, Hans Moke","Storme, Isak",1-0,32,white,"Niemann, Hans Moke",axb3,1,axb3,18,17,18
231,2. Tras-os-Montes Open,2021.08.22,7.4,"Niemann, Hans Moke","Storme, Isak",1-0,33,black,"Storme, Isak",Rac8,1,Rac8,19,18,19
231,2. Tras-os-Montes Open,2021.08.22,7.4,"Niemann, Hans Moke","Storme, Isak",1-0,34,white,"Niemann, Hans Moke",Bf1,1,Bf1,20,19,20
231,2. Tras-os-Montes Open,2021.08.22,7.4,"Niemann, Hans Moke","Storme, Isak",1-0,35,black,"Storme, Isak",a6,1,a6,20,19,20
231,2. Tras-os-Montes Open,2021.08.22,7.4,"Niemann, Hans Moke","Storme, Isak",1-0,36,white,"Niemann, Hans Moke",b4,3,Rc3,18,18,18
231,2. Tras-os-Montes Open,2021.08.22,7.4,"Niemann, Hans Moke","Storme, Isak",1-0,37,black,"Storme, Isak",Bc6,>10,Rfd8,18,17,18
231,2. Tras-os-Montes Open,2021.08.22,7.4,"Niemann, Hans Moke","Storme, Isak",1-0,38,white,"Niemann, Hans Moke",Nxa6,1,Nxa6,19,18,19
231,2. Tras-os-Montes Open,2021.08.22,7.4,"Niemann, Hans Moke","Storme, Isak",1-0,39,black,"Storme, Isak",bxa6,1,bxa6,18,17,18
231,2. Tras-os-Montes Open,2021.08.22,7.4,"Niemann, Hans Moke","Storme, Isak",1-0,40,white,"Niemann, Hans Moke",Bxa6,1,Bxa6,19,18,19
231,2. Tras-os-Montes Open,2021.08.22,7.4,"Niemann, Hans Moke","Storme, Isak",1-0,41,black,"Storme, Isak",Bd7,2,Rb8,18,17,18
231,2. Tras-os-Montes Open,2021.08.22,7.4,"Niemann, Hans Moke","Storme, Isak",1-0,42,white,"Niemann, Hans Moke",Bxc8,1,Bxc8,19,18,19
231,2. Tras-os-Montes Open,2021.08.22,7.4,"Niemann, Hans Moke","Storme, Isak",1-0,43,black,"Storme, Isak",Bxc8,1,Bxc8,18,17,18
231,2. Tras-os-Montes Open,2021.08.22,7.4,"Niemann, Hans Moke","Storme, Isak",1-0,44,white,"Niemann, Hans Moke",Ra8,1,Ra8,19,18,19
231,2. Tras-os-Montes Open,2021.08.22,7.4,"Niemann, Hans Moke","Storme, Isak",1-0,45,black,"Storme, Isak",Bd7,1,Bd7,19,18,19
231,2. Tras-os-Montes Open,2021.08.22,7.4,"Niemann, Hans Moke","Storme, Isak",1-0,46,white,"Niemann, Hans Moke",Rxf8+,1,Rxf8+,20,19,20
231,2. Tras-os-Montes Open,2021.08.22,7.4,"Niemann, Hans Moke","Storme, Isak",1-0,47,black,"Storme, Isak",Kxf8,1,Kxf8,29,29,29
231,2. Tras-os-Montes Open,2021.08.22,7.4,"Niemann, Hans Moke","Storme, Isak",1-0,48,white,"Niemann, Hans Moke",Rc5,1,Rc5,19,18,19
231,2. Tras-os-Montes Open,2021.08.22,7.4,"Niemann, Hans Moke","Storme, Isak",1-0,49,black,"Storme, Isak",Ke7,1,Ke7,20,19,20
231,2. Tras-os-Montes Open,2021.08.22,7.4,"Niemann, Hans Moke","Storme, Isak",1-0,50,white,"Niemann, Hans Moke",b5,1,b5,20,20,20
231,2. Tras-os-Montes Open,2021.08.22,7.4,"Niemann, Hans Moke","Storme, Isak",1-0,51,black,"Storme, Isak",Kd6,2,Kd8,18,17,18
231,2. Tras-os-Montes Open,2021.08.22,7.4,"Niemann, Hans Moke","Storme, Isak",1-0,52,white,"Niemann, Hans Moke",b4,2,Kf1,19,19,19
231,2. Tras-os-Montes Open,2021.08.22,7.4,"Niemann, Hans Moke","Storme, Isak",1-0,53,black,"Storme, Isak",Ne8,1,Ne8,17,16,17
231,2. Tras-os-Montes Open,2021.08.22,7.4,"Niemann, Hans Moke","Storme, Isak",1-0,54,white,"Niemann, Hans Moke",Kf1,3,Kh1,19,18,19
231,2. Tras-os-Montes Open,2021.08.22,7.4,"Niemann, Hans Moke","Storme, Isak",1-0,55,black,"Storme, Isak",g5,7,Bh3+,17,16,17
231,2. Tras-os-Montes Open,2021.08.22,7.4,"Niemann, Hans Moke","Storme, Isak",1-0,56,white,"Niemann, Hans Moke",Ke1,1,Ke1,18,18,18
231,2. Tras-os-Montes Open,2021.08.22,7.4,"Niemann, Hans Moke","Storme, Isak",1-0,57,black,"Storme, Isak",f5,3,f6,17,16,17
231,2. Tras-os-Montes Open,2021.08.22,7.4,"Niemann, Hans Moke","Storme, Isak",1-0,58,white,"Niemann, Hans Moke",Kd1,3,Kd2,18,17,18
231,2. Tras-os-Montes Open,2021.08.22,7.4,"Niemann, Hans Moke","Storme, Isak",1-0,59,black,"Storme, Isak",h6,2,h5,17,16,17
231,2. Tras-os-Montes Open,2021.08.22,7.4,"Niemann, Hans Moke","Storme, Isak",1-0,60,white,"Niemann, Hans Moke",Kc2,1,Kc2,20,20,20
231,2. Tras-os-Montes Open,2021.08.22,7.4,"Niemann, Hans Moke","Storme, Isak",1-0,61,black,"Storme, Isak",Ke7,2,f4,17,16,17
231,2. Tras-os-Montes Open,2021.08.22,7.4,"Niemann, Hans Moke","Storme, Isak",1-0,62,white,"Niemann, Hans Moke",b6,1,b6,19,18,19
231,2. Tras-os-Montes Open,2021.08.22,7.4,"Niemann, Hans Moke","Storme, Isak",1-0,63,black,"Storme, Isak",Nd6,1,Nd6,15,14,15
231,2. Tras-os-Montes Open,2021.08.22,7.4,"Niemann, Hans Moke","Storme, Isak",1-0,64,white,"Niemann, Hans Moke",Rxd5,7,b5,19,18,19
231,2. Tras-os-Montes Open,2021.08.22,7.4,"Niemann, Hans Moke","Storme, Isak",1-0,65,black,"Storme, Isak",Bc6,3,Nb7,18,18,18
231,2. Tras-os-Montes Open,2021.08.22,7.4,"Niemann, Hans Moke","Storme, Isak",1-0,66,white,"Niemann, Hans Moke",Rc5,1,Rc5,17,16,17
231,2. Tras-os-Montes Open,2021.08.22,7.4,"Niemann, Hans Moke","Storme, Isak",1-0,67,black,"Storme, Isak",Kd7,3,Bb7,17,16,17
231,2. Tras-os-Montes Open,2021.08.22,7.4,"Niemann, Hans Moke","Storme, Isak",1-0,68,white,"Niemann, Hans Moke",d5,2,Kc3,18,17,18
231,2. Tras-os-Montes Open,2021.08.22,7.4,"Niemann, Hans Moke","Storme, Isak",1-0,69,black,"Storme, Isak",Ba8,1,Ba8,16,15,16
231,2. Tras-os-Montes Open,2021.08.22,7.4,"Niemann, Hans Moke","Storme, Isak",1-0,70,white,"Niemann, Hans Moke",Kc3,1,Kc3,19,19,19
231,2. Tras-os-Montes Open,2021.08.22,7.4,"Niemann, Hans Moke","Storme, Isak",1-0,71,black,"Storme, Isak",Bb7,8,Kd8,16,15,16
231,2. Tras-os-Montes Open,2021.08.22,7.4,"Niemann, Hans Moke","Storme, Isak",1-0,72,white,"Niemann, Hans Moke",Kd4,1,Kd4,18,17,18
231,2. Tras-os-Montes Open,2021.08.22,7.4,"Niemann, Hans Moke","Storme, Isak",1-0,73,black,"Storme, Isak",Ba6,5,Kd8,16,15,16
231,2. Tras-os-Montes Open,2021.08.22,7.4,"Niemann, Hans Moke","Storme, Isak",1-0,74,white,"Niemann, Hans Moke",Rc7+,1,Rc7+,17,17,17
231,2. Tras-os-Montes Open,2021.08.22,7.4,"Niemann, Hans Moke","Storme, Isak",1-0,75,black,"Storme, Isak",Kd8,1,Kd8,19,19,19
232,2. Tras-os-Montes Open,2021.08.23,8.3,"Beerdsen, Thomas","Niemann, Hans Moke",1/2-1/2,0,white,"Beerdsen, Thomas",e4,B,,,,
232,2. Tras-os-Montes Open,2021.08.23,8.3,"Beerdsen, Thomas","Niemann, Hans Moke",1/2-1/2,1,black,"Niemann, Hans Moke",c6,B,,,,
232,2. Tras-os-Montes Open,2021.08.23,8.3,"Beerdsen, Thomas","Niemann, Hans Moke",1/2-1/2,2,white,"Beerdsen, Thomas",Nc3,B,,,,
232,2. Tras-os-Montes Open,2021.08.23,8.3,"Beerdsen, Thomas","Niemann, Hans Moke",1/2-1/2,3,black,"Niemann, Hans Moke",d5,B,,,,
232,2. Tras-os-Montes Open,2021.08.23,8.3,"Beerdsen, Thomas","Niemann, Hans Moke",1/2-1/2,4,white,"Beerdsen, Thomas",Nf3,B,,,,
232,2. Tras-os-Montes Open,2021.08.23,8.3,"Beerdsen, Thomas","Niemann, Hans Moke",1/2-1/2,5,black,"Niemann, Hans Moke",Bg4,B,,,,
232,2. Tras-os-Montes Open,2021.08.23,8.3,"Beerdsen, Thomas","Niemann, Hans Moke",1/2-1/2,6,white,"Beerdsen, Thomas",h3,B,,,,
232,2. Tras-os-Montes Open,2021.08.23,8.3,"Beerdsen, Thomas","Niemann, Hans Moke",1/2-1/2,7,black,"Niemann, Hans Moke",Bxf3,B,,,,
232,2. Tras-os-Montes Open,2021.08.23,8.3,"Beerdsen, Thomas","Niemann, Hans Moke",1/2-1/2,8,white,"Beerdsen, Thomas",Qxf3,B,,,,
232,2. Tras-os-Montes Open,2021.08.23,8.3,"Beerdsen, Thomas","Niemann, Hans Moke",1/2-1/2,9,black,"Niemann, Hans Moke",e6,B,,,,
232,2. Tras-os-Montes Open,2021.08.23,8.3,"Beerdsen, Thomas","Niemann, Hans Moke",1/2-1/2,10,white,"Beerdsen, Thomas",d4,B,,,,
232,2. Tras-os-Montes Open,2021.08.23,8.3,"Beerdsen, Thomas","Niemann, Hans Moke",1/2-1/2,11,black,"Niemann, Hans Moke",Nf6,B,,,,
232,2. Tras-os-Montes Open,2021.08.23,8.3,"Beerdsen, Thomas","Niemann, Hans Moke",1/2-1/2,12,white,"Beerdsen, Thomas",e5,>10,exd5,17,16,17
232,2. Tras-os-Montes Open,2021.08.23,8.3,"Beerdsen, Thomas","Niemann, Hans Moke",1/2-1/2,13,black,"Niemann, Hans Moke",Nfd7,1,Nfd7,17,16,17
232,2. Tras-os-Montes Open,2021.08.23,8.3,"Beerdsen, Thomas","Niemann, Hans Moke",1/2-1/2,14,white,"Beerdsen, Thomas",Bd3,5,Bf4,17,16,17
232,2. Tras-os-Montes Open,2021.08.23,8.3,"Beerdsen, Thomas","Niemann, Hans Moke",1/2-1/2,15,black,"Niemann, Hans Moke",c5,1,c5,17,16,17
232,2. Tras-os-Montes Open,2021.08.23,8.3,"Beerdsen, Thomas","Niemann, Hans Moke",1/2-1/2,16,white,"Beerdsen, Thomas",dxc5,1,dxc5,17,16,17
232,2. Tras-os-Montes Open,2021.08.23,8.3,"Beerdsen, Thomas","Niemann, Hans Moke",1/2-1/2,17,black,"Niemann, Hans Moke",Nc6,1,Nc6,18,18,18
232,2. Tras-os-Montes Open,2021.08.23,8.3,"Beerdsen, Thomas","Niemann, Hans Moke",1/2-1/2,18,white,"Beerdsen, Thomas",Qg3,2,O-O,17,16,17
232,2. Tras-os-Montes Open,2021.08.23,8.3,"Beerdsen, Thomas","Niemann, Hans Moke",1/2-1/2,19,black,"Niemann, Hans Moke",Ndxe5,2,h5,17,16,17
232,2. Tras-os-Montes Open,2021.08.23,8.3,"Beerdsen, Thomas","Niemann, Hans Moke",1/2-1/2,20,white,"Beerdsen, Thomas",O-O,1,O-O,17,16,17
232,2. Tras-os-Montes Open,2021.08.23,8.3,"Beerdsen, Thomas","Niemann, Hans Moke",1/2-1/2,21,black,"Niemann, Hans Moke",g6,3,Qd7,17,16,17
232,2. Tras-os-Montes Open,2021.08.23,8.3,"Beerdsen, Thomas","Niemann, Hans Moke",1/2-1/2,22,white,"Beerdsen, Thomas",Re1,1,Re1,16,15,16
232,2. Tras-os-Montes Open,2021.08.23,8.3,"Beerdsen, Thomas","Niemann, Hans Moke",1/2-1/2,23,black,"Niemann, Hans Moke",Nxd3,1,Nxd3,17,16,17
232,2. Tras-os-Montes Open,2021.08.23,8.3,"Beerdsen, Thomas","Niemann, Hans Moke",1/2-1/2,24,white,"Beerdsen, Thomas",Bg5,1,Bg5,17,16,17
232,2. Tras-os-Montes Open,2021.08.23,8.3,"Beerdsen, Thomas","Niemann, Hans Moke",1/2-1/2,25,black,"Niemann, Hans Moke",Be7,1,Be7,18,17,18
232,2. Tras-os-Montes Open,2021.08.23,8.3,"Beerdsen, Thomas","Niemann, Hans Moke",1/2-1/2,26,white,"Beerdsen, Thomas",Bxe7,1,Bxe7,18,17,18
232,2. Tras-os-Montes Open,2021.08.23,8.3,"Beerdsen, Thomas","Niemann, Hans Moke",1/2-1/2,27,black,"Niemann, Hans Moke",Qxe7,3,Nxe7,19,18,19
232,2. Tras-os-Montes Open,2021.08.23,8.3,"Beerdsen, Thomas","Niemann, Hans Moke",1/2-1/2,28,white,"Beerdsen, Thomas",Nxd5,1,Nxd5,18,17,18
232,2. Tras-os-Montes Open,2021.08.23,8.3,"Beerdsen, Thomas","Niemann, Hans Moke",1/2-1/2,29,black,"Niemann, Hans Moke",Qxc5,1,Qxc5,17,17,17
232,2. Tras-os-Montes Open,2021.08.23,8.3,"Beerdsen, Thomas","Niemann, Hans Moke",1/2-1/2,30,white,"Beerdsen, Thomas",Nf6+,1,Nf6+,17,16,17
232,2. Tras-os-Montes Open,2021.08.23,8.3,"Beerdsen, Thomas","Niemann, Hans Moke",1/2-1/2,31,black,"Niemann, Hans Moke",Ke7,1,Ke7,21,21,21
232,2. Tras-os-Montes Open,2021.08.23,8.3,"Beerdsen, Thomas","Niemann, Hans Moke",1/2-1/2,32,white,"Beerdsen, Thomas",Ne4,1,Ne4,16,15,16
232,2. Tras-os-Montes Open,2021.08.23,8.3,"Beerdsen, Thomas","Niemann, Hans Moke",1/2-1/2,33,black,"Niemann, Hans Moke",Qd4,3,Qe5,17,17,17
232,2. Tras-os-Montes Open,2021.08.23,8.3,"Beerdsen, Thomas","Niemann, Hans Moke",1/2-1/2,34,white,"Beerdsen, Thomas",Rad1,1,Rad1,17,16,17
232,2. Tras-os-Montes Open,2021.08.23,8.3,"Beerdsen, Thomas","Niemann, Hans Moke",1/2-1/2,35,black,"Niemann, Hans Moke",Rhd8,2,Ncb4,17,16,17
232,2. Tras-os-Montes Open,2021.08.23,8.3,"Beerdsen, Thomas","Niemann, Hans Moke",1/2-1/2,36,white,"Beerdsen, Thomas",Rxd3,2,Qh4+,17,17,17
232,2. Tras-os-Montes Open,2021.08.23,8.3,"Beerdsen, Thomas","Niemann, Hans Moke",1/2-1/2,37,black,"Niemann, Hans Moke",Qe5,1,Qe5,17,16,17
232,2. Tras-os-Montes Open,2021.08.23,8.3,"Beerdsen, Thomas","Niemann, Hans Moke",1/2-1/2,38,white,"Beerdsen, Thomas",Rb3,1,Rb3,18,17,18
232,2. Tras-os-Montes Open,2021.08.23,8.3,"Beerdsen, Thomas","Niemann, Hans Moke",1/2-1/2,39,black,"Niemann, Hans Moke",Rab8,4,Qxg3,18,17,18
232,2. Tras-os-Montes Open,2021.08.23,8.3,"Beerdsen, Thomas","Niemann, Hans Moke",1/2-1/2,40,white,"Beerdsen, Thomas",Qh4+,1,Qh4+,17,16,17
232,2. Tras-os-Montes Open,2021.08.23,8.3,"Beerdsen, Thomas","Niemann, Hans Moke",1/2-1/2,41,black,"Niemann, Hans Moke",Kf8,1,Kf8,17,16,17
232,2. Tras-os-Montes Open,2021.08.23,8.3,"Beerdsen, Thomas","Niemann, Hans Moke",1/2-1/2,42,white,"Beerdsen, Thomas",Rbe3,4,Rf3,16,15,16
232,2. Tras-os-Montes Open,2021.08.23,8.3,"Beerdsen, Thomas","Niemann, Hans Moke",1/2-1/2,43,black,"Niemann, Hans Moke",Qg7,2,Qh5,16,16,16
232,2. Tras-os-Montes Open,2021.08.23,8.3,"Beerdsen, Thomas","Niemann, Hans Moke",1/2-1/2,44,white,"Beerdsen, Thomas",Nf6,>10,c3,16,15,16
232,2. Tras-os-Montes Open,2021.08.23,8.3,"Beerdsen, Thomas","Niemann, Hans Moke",1/2-1/2,45,black,"Niemann, Hans Moke",h6,1,h6,16,15,16
232,2. Tras-os-Montes Open,2021.08.23,8.3,"Beerdsen, Thomas","Niemann, Hans Moke",1/2-1/2,46,white,"Beerdsen, Thomas",Ng4,1,Ng4,17,16,17
232,2. Tras-os-Montes Open,2021.08.23,8.3,"Beerdsen, Thomas","Niemann, Hans Moke",1/2-1/2,47,black,"Niemann, Hans Moke",Rd5,1,Rd5,17,16,17
232,2. Tras-os-Montes Open,2021.08.23,8.3,"Beerdsen, Thomas","Niemann, Hans Moke",1/2-1/2,48,white,"Beerdsen, Thomas",c4,9,Qxh6,17,16,17
232,2. Tras-os-Montes Open,2021.08.23,8.3,"Beerdsen, Thomas","Niemann, Hans Moke",1/2-1/2,49,black,"Niemann, Hans Moke",Rd4,1,Rd4,16,16,16
232,2. Tras-os-Montes Open,2021.08.23,8.3,"Beerdsen, Thomas","Niemann, Hans Moke",1/2-1/2,50,white,"Beerdsen, Thomas",Qg3,1,Qg3,17,16,17
232,2. Tras-os-Montes Open,2021.08.23,8.3,"Beerdsen, Thomas","Niemann, Hans Moke",1/2-1/2,51,black,"Niemann, Hans Moke",h5,3,Rbd8,17,16,17
232,2. Tras-os-Montes Open,2021.08.23,8.3,"Beerdsen, Thomas","Niemann, Hans Moke",1/2-1/2,52,white,"Beerdsen, Thomas",Ne5,1,Ne5,18,18,18
232,2. Tras-os-Montes Open,2021.08.23,8.3,"Beerdsen, Thomas","Niemann, Hans Moke",1/2-1/2,53,black,"Niemann, Hans Moke",Nxe5,2,Rbd8,19,18,19
232,2. Tras-os-Montes Open,2021.08.23,8.3,"Beerdsen, Thomas","Niemann, Hans Moke",1/2-1/2,54,white,"Beerdsen, Thomas",Rxe5,1,Rxe5,17,16,17
232,2. Tras-os-Montes Open,2021.08.23,8.3,"Beerdsen, Thomas","Niemann, Hans Moke",1/2-1/2,55,black,"Niemann, Hans Moke",Rbd8,2,Rc8,18,17,18
232,2. Tras-os-Montes Open,2021.08.23,8.3,"Beerdsen, Thomas","Niemann, Hans Moke",1/2-1/2,56,white,"Beerdsen, Thomas",Qa3+,1,Qa3+,18,17,18
232,2. Tras-os-Montes Open,2021.08.23,8.3,"Beerdsen, Thomas","Niemann, Hans Moke",1/2-1/2,57,black,"Niemann, Hans Moke",Kg8,1,Kg8,21,21,21
232,2. Tras-os-Montes Open,2021.08.23,8.3,"Beerdsen, Thomas","Niemann, Hans Moke",1/2-1/2,58,white,"Beerdsen, Thomas",Qxa7,1,Qxa7,18,18,18
232,2. Tras-os-Montes Open,2021.08.23,8.3,"Beerdsen, Thomas","Niemann, Hans Moke",1/2-1/2,59,black,"Niemann, Hans Moke",Rd1,4,Rd2,18,17,18
232,2. Tras-os-Montes Open,2021.08.23,8.3,"Beerdsen, Thomas","Niemann, Hans Moke",1/2-1/2,60,white,"Beerdsen, Thomas",Qe3,1,Qe3,20,19,20
232,2. Tras-os-Montes Open,2021.08.23,8.3,"Beerdsen, Thomas","Niemann, Hans Moke",1/2-1/2,61,black,"Niemann, Hans Moke",Qf6,1,Qf6,18,17,18
232,2. Tras-os-Montes Open,2021.08.23,8.3,"Beerdsen, Thomas","Niemann, Hans Moke",1/2-1/2,62,white,"Beerdsen, Thomas",Rxd1,5,b3,21,20,21
232,2. Tras-os-Montes Open,2021.08.23,8.3,"Beerdsen, Thomas","Niemann, Hans Moke",1/2-1/2,63,black,"Niemann, Hans Moke",Rxd1+,1,Rxd1+,17,16,17
232,2. Tras-os-Montes Open,2021.08.23,8.3,"Beerdsen, Thomas","Niemann, Hans Moke",1/2-1/2,64,white,"Beerdsen, Thomas",Kh2,1,Kh2,25,24,25
232,2. Tras-os-Montes Open,2021.08.23,8.3,"Beerdsen, Thomas","Niemann, Hans Moke",1/2-1/2,65,black,"Niemann, Hans Moke",Rd3,2,Rb1,18,17,18
232,2. Tras-os-Montes Open,2021.08.23,8.3,"Beerdsen, Thomas","Niemann, Hans Moke",1/2-1/2,66,white,"Beerdsen, Thomas",Rxe6,1,Rxe6,19,18,19
232,2. Tras-os-Montes Open,2021.08.23,8.3,"Beerdsen, Thomas","Niemann, Hans Moke",1/2-1/2,67,black,"Niemann, Hans Moke",Qxe6,1,Qxe6,17,16,17
232,2. Tras-os-Montes Open,2021.08.23,8.3,"Beerdsen, Thomas","Niemann, Hans Moke",1/2-1/2,68,white,"Beerdsen, Thomas",Qxd3,1,Qxd3,17,16,17
232,2. Tras-os-Montes Open,2021.08.23,8.3,"Beerdsen, Thomas","Niemann, Hans Moke",1/2-1/2,69,black,"Niemann, Hans Moke",Qe5+,1,Qe5+,19,18,19
232,2. Tras-os-Montes Open,2021.08.23,8.3,"Beerdsen, Thomas","Niemann, Hans Moke",1/2-1/2,70,white,"Beerdsen, Thomas",Qg3,2,f4,27,26,27
232,2. Tras-os-Montes Open,2021.08.23,8.3,"Beerdsen, Thomas","Niemann, Hans Moke",1/2-1/2,71,black,"Niemann, Hans Moke",Qxb2,1,Qxb2,19,18,19
232,2. Tras-os-Montes Open,2021.08.23,8.3,"Beerdsen, Thomas","Niemann, Hans Moke",1/2-1/2,72,white,"Beerdsen, Thomas",c5,3,a4,28,28,28
232,2. Tras-os-Montes Open,2021.08.23,8.3,"Beerdsen, Thomas","Niemann, Hans Moke",1/2-1/2,73,black,"Niemann, Hans Moke",Kg7,2,Qxa2,22,21,22
232,2. Tras-os-Montes Open,2021.08.23,8.3,"Beerdsen, Thomas","Niemann, Hans Moke",1/2-1/2,74,white,"Beerdsen, Thomas",a3,1,a3,28,28,28
232,2. Tras-os-Montes Open,2021.08.23,8.3,"Beerdsen, Thomas","Niemann, Hans Moke",1/2-1/2,75,black,"Niemann, Hans Moke",Qd4,1,Qd4,21,21,21
232,2. Tras-os-Montes Open,2021.08.23,8.3,"Beerdsen, Thomas","Niemann, Hans Moke",1/2-1/2,76,white,"Beerdsen, Thomas",Qe3,1,Qe3,27,26,27
232,2. Tras-os-Montes Open,2021.08.23,8.3,"Beerdsen, Thomas","Niemann, Hans Moke",1/2-1/2,77,black,"Niemann, Hans Moke",Qxe3,1,Qxe3,20,19,20
232,2. Tras-os-Montes Open,2021.08.23,8.3,"Beerdsen, Thomas","Niemann, Hans Moke",1/2-1/2,78,white,"Beerdsen, Thomas",fxe3,1,fxe3,16,15,16
232,2. Tras-os-Montes Open,2021.08.23,8.3,"Beerdsen, Thomas","Niemann, Hans Moke",1/2-1/2,79,black,"Niemann, Hans Moke",Kf6,1,Kf6,16,15,16
232,2. Tras-os-Montes Open,2021.08.23,8.3,"Beerdsen, Thomas","Niemann, Hans Moke",1/2-1/2,80,white,"Beerdsen, Thomas",a4,4,g4,22,22,22
232,2. Tras-os-Montes Open,2021.08.23,8.3,"Beerdsen, Thomas","Niemann, Hans Moke",1/2-1/2,81,black,"Niemann, Hans Moke",Ke6,2,Ke5,15,14,15
232,2. Tras-os-Montes Open,2021.08.23,8.3,"Beerdsen, Thomas","Niemann, Hans Moke",1/2-1/2,82,white,"Beerdsen, Thomas",e4,2,c6,18,17,18
232,2. Tras-os-Montes Open,2021.08.23,8.3,"Beerdsen, Thomas","Niemann, Hans Moke",1/2-1/2,83,black,"Niemann, Hans Moke",Kd7,2,f6,17,16,17
232,2. Tras-os-Montes Open,2021.08.23,8.3,"Beerdsen, Thomas","Niemann, Hans Moke",1/2-1/2,84,white,"Beerdsen, Thomas",Kg3,1,Kg3,19,18,19
232,2. Tras-os-Montes Open,2021.08.23,8.3,"Beerdsen, Thomas","Niemann, Hans Moke",1/2-1/2,85,black,"Niemann, Hans Moke",Kc6,1,Kc6,16,15,16
232,2. Tras-os-Montes Open,2021.08.23,8.3,"Beerdsen, Thomas","Niemann, Hans Moke",1/2-1/2,86,white,"Beerdsen, Thomas",Kf4,1,Kf4,20,20,20
232,2. Tras-os-Montes Open,2021.08.23,8.3,"Beerdsen, Thomas","Niemann, Hans Moke",1/2-1/2,87,black,"Niemann, Hans Moke",f6,1,f6,18,17,18
232,2. Tras-os-Montes Open,2021.08.23,8.3,"Beerdsen, Thomas","Niemann, Hans Moke",1/2-1/2,88,white,"Beerdsen, Thomas",e5,1,e5,26,25,26
232,2. Tras-os-Montes Open,2021.08.23,8.3,"Beerdsen, Thomas","Niemann, Hans Moke",1/2-1/2,89,black,"Niemann, Hans Moke",fxe5+,1,fxe5+,16,15,16
232,2. Tras-os-Montes Open,2021.08.23,8.3,"Beerdsen, Thomas","Niemann, Hans Moke",1/2-1/2,90,white,"Beerdsen, Thomas",Kxe5,1,Kxe5,20,19,20
232,2. Tras-os-Montes Open,2021.08.23,8.3,"Beerdsen, Thomas","Niemann, Hans Moke",1/2-1/2,91,black,"Niemann, Hans Moke",Kxc5,1,Kxc5,20,19,20
232,2. Tras-os-Montes Open,2021.08.23,8.3,"Beerdsen, Thomas","Niemann, Hans Moke",1/2-1/2,92,white,"Beerdsen, Thomas",Kf6,1,Kf6,22,21,22
232,2. Tras-os-Montes Open,2021.08.23,8.3,"Beerdsen, Thomas","Niemann, Hans Moke",1/2-1/2,93,black,"Niemann, Hans Moke",Kb4,1,Kb4,20,19,20
232,2. Tras-os-Montes Open,2021.08.23,8.3,"Beerdsen, Thomas","Niemann, Hans Moke",1/2-1/2,94,white,"Beerdsen, Thomas",Kxg6,1,Kxg6,20,19,20
232,2. Tras-os-Montes Open,2021.08.23,8.3,"Beerdsen, Thomas","Niemann, Hans Moke",1/2-1/2,95,black,"Niemann, Hans Moke",Kxa4,2,h4,28,27,28
232,2. Tras-os-Montes Open,2021.08.23,8.3,"Beerdsen, Thomas","Niemann, Hans Moke",1/2-1/2,96,white,"Beerdsen, Thomas",Kxh5,1,Kxh5,24,23,24
232,2. Tras-os-Montes Open,2021.08.23,8.3,"Beerdsen, Thomas","Niemann, Hans Moke",1/2-1/2,97,black,"Niemann, Hans Moke",b5,1,b5,25,24,25
232,2. Tras-os-Montes Open,2021.08.23,8.3,"Beerdsen, Thomas","Niemann, Hans Moke",1/2-1/2,98,white,"Beerdsen, Thomas",g4,1,g4,25,25,25
232,2. Tras-os-Montes Open,2021.08.23,8.3,"Beerdsen, Thomas","Niemann, Hans Moke",1/2-1/2,99,black,"Niemann, Hans Moke",b4,1,b4,24,23,24
232,2. Tras-os-Montes Open,2021.08.23,8.3,"Beerdsen, Thomas","Niemann, Hans Moke",1/2-1/2,100,white,"Beerdsen, Thomas",g5,1,g5,27,26,27
232,2. Tras-os-Montes Open,2021.08.23,8.3,"Beerdsen, Thomas","Niemann, Hans Moke",1/2-1/2,101,black,"Niemann, Hans Moke",b3,1,b3,26,25,26
232,2. Tras-os-Montes Open,2021.08.23,8.3,"Beerdsen, Thomas","Niemann, Hans Moke",1/2-1/2,102,white,"Beerdsen, Thomas",g6,1,g6,24,23,24
232,2. Tras-os-Montes Open,2021.08.23,8.3,"Beerdsen, Thomas","Niemann, Hans Moke",1/2-1/2,103,black,"Niemann, Hans Moke",b2,1,b2,28,28,28
232,2. Tras-os-Montes Open,2021.08.23,8.3,"Beerdsen, Thomas","Niemann, Hans Moke",1/2-1/2,104,white,"Beerdsen, Thomas",g7,1,g7,27,26,27
232,2. Tras-os-Montes Open,2021.08.23,8.3,"Beerdsen, Thomas","Niemann, Hans Moke",1/2-1/2,105,black,"Niemann, Hans Moke",b1=Q,1,b1=Q,21,20,21
232,2. Tras-os-Montes Open,2021.08.23,8.3,"Beerdsen, Thomas","Niemann, Hans Moke",1/2-1/2,106,white,"Beerdsen, Thomas",g8=Q,1,g8=Q,26,25,26
232,2. Tras-os-Montes Open,2021.08.23,8.3,"Beerdsen, Thomas","Niemann, Hans Moke",1/2-1/2,107,black,"Niemann, Hans Moke",Qf5+,1,Qf5+,22,21,22
232,2. Tras-os-Montes Open,2021.08.23,8.3,"Beerdsen, Thomas","Niemann, Hans Moke",1/2-1/2,108,white,"Beerdsen, Thomas",Kh4,1,Kh4,32,32,32
232,2. Tras-os-Montes Open,2021.08.23,8.3,"Beerdsen, Thomas","Niemann, Hans Moke",1/2-1/2,109,black,"Niemann, Hans Moke",Qf2+,1,Qf2+,25,24,25
232,2. Tras-os-Montes Open,2021.08.23,8.3,"Beerdsen, Thomas","Niemann, Hans Moke",1/2-1/2,110,white,"Beerdsen, Thomas",Qg3,2,Kh5,30,29,30
232,2. Tras-os-Montes Open,2021.08.23,8.3,"Beerdsen, Thomas","Niemann, Hans Moke",1/2-1/2,111,black,"Niemann, Hans Moke",Qf8,1,Qf8,26,25,26
232,2. Tras-os-Montes Open,2021.08.23,8.3,"Beerdsen, Thomas","Niemann, Hans Moke",1/2-1/2,112,white,"Beerdsen, Thomas",Qe3,4,Qe5,29,28,29
232,2. Tras-os-Montes Open,2021.08.23,8.3,"Beerdsen, Thomas","Niemann, Hans Moke",1/2-1/2,113,black,"Niemann, Hans Moke",Kb5,1,Kb5,28,27,28
232,2. Tras-os-Montes Open,2021.08.23,8.3,"Beerdsen, Thomas","Niemann, Hans Moke",1/2-1/2,114,white,"Beerdsen, Thomas",Kg4,3,Qe6,33,33,33
232,2. Tras-os-Montes Open,2021.08.23,8.3,"Beerdsen, Thomas","Niemann, Hans Moke",1/2-1/2,115,black,"Niemann, Hans Moke",Kc6,2,Qc8+,24,23,24
232,2. Tras-os-Montes Open,2021.08.23,8.3,"Beerdsen, Thomas","Niemann, Hans Moke",1/2-1/2,116,white,"Beerdsen, Thomas",Qe6+,3,Qd3,35,34,35
232,2. Tras-os-Montes Open,2021.08.23,8.3,"Beerdsen, Thomas","Niemann, Hans Moke",1/2-1/2,117,black,"Niemann, Hans Moke",Kc7,1,Kc7,26,25,26
232,2. Tras-os-Montes Open,2021.08.23,8.3,"Beerdsen, Thomas","Niemann, Hans Moke",1/2-1/2,118,white,"Beerdsen, Thomas",h4,3,Qf5,37,37,37
232,2. Tras-os-Montes Open,2021.08.23,8.3,"Beerdsen, Thomas","Niemann, Hans Moke",1/2-1/2,119,black,"Niemann, Hans Moke",Qg7+,3,Kd8,23,23,23
232,2. Tras-os-Montes Open,2021.08.23,8.3,"Beerdsen, Thomas","Niemann, Hans Moke",1/2-1/2,120,white,"Beerdsen, Thomas",Kf5,1,Kf5,31,30,31
232,2. Tras-os-Montes Open,2021.08.23,8.3,"Beerdsen, Thomas","Niemann, Hans Moke",1/2-1/2,121,black,"Niemann, Hans Moke",Qh7+,1,Qh7+,23,22,23
232,2. Tras-os-Montes Open,2021.08.23,8.3,"Beerdsen, Thomas","Niemann, Hans Moke",1/2-1/2,122,white,"Beerdsen, Thomas",Kg5,2,Kg4,29,28,29
232,2. Tras-os-Montes Open,2021.08.23,8.3,"Beerdsen, Thomas","Niemann, Hans Moke",1/2-1/2,123,black,"Niemann, Hans Moke",Kd8,2,Qg7+,21,20,21
232,2. Tras-os-Montes Open,2021.08.23,8.3,"Beerdsen, Thomas","Niemann, Hans Moke",1/2-1/2,124,white,"Beerdsen, Thomas",h5,3,Qb6+,40,39,40
232,2. Tras-os-Montes Open,2021.08.23,8.3,"Beerdsen, Thomas","Niemann, Hans Moke",1/2-1/2,125,black,"Niemann, Hans Moke",Qg7+,2,Qe7+,21,20,21
232,2. Tras-os-Montes Open,2021.08.23,8.3,"Beerdsen, Thomas","Niemann, Hans Moke",1/2-1/2,126,white,"Beerdsen, Thomas",Kf5,3,Qg6,43,42,43
232,2. Tras-os-Montes Open,2021.08.23,8.3,"Beerdsen, Thomas","Niemann, Hans Moke",1/2-1/2,127,black,"Niemann, Hans Moke",Qh7+,1,Qh7+,19,18,19
232,2. Tras-os-Montes Open,2021.08.23,8.3,"Beerdsen, Thomas","Niemann, Hans Moke",1/2-1/2,128,white,"Beerdsen, Thomas",Qg6,1,Qg6,37,36,37
232,2. Tras-os-Montes Open,2021.08.23,8.3,"Beerdsen, Thomas","Niemann, Hans Moke",1/2-1/2,129,black,"Niemann, Hans Moke",Qd7+,1,Qd7+,28,27,28
232,2. Tras-os-Montes Open,2021.08.23,8.3,"Beerdsen, Thomas","Niemann, Hans Moke",1/2-1/2,130,white,"Beerdsen, Thomas",Kg5,6,Kf4,42,41,42
232,2. Tras-os-Montes Open,2021.08.23,8.3,"Beerdsen, Thomas","Niemann, Hans Moke",1/2-1/2,131,black,"Niemann, Hans Moke",Qd2+,1,Qd2+,5,5,5
232,2. Tras-os-Montes Open,2021.08.23,8.3,"Beerdsen, Thomas","Niemann, Hans Moke",1/2-1/2,132,white,"Beerdsen, Thomas",Kf6,1,Kf6,46,45,46
232,2. Tras-os-Montes Open,2021.08.23,8.3,"Beerdsen, Thomas","Niemann, Hans Moke",1/2-1/2,133,black,"Niemann, Hans Moke",Qf4+,1,Qf4+,19,18,19
232,2. Tras-os-Montes Open,2021.08.23,8.3,"Beerdsen, Thomas","Niemann, Hans Moke",1/2-1/2,134,white,"Beerdsen, Thomas",Kg7,1,Kg7,46,46,46
232,2. Tras-os-Montes Open,2021.08.23,8.3,"Beerdsen, Thomas","Niemann, Hans Moke",1/2-1/2,135,black,"Niemann, Hans Moke",Ke7,1,Ke7,7,7,7
232,2. Tras-os-Montes Open,2021.08.23,8.3,"Beerdsen, Thomas","Niemann, Hans Moke",1/2-1/2,136,white,"Beerdsen, Thomas",h6,>10,Kh7,35,34,35
232,2. Tras-os-Montes Open,2021.08.23,8.3,"Beerdsen, Thomas","Niemann, Hans Moke",1/2-1/2,137,black,"Niemann, Hans Moke",Qf8+,1,Qf8+,14,13,14
232,2. Tras-os-Montes Open,2021.08.23,8.3,"Beerdsen, Thomas","Niemann, Hans Moke",1/2-1/2,138,white,"Beerdsen, Thomas",Kh7,1,Kh7,58,58,58
232,2. Tras-os-Montes Open,2021.08.23,8.3,"Beerdsen, Thomas","Niemann, Hans Moke",1/2-1/2,139,black,"Niemann, Hans Moke",Qf7+,1,Qf7+,12,11,12
232,2. Tras-os-Montes Open,2021.08.23,8.3,"Beerdsen, Thomas","Niemann, Hans Moke",1/2-1/2,140,white,"Beerdsen, Thomas",Qg7,1,Qg7,58,58,58
232,2. Tras-os-Montes Open,2021.08.23,8.3,"Beerdsen, Thomas","Niemann, Hans Moke",1/2-1/2,141,black,"Niemann, Hans Moke",Ke8,1,Ke8,11,10,11
232,2. Tras-os-Montes Open,2021.08.23,8.3,"Beerdsen, Thomas","Niemann, Hans Moke",1/2-1/2,142,white,"Beerdsen, Thomas",Kh8,1,Kh8,61,61,61
232,2. Tras-os-Montes Open,2021.08.23,8.3,"Beerdsen, Thomas","Niemann, Hans Moke",1/2-1/2,143,black,"Niemann, Hans Moke",Qf8+,1,Qf8+,10,9,10
232,2. Tras-os-Montes Open,2021.08.23,8.3,"Beerdsen, Thomas","Niemann, Hans Moke",1/2-1/2,144,white,"Beerdsen, Thomas",Qg8,1,Qg8,50,49,50
232,2. Tras-os-Montes Open,2021.08.23,8.3,"Beerdsen, Thomas","Niemann, Hans Moke",1/2-1/2,145,black,"Niemann, Hans Moke",Ke7,1,Ke7,29,28,29
232,2. Tras-os-Montes Open,2021.08.23,8.3,"Beerdsen, Thomas","Niemann, Hans Moke",1/2-1/2,146,white,"Beerdsen, Thomas",h7,3,Kh7,57,57,57
232,2. Tras-os-Montes Open,2021.08.23,8.3,"Beerdsen, Thomas","Niemann, Hans Moke",1/2-1/2,147,black,"Niemann, Hans Moke",Ke8,2,Qf4,31,30,31
232,2. Tras-os-Montes Open,2021.08.23,8.3,"Beerdsen, Thomas","Niemann, Hans Moke",1/2-1/2,148,white,"Beerdsen, Thomas",Qxf8+,1,Qxf8+,219,219,219
232,2. Tras-os-Montes Open,2021.08.23,8.3,"Beerdsen, Thomas","Niemann, Hans Moke",1/2-1/2,149,black,"Niemann, Hans Moke",Kxf8,1,Kxf8,238,238,238
233,2. Tras-os-Montes Open,2021.08.24,9.3,"Niemann, Hans Moke","Veiga, Jose Francisco R P Neves",1-0,0,white,"Niemann, Hans Moke",d4,B,,,,
233,2. Tras-os-Montes Open,2021.08.24,9.3,"Niemann, Hans Moke","Veiga, Jose Francisco R P Neves",1-0,1,black,"Veiga, Jose Francisco R P Neves",Nf6,B,,,,
233,2. Tras-os-Montes Open,2021.08.24,9.3,"Niemann, Hans Moke","Veiga, Jose Francisco R P Neves",1-0,2,white,"Niemann, Hans Moke",c4,B,,,,
233,2. Tras-os-Montes Open,2021.08.24,9.3,"Niemann, Hans Moke","Veiga, Jose Francisco R P Neves",1-0,3,black,"Veiga, Jose Francisco R P Neves",g6,B,,,,
233,2. Tras-os-Montes Open,2021.08.24,9.3,"Niemann, Hans Moke","Veiga, Jose Francisco R P Neves",1-0,4,white,"Niemann, Hans Moke",Nc3,B,,,,
233,2. Tras-os-Montes Open,2021.08.24,9.3,"Niemann, Hans Moke","Veiga, Jose Francisco R P Neves",1-0,5,black,"Veiga, Jose Francisco R P Neves",Bg7,B,,,,
233,2. Tras-os-Montes Open,2021.08.24,9.3,"Niemann, Hans Moke","Veiga, Jose Francisco R P Neves",1-0,6,white,"Niemann, Hans Moke",e4,B,,,,
233,2. Tras-os-Montes Open,2021.08.24,9.3,"Niemann, Hans Moke","Veiga, Jose Francisco R P Neves",1-0,7,black,"Veiga, Jose Francisco R P Neves",d6,B,,,,
233,2. Tras-os-Montes Open,2021.08.24,9.3,"Niemann, Hans Moke","Veiga, Jose Francisco R P Neves",1-0,8,white,"Niemann, Hans Moke",Be2,B,,,,
233,2. Tras-os-Montes Open,2021.08.24,9.3,"Niemann, Hans Moke","Veiga, Jose Francisco R P Neves",1-0,9,black,"Veiga, Jose Francisco R P Neves",O-O,B,,,,
233,2. Tras-os-Montes Open,2021.08.24,9.3,"Niemann, Hans Moke","Veiga, Jose Francisco R P Neves",1-0,10,white,"Niemann, Hans Moke",Nf3,B,,,,
233,2. Tras-os-Montes Open,2021.08.24,9.3,"Niemann, Hans Moke","Veiga, Jose Francisco R P Neves",1-0,11,black,"Veiga, Jose Francisco R P Neves",Bg4,B,,,,
233,2. Tras-os-Montes Open,2021.08.24,9.3,"Niemann, Hans Moke","Veiga, Jose Francisco R P Neves",1-0,12,white,"Niemann, Hans Moke",Be3,B,,,,
233,2. Tras-os-Montes Open,2021.08.24,9.3,"Niemann, Hans Moke","Veiga, Jose Francisco R P Neves",1-0,13,black,"Veiga, Jose Francisco R P Neves",Nfd7,B,,,,
233,2. Tras-os-Montes Open,2021.08.24,9.3,"Niemann, Hans Moke","Veiga, Jose Francisco R P Neves",1-0,14,white,"Niemann, Hans Moke",Rc1,B,,,,
233,2. Tras-os-Montes Open,2021.08.24,9.3,"Niemann, Hans Moke","Veiga, Jose Francisco R P Neves",1-0,15,black,"Veiga, Jose Francisco R P Neves",c5,B,,,,
233,2. Tras-os-Montes Open,2021.08.24,9.3,"Niemann, Hans Moke","Veiga, Jose Francisco R P Neves",1-0,16,white,"Niemann, Hans Moke",d5,B,,,,
233,2. Tras-os-Montes Open,2021.08.24,9.3,"Niemann, Hans Moke","Veiga, Jose Francisco R P Neves",1-0,17,black,"Veiga, Jose Francisco R P Neves",Na6,B,,,,
233,2. Tras-os-Montes Open,2021.08.24,9.3,"Niemann, Hans Moke","Veiga, Jose Francisco R P Neves",1-0,18,white,"Niemann, Hans Moke",O-O,B,,,,
233,2. Tras-os-Montes Open,2021.08.24,9.3,"Niemann, Hans Moke","Veiga, Jose Francisco R P Neves",1-0,19,black,"Veiga, Jose Francisco R P Neves",Nc7,B,,,,
233,2. Tras-os-Montes Open,2021.08.24,9.3,"Niemann, Hans Moke","Veiga, Jose Francisco R P Neves",1-0,20,white,"Niemann, Hans Moke",h3,B,,,,
233,2. Tras-os-Montes Open,2021.08.24,9.3,"Niemann, Hans Moke","Veiga, Jose Francisco R P Neves",1-0,21,black,"Veiga, Jose Francisco R P Neves",Bxf3,B,,,,
233,2. Tras-os-Montes Open,2021.08.24,9.3,"Niemann, Hans Moke","Veiga, Jose Francisco R P Neves",1-0,22,white,"Niemann, Hans Moke",Bxf3,B,,,,
233,2. Tras-os-Montes Open,2021.08.24,9.3,"Niemann, Hans Moke","Veiga, Jose Francisco R P Neves",1-0,23,black,"Veiga, Jose Francisco R P Neves",a6,B,,,,
233,2. Tras-os-Montes Open,2021.08.24,9.3,"Niemann, Hans Moke","Veiga, Jose Francisco R P Neves",1-0,24,white,"Niemann, Hans Moke",a4,B,,,,
233,2. Tras-os-Montes Open,2021.08.24,9.3,"Niemann, Hans Moke","Veiga, Jose Francisco R P Neves",1-0,25,black,"Veiga, Jose Francisco R P Neves",Rb8,7,e6,17,16,17
233,2. Tras-os-Montes Open,2021.08.24,9.3,"Niemann, Hans Moke","Veiga, Jose Francisco R P Neves",1-0,26,white,"Niemann, Hans Moke",Be2,1,Be2,17,16,17
233,2. Tras-os-Montes Open,2021.08.24,9.3,"Niemann, Hans Moke","Veiga, Jose Francisco R P Neves",1-0,27,black,"Veiga, Jose Francisco R P Neves",e6,4,Re8,16,15,16
233,2. Tras-os-Montes Open,2021.08.24,9.3,"Niemann, Hans Moke","Veiga, Jose Francisco R P Neves",1-0,28,white,"Niemann, Hans Moke",dxe6,1,dxe6,17,16,17
233,2. Tras-os-Montes Open,2021.08.24,9.3,"Niemann, Hans Moke","Veiga, Jose Francisco R P Neves",1-0,29,black,"Veiga, Jose Francisco R P Neves",Nxe6,1,Nxe6,18,17,18
233,2. Tras-os-Montes Open,2021.08.24,9.3,"Niemann, Hans Moke","Veiga, Jose Francisco R P Neves",1-0,30,white,"Niemann, Hans Moke",Qxd6,1,Qxd6,16,15,16
233,2. Tras-os-Montes Open,2021.08.24,9.3,"Niemann, Hans Moke","Veiga, Jose Francisco R P Neves",1-0,31,black,"Veiga, Jose Francisco R P Neves",Ne5,2,Nd4,16,15,16
233,2. Tras-os-Montes Open,2021.08.24,9.3,"Niemann, Hans Moke","Veiga, Jose Francisco R P Neves",1-0,32,white,"Niemann, Hans Moke",Qxd8,3,Qd1,18,17,18
233,2. Tras-os-Montes Open,2021.08.24,9.3,"Niemann, Hans Moke","Veiga, Jose Francisco R P Neves",1-0,33,black,"Veiga, Jose Francisco R P Neves",Rfxd8,2,Rbxd8,17,16,17
233,2. Tras-os-Montes Open,2021.08.24,9.3,"Niemann, Hans Moke","Veiga, Jose Francisco R P Neves",1-0,34,white,"Niemann, Hans Moke",Rfd1,3,Nd5,18,17,18
233,2. Tras-os-Montes Open,2021.08.24,9.3,"Niemann, Hans Moke","Veiga, Jose Francisco R P Neves",1-0,35,black,"Veiga, Jose Francisco R P Neves",Nc6,2,Nd4,16,15,16
233,2. Tras-os-Montes Open,2021.08.24,9.3,"Niemann, Hans Moke","Veiga, Jose Francisco R P Neves",1-0,36,white,"Niemann, Hans Moke",Rxd8+,5,Kf1,17,16,17
233,2. Tras-os-Montes Open,2021.08.24,9.3,"Niemann, Hans Moke","Veiga, Jose Francisco R P Neves",1-0,37,black,"Veiga, Jose Francisco R P Neves",Rxd8,1,Rxd8,21,20,21
233,2. Tras-os-Montes Open,2021.08.24,9.3,"Niemann, Hans Moke","Veiga, Jose Francisco R P Neves",1-0,38,white,"Niemann, Hans Moke",Rd1,2,Nd5,18,17,18
233,2. Tras-os-Montes Open,2021.08.24,9.3,"Niemann, Hans Moke","Veiga, Jose Francisco R P Neves",1-0,39,black,"Veiga, Jose Francisco R P Neves",Rxd1+,1,Rxd1+,17,16,17
233,2. Tras-os-Montes Open,2021.08.24,9.3,"Niemann, Hans Moke","Veiga, Jose Francisco R P Neves",1-0,40,white,"Niemann, Hans Moke",Nxd1,1,Nxd1,21,20,21
233,2. Tras-os-Montes Open,2021.08.24,9.3,"Niemann, Hans Moke","Veiga, Jose Francisco R P Neves",1-0,41,black,"Veiga, Jose Francisco R P Neves",Ned4,9,Na5,18,17,18
233,2. Tras-os-Montes Open,2021.08.24,9.3,"Niemann, Hans Moke","Veiga, Jose Francisco R P Neves",1-0,42,white,"Niemann, Hans Moke",Kf1,2,Bf1,19,18,19
233,2. Tras-os-Montes Open,2021.08.24,9.3,"Niemann, Hans Moke","Veiga, Jose Francisco R P Neves",1-0,43,black,"Veiga, Jose Francisco R P Neves",Ne5,2,Nb3,18,17,18
233,2. Tras-os-Montes Open,2021.08.24,9.3,"Niemann, Hans Moke","Veiga, Jose Francisco R P Neves",1-0,44,white,"Niemann, Hans Moke",f4,2,Bxd4,20,19,20
233,2. Tras-os-Montes Open,2021.08.24,9.3,"Niemann, Hans Moke","Veiga, Jose Francisco R P Neves",1-0,45,black,"Veiga, Jose Francisco R P Neves",Nxe2,1,Nxe2,18,17,18
233,2. Tras-os-Montes Open,2021.08.24,9.3,"Niemann, Hans Moke","Veiga, Jose Francisco R P Neves",1-0,46,white,"Niemann, Hans Moke",fxe5,1,fxe5,20,19,20
233,2. Tras-os-Montes Open,2021.08.24,9.3,"Niemann, Hans Moke","Veiga, Jose Francisco R P Neves",1-0,47,black,"Veiga, Jose Francisco R P Neves",Ng3+,1,Ng3+,18,18,18
233,2. Tras-os-Montes Open,2021.08.24,9.3,"Niemann, Hans Moke","Veiga, Jose Francisco R P Neves",1-0,48,white,"Niemann, Hans Moke",Kf2,1,Kf2,25,25,25
233,2. Tras-os-Montes Open,2021.08.24,9.3,"Niemann, Hans Moke","Veiga, Jose Francisco R P Neves",1-0,49,black,"Veiga, Jose Francisco R P Neves",Nxe4+,2,Bxe5,19,18,19
233,2. Tras-os-Montes Open,2021.08.24,9.3,"Niemann, Hans Moke","Veiga, Jose Francisco R P Neves",1-0,50,white,"Niemann, Hans Moke",Kf3,1,Kf3,23,23,23
233,2. Tras-os-Montes Open,2021.08.24,9.3,"Niemann, Hans Moke","Veiga, Jose Francisco R P Neves",1-0,51,black,"Veiga, Jose Francisco R P Neves",f5,1,f5,17,17,17
233,2. Tras-os-Montes Open,2021.08.24,9.3,"Niemann, Hans Moke","Veiga, Jose Francisco R P Neves",1-0,52,white,"Niemann, Hans Moke",exf6,1,exf6,21,20,21
233,2. Tras-os-Montes Open,2021.08.24,9.3,"Niemann, Hans Moke","Veiga, Jose Francisco R P Neves",1-0,53,black,"Veiga, Jose Francisco R P Neves",Nxf6,1,Nxf6,17,17,17
233,2. Tras-os-Montes Open,2021.08.24,9.3,"Niemann, Hans Moke","Veiga, Jose Francisco R P Neves",1-0,54,white,"Niemann, Hans Moke",Bxc5,1,Bxc5,21,20,21
233,2. Tras-os-Montes Open,2021.08.24,9.3,"Niemann, Hans Moke","Veiga, Jose Francisco R P Neves",1-0,55,black,"Veiga, Jose Francisco R P Neves",Nd7,1,Nd7,18,17,18
233,2. Tras-os-Montes Open,2021.08.24,9.3,"Niemann, Hans Moke","Veiga, Jose Francisco R P Neves",1-0,56,white,"Niemann, Hans Moke",Bd6,1,Bd6,20,19,20
233,2. Tras-os-Montes Open,2021.08.24,9.3,"Niemann, Hans Moke","Veiga, Jose Francisco R P Neves",1-0,57,black,"Veiga, Jose Francisco R P Neves",Kf7,1,Kf7,19,18,19
233,2. Tras-os-Montes Open,2021.08.24,9.3,"Niemann, Hans Moke","Veiga, Jose Francisco R P Neves",1-0,58,white,"Niemann, Hans Moke",b3,3,Ke4,19,18,19
233,2. Tras-os-Montes Open,2021.08.24,9.3,"Niemann, Hans Moke","Veiga, Jose Francisco R P Neves",1-0,59,black,"Veiga, Jose Francisco R P Neves",Ke6,1,Ke6,19,18,19
233,2. Tras-os-Montes Open,2021.08.24,9.3,"Niemann, Hans Moke","Veiga, Jose Francisco R P Neves",1-0,60,white,"Niemann, Hans Moke",Ba3,1,Ba3,19,18,19
233,2. Tras-os-Montes Open,2021.08.24,9.3,"Niemann, Hans Moke","Veiga, Jose Francisco R P Neves",1-0,61,black,"Veiga, Jose Francisco R P Neves",Ne5+,7,Bd4,19,18,19
233,2. Tras-os-Montes Open,2021.08.24,9.3,"Niemann, Hans Moke","Veiga, Jose Francisco R P Neves",1-0,62,white,"Niemann, Hans Moke",Ke4,1,Ke4,21,20,21
233,2. Tras-os-Montes Open,2021.08.24,9.3,"Niemann, Hans Moke","Veiga, Jose Francisco R P Neves",1-0,63,black,"Veiga, Jose Francisco R P Neves",Nd7,3,Nc6,18,17,18
233,2. Tras-os-Montes Open,2021.08.24,9.3,"Niemann, Hans Moke","Veiga, Jose Francisco R P Neves",1-0,64,white,"Niemann, Hans Moke",Nf2,1,Nf2,18,17,18
233,2. Tras-os-Montes Open,2021.08.24,9.3,"Niemann, Hans Moke","Veiga, Jose Francisco R P Neves",1-0,65,black,"Veiga, Jose Francisco R P Neves",Nf6+,1,Nf6+,19,18,19
233,2. Tras-os-Montes Open,2021.08.24,9.3,"Niemann, Hans Moke","Veiga, Jose Francisco R P Neves",1-0,66,white,"Niemann, Hans Moke",Kf3,1,Kf3,22,22,22
233,2. Tras-os-Montes Open,2021.08.24,9.3,"Niemann, Hans Moke","Veiga, Jose Francisco R P Neves",1-0,67,black,"Veiga, Jose Francisco R P Neves",Nd7,1,Nd7,18,17,18
233,2. Tras-os-Montes Open,2021.08.24,9.3,"Niemann, Hans Moke","Veiga, Jose Francisco R P Neves",1-0,68,white,"Niemann, Hans Moke",Nd3,2,Ke4,18,17,18
233,2. Tras-os-Montes Open,2021.08.24,9.3,"Niemann, Hans Moke","Veiga, Jose Francisco R P Neves",1-0,69,black,"Veiga, Jose Francisco R P Neves",Kf5,1,Kf5,18,17,18
233,2. Tras-os-Montes Open,2021.08.24,9.3,"Niemann, Hans Moke","Veiga, Jose Francisco R P Neves",1-0,70,white,"Niemann, Hans Moke",g4+,3,Nc5,19,19,19
233,2. Tras-os-Montes Open,2021.08.24,9.3,"Niemann, Hans Moke","Veiga, Jose Francisco R P Neves",1-0,71,black,"Veiga, Jose Francisco R P Neves",Ke6,1,Ke6,22,21,22
233,2. Tras-os-Montes Open,2021.08.24,9.3,"Niemann, Hans Moke","Veiga, Jose Francisco R P Neves",1-0,72,white,"Niemann, Hans Moke",Nc5+,5,Bb4,21,20,21
233,2. Tras-os-Montes Open,2021.08.24,9.3,"Niemann, Hans Moke","Veiga, Jose Francisco R P Neves",1-0,73,black,"Veiga, Jose Francisco R P Neves",Nxc5,1,Nxc5,19,18,19
233,2. Tras-os-Montes Open,2021.08.24,9.3,"Niemann, Hans Moke","Veiga, Jose Francisco R P Neves",1-0,74,white,"Niemann, Hans Moke",Bxc5,1,Bxc5,18,17,18
233,2. Tras-os-Montes Open,2021.08.24,9.3,"Niemann, Hans Moke","Veiga, Jose Francisco R P Neves",1-0,75,black,"Veiga, Jose Francisco R P Neves",Be5,6,h5,23,22,23
233,2. Tras-os-Montes Open,2021.08.24,9.3,"Niemann, Hans Moke","Veiga, Jose Francisco R P Neves",1-0,76,white,"Niemann, Hans Moke",Ke4,4,b4,21,20,21
233,2. Tras-os-Montes Open,2021.08.24,9.3,"Niemann, Hans Moke","Veiga, Jose Francisco R P Neves",1-0,77,black,"Veiga, Jose Francisco R P Neves",Bc7,9,Bg7,21,20,21
233,2. Tras-os-Montes Open,2021.08.24,9.3,"Niemann, Hans Moke","Veiga, Jose Francisco R P Neves",1-0,78,white,"Niemann, Hans Moke",b4,1,b4,19,18,19
233,2. Tras-os-Montes Open,2021.08.24,9.3,"Niemann, Hans Moke","Veiga, Jose Francisco R P Neves",1-0,79,black,"Veiga, Jose Francisco R P Neves",h5,1,h5,18,17,18
233,2. Tras-os-Montes Open,2021.08.24,9.3,"Niemann, Hans Moke","Veiga, Jose Francisco R P Neves",1-0,80,white,"Niemann, Hans Moke",Be3,1,Be3,19,19,19
233,2. Tras-os-Montes Open,2021.08.24,9.3,"Niemann, Hans Moke","Veiga, Jose Francisco R P Neves",1-0,81,black,"Veiga, Jose Francisco R P Neves",hxg4,4,Bd6,19,18,19
233,2. Tras-os-Montes Open,2021.08.24,9.3,"Niemann, Hans Moke","Veiga, Jose Francisco R P Neves",1-0,82,white,"Niemann, Hans Moke",hxg4,1,hxg4,16,15,16
233,2. Tras-os-Montes Open,2021.08.24,9.3,"Niemann, Hans Moke","Veiga, Jose Francisco R P Neves",1-0,83,black,"Veiga, Jose Francisco R P Neves",Bd6,1,Bd6,18,17,18
233,2. Tras-os-Montes Open,2021.08.24,9.3,"Niemann, Hans Moke","Veiga, Jose Francisco R P Neves",1-0,84,white,"Niemann, Hans Moke",c5,1,c5,19,18,19
233,2. Tras-os-Montes Open,2021.08.24,9.3,"Niemann, Hans Moke","Veiga, Jose Francisco R P Neves",1-0,85,black,"Veiga, Jose Francisco R P Neves",Be5,1,Be5,16,15,16
233,2. Tras-os-Montes Open,2021.08.24,9.3,"Niemann, Hans Moke","Veiga, Jose Francisco R P Neves",1-0,86,white,"Niemann, Hans Moke",Bd4,5,Bh6,19,18,19
233,2. Tras-os-Montes Open,2021.08.24,9.3,"Niemann, Hans Moke","Veiga, Jose Francisco R P Neves",1-0,87,black,"Veiga, Jose Francisco R P Neves",Bc7,1,Bc7,17,16,17
233,2. Tras-os-Montes Open,2021.08.24,9.3,"Niemann, Hans Moke","Veiga, Jose Francisco R P Neves",1-0,88,white,"Niemann, Hans Moke",b5,7,Bg7,19,18,19
233,2. Tras-os-Montes Open,2021.08.24,9.3,"Niemann, Hans Moke","Veiga, Jose Francisco R P Neves",1-0,89,black,"Veiga, Jose Francisco R P Neves",axb5,3,Kd7,17,16,17
233,2. Tras-os-Montes Open,2021.08.24,9.3,"Niemann, Hans Moke","Veiga, Jose Francisco R P Neves",1-0,90,white,"Niemann, Hans Moke",axb5,1,axb5,18,17,18
233,2. Tras-os-Montes Open,2021.08.24,9.3,"Niemann, Hans Moke","Veiga, Jose Francisco R P Neves",1-0,91,black,"Veiga, Jose Francisco R P Neves",Bb8,2,Kd7,17,16,17
233,2. Tras-os-Montes Open,2021.08.24,9.3,"Niemann, Hans Moke","Veiga, Jose Francisco R P Neves",1-0,92,white,"Niemann, Hans Moke",Be3,4,Bg1,20,19,20
233,2. Tras-os-Montes Open,2021.08.24,9.3,"Niemann, Hans Moke","Veiga, Jose Francisco R P Neves",1-0,93,black,"Veiga, Jose Francisco R P Neves",Bg3,2,Bc7,18,17,18
233,2. Tras-os-Montes Open,2021.08.24,9.3,"Niemann, Hans Moke","Veiga, Jose Francisco R P Neves",1-0,94,white,"Niemann, Hans Moke",Kd4,8,Bd2,19,18,19
233,2. Tras-os-Montes Open,2021.08.24,9.3,"Niemann, Hans Moke","Veiga, Jose Francisco R P Neves",1-0,95,black,"Veiga, Jose Francisco R P Neves",Be5+,3,Bc7,17,16,17
233,2. Tras-os-Montes Open,2021.08.24,9.3,"Niemann, Hans Moke","Veiga, Jose Francisco R P Neves",1-0,96,white,"Niemann, Hans Moke",Kc4,1,Kc4,22,22,22
233,2. Tras-os-Montes Open,2021.08.24,9.3,"Niemann, Hans Moke","Veiga, Jose Francisco R P Neves",1-0,97,black,"Veiga, Jose Francisco R P Neves",Bg3,4,Bh2,18,17,18
233,2. Tras-os-Montes Open,2021.08.24,9.3,"Niemann, Hans Moke","Veiga, Jose Francisco R P Neves",1-0,98,white,"Niemann, Hans Moke",Bh6,3,Kd4,21,20,21
233,2. Tras-os-Montes Open,2021.08.24,9.3,"Niemann, Hans Moke","Veiga, Jose Francisco R P Neves",1-0,99,black,"Veiga, Jose Francisco R P Neves",Ke5,2,Bh4,18,17,18
233,2. Tras-os-Montes Open,2021.08.24,9.3,"Niemann, Hans Moke","Veiga, Jose Francisco R P Neves",1-0,100,white,"Niemann, Hans Moke",Bf8,1,Bf8,19,18,19
233,2. Tras-os-Montes Open,2021.08.24,9.3,"Niemann, Hans Moke","Veiga, Jose Francisco R P Neves",1-0,101,black,"Veiga, Jose Francisco R P Neves",Ke6,2,Ke4,18,18,18
233,2. Tras-os-Montes Open,2021.08.24,9.3,"Niemann, Hans Moke","Veiga, Jose Francisco R P Neves",1-0,102,white,"Niemann, Hans Moke",c6,2,Bh6,20,19,20
233,2. Tras-os-Montes Open,2021.08.24,9.3,"Niemann, Hans Moke","Veiga, Jose Francisco R P Neves",1-0,103,black,"Veiga, Jose Francisco R P Neves",bxc6,3,Kf7,16,15,16
233,2. Tras-os-Montes Open,2021.08.24,9.3,"Niemann, Hans Moke","Veiga, Jose Francisco R P Neves",1-0,104,white,"Niemann, Hans Moke",bxc6,1,bxc6,21,21,21
233,2. Tras-os-Montes Open,2021.08.24,9.3,"Niemann, Hans Moke","Veiga, Jose Francisco R P Neves",1-0,105,black,"Veiga, Jose Francisco R P Neves",Bc7,2,g5,16,15,16
233,2. Tras-os-Montes Open,2021.08.24,9.3,"Niemann, Hans Moke","Veiga, Jose Francisco R P Neves",1-0,106,white,"Niemann, Hans Moke",Kb5,4,Bh6,18,17,18
233,2. Tras-os-Montes Open,2021.08.24,9.3,"Niemann, Hans Moke","Veiga, Jose Francisco R P Neves",1-0,107,black,"Veiga, Jose Francisco R P Neves",g5,3,Bf4,17,16,17
233,2. Tras-os-Montes Open,2021.08.24,9.3,"Niemann, Hans Moke","Veiga, Jose Francisco R P Neves",1-0,108,white,"Niemann, Hans Moke",Ka6,6,Bc5,18,18,18
233,2. Tras-os-Montes Open,2021.08.24,9.3,"Niemann, Hans Moke","Veiga, Jose Francisco R P Neves",1-0,109,black,"Veiga, Jose Francisco R P Neves",Ke5,1,Ke5,19,18,19
233,2. Tras-os-Montes Open,2021.08.24,9.3,"Niemann, Hans Moke","Veiga, Jose Francisco R P Neves",1-0,110,white,"Niemann, Hans Moke",Kb7,1,Kb7,19,18,19
233,2. Tras-os-Montes Open,2021.08.24,9.3,"Niemann, Hans Moke","Veiga, Jose Francisco R P Neves",1-0,111,black,"Veiga, Jose Francisco R P Neves",Ba5,2,Bd8,19,18,19
233,2. Tras-os-Montes Open,2021.08.24,9.3,"Niemann, Hans Moke","Veiga, Jose Francisco R P Neves",1-0,112,white,"Niemann, Hans Moke",Bb4,10,Bc5,20,20,20
233,2. Tras-os-Montes Open,2021.08.24,9.3,"Niemann, Hans Moke","Veiga, Jose Francisco R P Neves",1-0,113,black,"Veiga, Jose Francisco R P Neves",Bd8,2,Bxb4,19,18,19
233,2. Tras-os-Montes Open,2021.08.24,9.3,"Niemann, Hans Moke","Veiga, Jose Francisco R P Neves",1-0,114,white,"Niemann, Hans Moke",Be7,8,Bc5,17,16,17
